2026.03.08 16:00:39 INFO  Started: Metals version 1.6.6 in folders '/Users/vaskoyordanov/DRSystemActors' for client Cursor 1.105.1.
2026.03.08 16:00:39 INFO  Memory monitor started
2026.03.08 16:00:39 WARN  Using H2 2.4.240 which is newer than the version Flyway has been verified with. The latest verified version of H2 is 2.3.232.
2026.03.08 16:00:40 INFO  no build target found for /Users/vaskoyordanov/DRSystemActors/src/main/java/com/example/replay/package-info.java. Using fallback presentation compiler.
2026.03.08 16:00:40 INFO  no build target found for /Users/vaskoyordanov/DRSystemActors/src/main/java/com/example/replay/actors/package-info.java. Using fallback presentation compiler.
2026.03.08 16:00:40 INFO  no build target found for /Users/vaskoyordanov/DRSystemActors/src/main/java/com/example/replay/api/package-info.java. Using fallback presentation compiler.
2026.03.08 16:00:41 INFO  no build target found for /Users/vaskoyordanov/DRSystemActors/src/main/java/com/example/replay/storage/package-info.java. Using fallback presentation compiler.
2026.03.08 16:00:41 INFO  no build target found for /Users/vaskoyordanov/DRSystemActors/src/main/java/com/example/replay/datalake/package-info.java. Using fallback presentation compiler.
2026.03.08 16:00:42 INFO  no build target found for /Users/vaskoyordanov/DRSystemActors/src/main/java/com/example/replay/kafka/package-info.java. Using fallback presentation compiler.
2026.03.08 16:00:42 INFO  no build target found for /Users/vaskoyordanov/DRSystemActors/src/main/java/com/example/replay/rest/package-info.java. Using fallback presentation compiler.
2026.03.08 16:00:42 INFO  no build target found for /Users/vaskoyordanov/DRSystemActors/src/main/java/com/example/replay/model/package-info.java. Using fallback presentation compiler.
2026.03.08 16:00:42 INFO  no build target found for /Users/vaskoyordanov/DRSystemActors/src/main/java/com/example/replay/util/package-info.java. Using fallback presentation compiler.
2026.03.08 16:00:46 INFO  running '/opt/homebrew/Cellar/openjdk/23.0.2/libexec/openjdk.jdk/Contents/Home/bin/java -Dfile.encoding=UTF-8 -Dmaven.multiModuleProjectDirectory=/Users/vaskoyordanov/DRSystemActors -Dmaven.home=/var/folders/3w/gywqcn696zd49sq823378skr0000gn/T/metals17042962474038822661 -cp /var/folders/3w/gywqcn696zd49sq823378skr0000gn/T/metals17042962474038822661/maven-wrapper.jar org.apache.maven.wrapper.MavenWrapperMain generate-sources ch.epfl.scala:bloop-maven-plugin:2.0.3:bloopInstall -DdownloadSources=true'
2026.03.08 16:00:48 INFO  [INFO] Scanning for projects...
2026.03.08 16:00:48 INFO  Downloading from central: https://repo.maven.apache.org/maven2/org/apache/pekko/pekko-bom_3/1.1.2/pekko-bom_3-1.1.2.pom
2026.03.08 16:00:48 INFO  Progress (1): 1.1 kB
2026.03.08 16:00:48 INFO  Progress (1): 7.3 kB
2026.03.08 16:00:48 INFO  Progress (1): 7.5 kB
2026.03.08 16:00:48 INFO                      
2026.03.08 16:00:48 INFO  Downloaded from central: https://repo.maven.apache.org/maven2/org/apache/pekko/pekko-bom_3/1.1.2/pekko-bom_3-1.1.2.pom (7.5 kB at 80 kB/s)
2026.03.08 16:00:48 INFO  Downloading from central: https://repo.maven.apache.org/maven2/org/apache/pekko/pekko-http-bom_3/1.0.1/pekko-http-bom_3-1.0.1.pom
2026.03.08 16:00:48 INFO  Progress (1): 1.1 kB
2026.03.08 16:00:48 INFO  Progress (1): 4.3 kB
2026.03.08 16:00:48 INFO                      
2026.03.08 16:00:48 INFO  Downloaded from central: https://repo.maven.apache.org/maven2/org/apache/pekko/pekko-http-bom_3/1.0.1/pekko-http-bom_3-1.0.1.pom (4.3 kB at 18 kB/s)
2026.03.08 16:00:48 INFO  Downloading from central: https://repo.maven.apache.org/maven2/ch/epfl/scala/bloop-maven-plugin/2.0.3/bloop-maven-plugin-2.0.3.pom
2026.03.08 16:00:48 INFO  Progress (1): 1.1 kB
2026.03.08 16:00:48 INFO  Progress (1): 2.5 kB
2026.03.08 16:00:48 INFO  Progress (1): 5.6 kB
2026.03.08 16:00:48 INFO  Progress (1): 8.0 kB
2026.03.08 16:00:48 INFO                      
2026.03.08 16:00:48 INFO  Downloaded from central: https://repo.maven.apache.org/maven2/ch/epfl/scala/bloop-maven-plugin/2.0.3/bloop-maven-plugin-2.0.3.pom (8.0 kB at 210 kB/s)
2026.03.08 16:00:48 INFO  Downloading from central: https://repo.maven.apache.org/maven2/ch/epfl/scala/bloop-maven-plugin/2.0.3/bloop-maven-plugin-2.0.3.jar
2026.03.08 16:00:48 INFO  Progress (1): 0.9/44 kB
2026.03.08 16:00:48 INFO  Progress (1): 2.3/44 kB
2026.03.08 16:00:48 INFO  Progress (1): 3.6/44 kB
2026.03.08 16:00:48 INFO  Progress (1): 5.0/44 kB
2026.03.08 16:00:48 INFO  Progress (1): 6.4/44 kB
2026.03.08 16:00:48 INFO  Progress (1): 7.7/44 kB
2026.03.08 16:00:48 INFO  Progress (1): 9.1/44 kB
2026.03.08 16:00:48 INFO  Progress (1): 10/44 kB 
2026.03.08 16:00:48 INFO  Progress (1): 12/44 kB
2026.03.08 16:00:48 INFO  Progress (1): 13/44 kB
2026.03.08 16:00:48 INFO  Progress (1): 15/44 kB
2026.03.08 16:00:48 INFO  Progress (1): 16/44 kB
2026.03.08 16:00:48 INFO  Progress (1): 17/44 kB
2026.03.08 16:00:48 INFO  Progress (1): 19/44 kB
2026.03.08 16:00:48 INFO  Progress (1): 20/44 kB
2026.03.08 16:00:48 INFO  Progress (1): 21/44 kB
2026.03.08 16:00:48 INFO  Progress (1): 23/44 kB
2026.03.08 16:00:48 INFO  Progress (1): 24/44 kB
2026.03.08 16:00:48 INFO  Progress (1): 25/44 kB
2026.03.08 16:00:48 INFO  Progress (1): 26/44 kB
2026.03.08 16:00:48 INFO  Progress (1): 27/44 kB
2026.03.08 16:00:48 INFO  Progress (1): 29/44 kB
2026.03.08 16:00:48 INFO  Progress (1): 30/44 kB
2026.03.08 16:00:48 INFO  Progress (1): 31/44 kB
2026.03.08 16:00:48 INFO  Progress (1): 33/44 kB
2026.03.08 16:00:48 INFO  Progress (1): 34/44 kB
2026.03.08 16:00:48 INFO  Progress (1): 36/44 kB
2026.03.08 16:00:48 INFO  Progress (1): 37/44 kB
2026.03.08 16:00:48 INFO  Progress (1): 38/44 kB
2026.03.08 16:00:48 INFO  Progress (1): 40/44 kB
2026.03.08 16:00:48 INFO  Progress (1): 41/44 kB
2026.03.08 16:00:48 INFO  Progress (1): 42/44 kB
2026.03.08 16:00:48 INFO  Progress (1): 44/44 kB
2026.03.08 16:00:48 INFO  Progress (1): 44 kB   
2026.03.08 16:00:48 INFO                     
2026.03.08 16:00:48 INFO  Downloaded from central: https://repo.maven.apache.org/maven2/ch/epfl/scala/bloop-maven-plugin/2.0.3/bloop-maven-plugin-2.0.3.jar (44 kB at 1.3 MB/s)
2026.03.08 16:00:48 INFO  [INFO] 
2026.03.08 16:00:48 INFO  [INFO] -------------------------< com.example:replay >-------------------------
2026.03.08 16:00:48 INFO  [INFO] Building Replay Core 1.0.0-SNAPSHOT
2026.03.08 16:00:48 INFO  [INFO]   from pom.xml
2026.03.08 16:00:48 INFO  [INFO] --------------------------------[ jar ]---------------------------------
2026.03.08 16:00:48 INFO  Downloading from central: https://repo.maven.apache.org/maven2/org/apache/pekko/pekko-actor_3/1.1.2/pekko-actor_3-1.1.2.pom
2026.03.08 16:00:48 INFO  Progress (1): 1.1 kB
2026.03.08 16:00:48 INFO  Progress (1): 2.2 kB
2026.03.08 16:00:48 INFO                      
2026.03.08 16:00:48 INFO  Downloaded from central: https://repo.maven.apache.org/maven2/org/apache/pekko/pekko-actor_3/1.1.2/pekko-actor_3-1.1.2.pom (2.2 kB at 41 kB/s)
2026.03.08 16:00:48 INFO  Downloading from central: https://repo.maven.apache.org/maven2/org/scala-lang/scala3-library_3/3.3.3/scala3-library_3-3.3.3.pom
2026.03.08 16:00:48 INFO  Progress (1): 1.2 kB
2026.03.08 16:00:48 INFO  Progress (1): 3.7 kB
2026.03.08 16:00:48 INFO                      
2026.03.08 16:00:48 INFO  Downloaded from central: https://repo.maven.apache.org/maven2/org/scala-lang/scala3-library_3/3.3.3/scala3-library_3-3.3.3.pom (3.7 kB at 101 kB/s)
2026.03.08 16:00:48 INFO  Downloading from central: https://repo.maven.apache.org/maven2/org/apache/pekko/pekko-stream_3/1.1.2/pekko-stream_3-1.1.2.pom
2026.03.08 16:00:48 INFO  Progress (1): 1.1 kB
2026.03.08 16:00:48 INFO  Progress (1): 2.9 kB
2026.03.08 16:00:48 INFO                      
2026.03.08 16:00:48 INFO  Downloaded from central: https://repo.maven.apache.org/maven2/org/apache/pekko/pekko-stream_3/1.1.2/pekko-stream_3-1.1.2.pom (2.9 kB at 47 kB/s)
2026.03.08 16:00:48 INFO  Downloading from central: https://repo.maven.apache.org/maven2/org/apache/pekko/pekko-protobuf-v3_3/1.1.2/pekko-protobuf-v3_3-1.1.2.pom
2026.03.08 16:00:48 INFO  Progress (1): 1.2 kB
2026.03.08 16:00:48 INFO  Progress (1): 1.8 kB
2026.03.08 16:00:48 INFO                      
2026.03.08 16:00:48 INFO  Downloaded from central: https://repo.maven.apache.org/maven2/org/apache/pekko/pekko-protobuf-v3_3/1.1.2/pekko-protobuf-v3_3-1.1.2.pom (1.8 kB at 29 kB/s)
2026.03.08 16:00:48 INFO  Downloading from central: https://repo.maven.apache.org/maven2/com/typesafe/ssl-config-core_3/0.6.1/ssl-config-core_3-0.6.1.pom
2026.03.08 16:00:48 INFO  Progress (1): 1.4 kB
2026.03.08 16:00:48 INFO  Progress (1): 3.2 kB
2026.03.08 16:00:48 INFO                      
2026.03.08 16:00:48 INFO  Downloaded from central: https://repo.maven.apache.org/maven2/com/typesafe/ssl-config-core_3/0.6.1/ssl-config-core_3-0.6.1.pom (3.2 kB at 60 kB/s)
2026.03.08 16:00:48 INFO  Downloading from central: https://repo.maven.apache.org/maven2/org/apache/pekko/pekko-http_3/1.0.1/pekko-http_3-1.0.1.pom
2026.03.08 16:00:48 INFO  Progress (1): 1.1 kB
2026.03.08 16:00:48 INFO  Progress (1): 2.3 kB
2026.03.08 16:00:48 INFO                      
2026.03.08 16:00:48 INFO  Downloaded from central: https://repo.maven.apache.org/maven2/org/apache/pekko/pekko-http_3/1.0.1/pekko-http_3-1.0.1.pom (2.3 kB at 63 kB/s)
2026.03.08 16:00:48 INFO  Downloading from central: https://repo.maven.apache.org/maven2/org/apache/pekko/pekko-http-core_3/1.0.1/pekko-http-core_3-1.0.1.pom
2026.03.08 16:00:48 INFO  Progress (1): 1.1 kB
2026.03.08 16:00:48 INFO  Progress (1): 3.7 kB
2026.03.08 16:00:48 INFO                      
2026.03.08 16:00:48 INFO  Downloaded from central: https://repo.maven.apache.org/maven2/org/apache/pekko/pekko-http-core_3/1.0.1/pekko-http-core_3-1.0.1.pom (3.7 kB at 86 kB/s)
2026.03.08 16:00:48 INFO  Downloading from central: https://repo.maven.apache.org/maven2/org/apache/pekko/pekko-parsing_3/1.0.1/pekko-parsing_3-1.0.1.pom
2026.03.08 16:00:48 INFO  Progress (1): 1.2 kB
2026.03.08 16:00:48 INFO  Progress (1): 2.1 kB
2026.03.08 16:00:48 INFO                      
2026.03.08 16:00:48 INFO  Downloaded from central: https://repo.maven.apache.org/maven2/org/apache/pekko/pekko-parsing_3/1.0.1/pekko-parsing_3-1.0.1.pom (2.1 kB at 61 kB/s)
2026.03.08 16:00:48 INFO  Downloading from central: https://repo.maven.apache.org/maven2/org/parboiled/parboiled_3/2.5.0/parboiled_3-2.5.0.pom
2026.03.08 16:00:48 INFO  Progress (1): 1.2 kB
2026.03.08 16:00:48 INFO  Progress (1): 2.1 kB
2026.03.08 16:00:48 INFO                      
2026.03.08 16:00:48 INFO  Downloaded from central: https://repo.maven.apache.org/maven2/org/parboiled/parboiled_3/2.5.0/parboiled_3-2.5.0.pom (2.1 kB at 53 kB/s)
2026.03.08 16:00:48 INFO  Downloading from central: https://repo.maven.apache.org/maven2/org/scala-lang/scala3-library_3/3.3.0/scala3-library_3-3.3.0.pom
2026.03.08 16:00:49 INFO  Progress (1): 1.2 kB
2026.03.08 16:00:49 INFO  Progress (1): 3.7 kB
2026.03.08 16:00:49 INFO                      
2026.03.08 16:00:49 INFO  Downloaded from central: https://repo.maven.apache.org/maven2/org/scala-lang/scala3-library_3/3.3.0/scala3-library_3-3.3.0.pom (3.7 kB at 104 kB/s)
2026.03.08 16:00:49 INFO  Downloading from central: https://repo.maven.apache.org/maven2/org/apache/pekko/pekko-http-jackson_3/1.0.1/pekko-http-jackson_3-1.0.1.pom
2026.03.08 16:00:49 INFO  Progress (1): 1.1 kB
2026.03.08 16:00:49 INFO  Progress (1): 3.5 kB
2026.03.08 16:00:49 INFO                      
2026.03.08 16:00:49 INFO  Downloaded from central: https://repo.maven.apache.org/maven2/org/apache/pekko/pekko-http-jackson_3/1.0.1/pekko-http-jackson_3-1.0.1.pom (3.5 kB at 15 kB/s)
2026.03.08 16:00:49 INFO  Downloading from central: https://repo.maven.apache.org/maven2/org/apache/pekko/pekko-slf4j_3/1.1.2/pekko-slf4j_3-1.1.2.pom
2026.03.08 16:00:49 INFO  Progress (1): 1.1 kB
2026.03.08 16:00:49 INFO  Progress (1): 2.8 kB
2026.03.08 16:00:49 INFO                      
2026.03.08 16:00:49 INFO  Downloaded from central: https://repo.maven.apache.org/maven2/org/apache/pekko/pekko-slf4j_3/1.1.2/pekko-slf4j_3-1.1.2.pom (2.8 kB at 25 kB/s)
2026.03.08 16:00:49 INFO  Downloading from central: https://repo.maven.apache.org/maven2/org/postgresql/postgresql/42.7.3/postgresql-42.7.3.pom
2026.03.08 16:00:49 INFO  Progress (1): 1.3 kB
2026.03.08 16:00:49 INFO  Progress (1): 3.1 kB
2026.03.08 16:00:49 INFO                      
2026.03.08 16:00:49 INFO  Downloaded from central: https://repo.maven.apache.org/maven2/org/postgresql/postgresql/42.7.3/postgresql-42.7.3.pom (3.1 kB at 92 kB/s)
2026.03.08 16:00:49 INFO  Downloading from central: https://repo.maven.apache.org/maven2/org/checkerframework/checker-qual/3.42.0/checker-qual-3.42.0.pom
2026.03.08 16:00:49 INFO  Progress (1): 940 B
2026.03.08 16:00:49 INFO  Progress (1): 2.1 kB
2026.03.08 16:00:49 INFO                      
2026.03.08 16:00:49 INFO  Downloaded from central: https://repo.maven.apache.org/maven2/org/checkerframework/checker-qual/3.42.0/checker-qual-3.42.0.pom (2.1 kB at 57 kB/s)
2026.03.08 16:00:49 INFO  Downloading from central: https://repo.maven.apache.org/maven2/io/delta/delta-kernel-api/4.0.0/delta-kernel-api-4.0.0.pom
2026.03.08 16:00:49 INFO  Progress (1): 1.4 kB
2026.03.08 16:00:49 INFO  Progress (1): 4.7 kB
2026.03.08 16:00:49 INFO                      
2026.03.08 16:00:49 INFO  Downloaded from central: https://repo.maven.apache.org/maven2/io/delta/delta-kernel-api/4.0.0/delta-kernel-api-4.0.0.pom (4.7 kB at 97 kB/s)
2026.03.08 16:00:49 INFO  Downloading from central: https://repo.maven.apache.org/maven2/com/fasterxml/jackson/core/jackson-databind/2.13.5/jackson-databind-2.13.5.pom
2026.03.08 16:00:49 INFO  Progress (1): 976 B
2026.03.08 16:00:49 INFO  Progress (1): 2.3 kB
2026.03.08 16:00:49 INFO  Progress (1): 4.3 kB
2026.03.08 16:00:49 INFO  Progress (1): 6.0 kB
2026.03.08 16:00:49 INFO  Progress (1): 8.0 kB
2026.03.08 16:00:49 INFO  Progress (1): 9.9 kB
2026.03.08 16:00:49 INFO  Progress (1): 14 kB 
2026.03.08 16:00:49 INFO  Progress (1): 14 kB
2026.03.08 16:00:49 INFO  Progress (1): 16 kB
2026.03.08 16:00:49 INFO  Progress (1): 17 kB
2026.03.08 16:00:49 INFO  Progress (1): 18 kB
2026.03.08 16:00:49 INFO                     
2026.03.08 16:00:49 INFO  Downloaded from central: https://repo.maven.apache.org/maven2/com/fasterxml/jackson/core/jackson-databind/2.13.5/jackson-databind-2.13.5.pom (18 kB at 449 kB/s)
2026.03.08 16:00:49 INFO  Downloading from central: https://repo.maven.apache.org/maven2/com/fasterxml/jackson/jackson-base/2.13.5/jackson-base-2.13.5.pom
2026.03.08 16:00:49 INFO  Progress (1): 921 B
2026.03.08 16:00:49 INFO  Progress (1): 2.6 kB
2026.03.08 16:00:49 INFO  Progress (1): 4.5 kB
2026.03.08 16:00:49 INFO  Progress (1): 6.2 kB
2026.03.08 16:00:49 INFO  Progress (1): 8.6 kB
2026.03.08 16:00:49 INFO  Progress (1): 10 kB 
2026.03.08 16:00:49 INFO                     
2026.03.08 16:00:49 INFO  Downloaded from central: https://repo.maven.apache.org/maven2/com/fasterxml/jackson/jackson-base/2.13.5/jackson-base-2.13.5.pom (10 kB at 273 kB/s)
2026.03.08 16:00:49 INFO  Downloading from central: https://repo.maven.apache.org/maven2/com/fasterxml/jackson/jackson-bom/2.13.5/jackson-bom-2.13.5.pom
2026.03.08 16:00:49 INFO  Progress (1): 1.0 kB
2026.03.08 16:00:49 INFO  Progress (1): 2.9 kB
2026.03.08 16:00:49 INFO  Progress (1): 3.4 kB
2026.03.08 16:00:49 INFO  Progress (1): 11 kB 
2026.03.08 16:00:49 INFO  Progress (1): 17 kB
2026.03.08 16:00:49 INFO  Progress (1): 17 kB
2026.03.08 16:00:49 INFO                     
2026.03.08 16:00:49 INFO  Downloaded from central: https://repo.maven.apache.org/maven2/com/fasterxml/jackson/jackson-bom/2.13.5/jackson-bom-2.13.5.pom (17 kB at 434 kB/s)
2026.03.08 16:00:49 INFO  Downloading from central: https://repo.maven.apache.org/maven2/com/fasterxml/jackson/core/jackson-annotations/2.13.5/jackson-annotations-2.13.5.pom
2026.03.08 16:00:49 INFO  Progress (1): 946 B
2026.03.08 16:00:49 INFO  Progress (1): 2.4 kB
2026.03.08 16:00:49 INFO  Progress (1): 4.0 kB
2026.03.08 16:00:49 INFO  Progress (1): 6.1 kB
2026.03.08 16:00:49 INFO                      
2026.03.08 16:00:49 INFO  Downloaded from central: https://repo.maven.apache.org/maven2/com/fasterxml/jackson/core/jackson-annotations/2.13.5/jackson-annotations-2.13.5.pom (6.1 kB at 156 kB/s)
2026.03.08 16:00:49 INFO  Downloading from central: https://repo.maven.apache.org/maven2/com/fasterxml/jackson/core/jackson-core/2.13.5/jackson-core-2.13.5.pom
2026.03.08 16:00:49 INFO  Progress (1): 993 B
2026.03.08 16:00:49 INFO  Progress (1): 2.4 kB
2026.03.08 16:00:49 INFO  Progress (1): 4.2 kB
2026.03.08 16:00:49 INFO  Progress (1): 6.0 kB
2026.03.08 16:00:49 INFO  Progress (1): 6.5 kB
2026.03.08 16:00:49 INFO                      
2026.03.08 16:00:49 INFO  Downloaded from central: https://repo.maven.apache.org/maven2/com/fasterxml/jackson/core/jackson-core/2.13.5/jackson-core-2.13.5.pom (6.5 kB at 176 kB/s)
2026.03.08 16:00:49 INFO  Downloading from central: https://repo.maven.apache.org/maven2/com/fasterxml/jackson/datatype/jackson-datatype-jdk8/2.13.5/jackson-datatype-jdk8-2.13.5.pom
2026.03.08 16:00:49 INFO  Progress (1): 1.0 kB
2026.03.08 16:00:49 INFO  Progress (1): 2.6 kB
2026.03.08 16:00:49 INFO                      
2026.03.08 16:00:49 INFO  Downloaded from central: https://repo.maven.apache.org/maven2/com/fasterxml/jackson/datatype/jackson-datatype-jdk8/2.13.5/jackson-datatype-jdk8-2.13.5.pom (2.6 kB at 60 kB/s)
2026.03.08 16:00:49 INFO  Downloading from central: https://repo.maven.apache.org/maven2/com/fasterxml/jackson/module/jackson-modules-java8/2.13.5/jackson-modules-java8-2.13.5.pom
2026.03.08 16:00:49 INFO  Progress (1): 1.3 kB
2026.03.08 16:00:49 INFO  Progress (1): 3.0 kB
2026.03.08 16:00:49 INFO  Progress (1): 3.2 kB
2026.03.08 16:00:49 INFO                      
2026.03.08 16:00:49 INFO  Downloaded from central: https://repo.maven.apache.org/maven2/com/fasterxml/jackson/module/jackson-modules-java8/2.13.5/jackson-modules-java8-2.13.5.pom (3.2 kB at 87 kB/s)
2026.03.08 16:00:49 INFO  Downloading from central: https://repo.maven.apache.org/maven2/io/delta/delta-kernel-defaults/4.0.0/delta-kernel-defaults-4.0.0.pom
2026.03.08 16:00:49 INFO  Progress (1): 1.4 kB
2026.03.08 16:00:49 INFO  Progress (1): 5.7 kB
2026.03.08 16:00:49 INFO  Progress (1): 6.5 kB
2026.03.08 16:00:49 INFO                      
2026.03.08 16:00:49 INFO  Downloaded from central: https://repo.maven.apache.org/maven2/io/delta/delta-kernel-defaults/4.0.0/delta-kernel-defaults-4.0.0.pom (6.5 kB at 138 kB/s)
2026.03.08 16:00:49 INFO  Downloading from central: https://repo.maven.apache.org/maven2/io/delta/delta-storage/4.0.0/delta-storage-4.0.0.pom
2026.03.08 16:00:49 INFO  Progress (1): 1.5 kB
2026.03.08 16:00:49 INFO  Progress (1): 3.1 kB
2026.03.08 16:00:49 INFO                      
2026.03.08 16:00:49 INFO  Downloaded from central: https://repo.maven.apache.org/maven2/io/delta/delta-storage/4.0.0/delta-storage-4.0.0.pom (3.1 kB at 76 kB/s)
2026.03.08 16:00:49 INFO  Downloading from central: https://repo.maven.apache.org/maven2/org/apache/hadoop/hadoop-client-runtime/3.4.0/hadoop-client-runtime-3.4.0.pom
2026.03.08 16:00:49 INFO  Progress (1): 721 B
2026.03.08 16:00:49 INFO  Progress (1): 2.8 kB
2026.03.08 16:00:49 INFO  Progress (1): 7.4 kB
2026.03.08 16:00:49 INFO  Progress (1): 14 kB 
2026.03.08 16:00:49 INFO  Progress (1): 18 kB
2026.03.08 16:00:49 INFO  Progress (1): 19 kB
2026.03.08 16:00:49 INFO                     
2026.03.08 16:00:49 INFO  Downloaded from central: https://repo.maven.apache.org/maven2/org/apache/hadoop/hadoop-client-runtime/3.4.0/hadoop-client-runtime-3.4.0.pom (19 kB at 468 kB/s)
2026.03.08 16:00:49 INFO  Downloading from central: https://repo.maven.apache.org/maven2/org/apache/hadoop/hadoop-project/3.4.0/hadoop-project-3.4.0.pom
2026.03.08 16:00:50 INFO  Progress (1): 694 B
2026.03.08 16:00:50 INFO  Progress (1): 2.0 kB
2026.03.08 16:00:50 INFO  Progress (1): 3.5 kB
2026.03.08 16:00:50 INFO  Progress (1): 5.3 kB
2026.03.08 16:00:50 INFO  Progress (1): 7.3 kB
2026.03.08 16:00:50 INFO  Progress (1): 9.5 kB
2026.03.08 16:00:50 INFO  Progress (1): 11 kB 
2026.03.08 16:00:50 INFO  Progress (1): 23 kB
2026.03.08 16:00:50 INFO  Progress (1): 32 kB
2026.03.08 16:00:50 INFO  Progress (1): 38 kB
2026.03.08 16:00:50 INFO  Progress (1): 44 kB
2026.03.08 16:00:50 INFO  Progress (1): 50 kB
2026.03.08 16:00:50 INFO  Progress (1): 57 kB
2026.03.08 16:00:50 INFO  Progress (1): 63 kB
2026.03.08 16:00:50 INFO  Progress (1): 70 kB
2026.03.08 16:00:50 INFO  Progress (1): 70 kB
2026.03.08 16:00:50 INFO  Progress (1): 74 kB
2026.03.08 16:00:50 INFO  Progress (1): 78 kB
2026.03.08 16:00:50 INFO  Progress (1): 82 kB
2026.03.08 16:00:50 INFO  Progress (1): 86 kB
2026.03.08 16:00:50 INFO  Progress (1): 89 kB
2026.03.08 16:00:50 INFO  Progress (1): 92 kB
2026.03.08 16:00:50 INFO  Progress (1): 95 kB
2026.03.08 16:00:50 INFO  Progress (1): 99 kB
2026.03.08 16:00:50 INFO  Progress (1): 99 kB
2026.03.08 16:00:50 INFO                     
2026.03.08 16:00:50 INFO  Downloaded from central: https://repo.maven.apache.org/maven2/org/apache/hadoop/hadoop-project/3.4.0/hadoop-project-3.4.0.pom (99 kB at 2.3 MB/s)
2026.03.08 16:00:50 INFO  Downloading from central: https://repo.maven.apache.org/maven2/org/apache/hadoop/hadoop-main/3.4.0/hadoop-main-3.4.0.pom
2026.03.08 16:00:50 INFO  Progress (1): 711 B
2026.03.08 16:00:50 INFO  Progress (1): 2.5 kB
2026.03.08 16:00:50 INFO  Progress (1): 4.7 kB
2026.03.08 16:00:50 INFO  Progress (1): 7.2 kB
2026.03.08 16:00:50 INFO  Progress (1): 14 kB 
2026.03.08 16:00:50 INFO  Progress (1): 19 kB
2026.03.08 16:00:50 INFO  Progress (1): 24 kB
2026.03.08 16:00:50 INFO  Progress (1): 27 kB
2026.03.08 16:00:50 INFO  Progress (1): 30 kB
2026.03.08 16:00:50 INFO  Progress (1): 34 kB
2026.03.08 16:00:50 INFO  Progress (1): 36 kB
2026.03.08 16:00:50 INFO  Progress (1): 37 kB
2026.03.08 16:00:50 INFO                     
2026.03.08 16:00:50 INFO  Downloaded from central: https://repo.maven.apache.org/maven2/org/apache/hadoop/hadoop-main/3.4.0/hadoop-main-3.4.0.pom (37 kB at 867 kB/s)
2026.03.08 16:00:50 INFO  Downloading from central: https://repo.maven.apache.org/maven2/org/apache/hadoop/hadoop-client-api/3.4.0/hadoop-client-api-3.4.0.pom
2026.03.08 16:00:50 INFO  Progress (1): 746 B
2026.03.08 16:00:50 INFO  Progress (1): 2.9 kB
2026.03.08 16:00:50 INFO  Progress (1): 9.3 kB
2026.03.08 16:00:50 INFO  Progress (1): 13 kB 
2026.03.08 16:00:50 INFO  Progress (1): 13 kB
2026.03.08 16:00:50 INFO                     
2026.03.08 16:00:50 INFO  Downloaded from central: https://repo.maven.apache.org/maven2/org/apache/hadoop/hadoop-client-api/3.4.0/hadoop-client-api-3.4.0.pom (13 kB at 346 kB/s)
2026.03.08 16:00:50 INFO  Downloading from central: https://repo.maven.apache.org/maven2/org/apache/parquet/parquet-hadoop/1.12.3/parquet-hadoop-1.12.3.pom
2026.03.08 16:00:50 INFO  Progress (1): 1.4 kB
2026.03.08 16:00:50 INFO  Progress (1): 7.5 kB
2026.03.08 16:00:50 INFO  Progress (1): 13 kB 
2026.03.08 16:00:50 INFO  Progress (1): 15 kB
2026.03.08 16:00:50 INFO                     
2026.03.08 16:00:50 INFO  Downloaded from central: https://repo.maven.apache.org/maven2/org/apache/parquet/parquet-hadoop/1.12.3/parquet-hadoop-1.12.3.pom (15 kB at 318 kB/s)
2026.03.08 16:00:50 INFO  Downloading from central: https://repo.maven.apache.org/maven2/org/apache/parquet/parquet/1.12.3/parquet-1.12.3.pom
2026.03.08 16:00:50 INFO  Progress (1): 1.1 kB
2026.03.08 16:00:50 INFO  Progress (1): 2.9 kB
2026.03.08 16:00:50 INFO  Progress (1): 4.6 kB
2026.03.08 16:00:50 INFO  Progress (1): 7.6 kB
2026.03.08 16:00:50 INFO  Progress (1): 10 kB 
2026.03.08 16:00:50 INFO  Progress (1): 14 kB
2026.03.08 16:00:50 INFO  Progress (1): 17 kB
2026.03.08 16:00:50 INFO  Progress (1): 19 kB
2026.03.08 16:00:50 INFO  Progress (1): 22 kB
2026.03.08 16:00:50 INFO  Progress (1): 23 kB
2026.03.08 16:00:50 INFO                     
2026.03.08 16:00:50 INFO  Downloaded from central: https://repo.maven.apache.org/maven2/org/apache/parquet/parquet/1.12.3/parquet-1.12.3.pom (23 kB at 587 kB/s)
2026.03.08 16:00:50 INFO  Downloading from central: https://repo.maven.apache.org/maven2/org/apache/parquet/parquet-column/1.12.3/parquet-column-1.12.3.pom
2026.03.08 16:00:50 INFO  Progress (1): 1.5 kB
2026.03.08 16:00:50 INFO  Progress (1): 5.6 kB
2026.03.08 16:00:50 INFO  Progress (1): 6.0 kB
2026.03.08 16:00:50 INFO                      
2026.03.08 16:00:50 INFO  Downloaded from central: https://repo.maven.apache.org/maven2/org/apache/parquet/parquet-column/1.12.3/parquet-column-1.12.3.pom (6.0 kB at 175 kB/s)
2026.03.08 16:00:50 INFO  Downloading from central: https://repo.maven.apache.org/maven2/org/apache/parquet/parquet-common/1.12.3/parquet-common-1.12.3.pom
2026.03.08 16:00:50 INFO  Progress (1): 856 B
2026.03.08 16:00:50 INFO  Progress (1): 3.0 kB
2026.03.08 16:00:50 INFO  Progress (1): 3.4 kB
2026.03.08 16:00:50 INFO                      
2026.03.08 16:00:50 INFO  Downloaded from central: https://repo.maven.apache.org/maven2/org/apache/parquet/parquet-common/1.12.3/parquet-common-1.12.3.pom (3.4 kB at 93 kB/s)
2026.03.08 16:00:50 INFO  Downloading from central: https://repo.maven.apache.org/maven2/org/apache/parquet/parquet-format-structures/1.12.3/parquet-format-structures-1.12.3.pom
2026.03.08 16:00:50 INFO  Progress (1): 1.3 kB
2026.03.08 16:00:50 INFO  Progress (1): 4.2 kB
2026.03.08 16:00:50 INFO  Progress (1): 6.7 kB
2026.03.08 16:00:50 INFO                      
2026.03.08 16:00:50 INFO  Downloaded from central: https://repo.maven.apache.org/maven2/org/apache/parquet/parquet-format-structures/1.12.3/parquet-format-structures-1.12.3.pom (6.7 kB at 176 kB/s)
2026.03.08 16:00:50 INFO  Downloading from central: https://repo.maven.apache.org/maven2/org/apache/parquet/parquet-encoding/1.12.3/parquet-encoding-1.12.3.pom
2026.03.08 16:00:50 INFO  Progress (1): 856 B
2026.03.08 16:00:50 INFO  Progress (1): 2.9 kB
2026.03.08 16:00:50 INFO  Progress (1): 3.2 kB
2026.03.08 16:00:50 INFO                      
2026.03.08 16:00:50 INFO  Downloaded from central: https://repo.maven.apache.org/maven2/org/apache/parquet/parquet-encoding/1.12.3/parquet-encoding-1.12.3.pom (3.2 kB at 83 kB/s)
2026.03.08 16:00:50 INFO  Downloading from central: https://repo.maven.apache.org/maven2/org/apache/parquet/parquet-jackson/1.12.3/parquet-jackson-1.12.3.pom
2026.03.08 16:00:50 INFO  Progress (1): 1.5 kB
2026.03.08 16:00:50 INFO  Progress (1): 3.3 kB
2026.03.08 16:00:50 INFO                      
2026.03.08 16:00:50 INFO  Downloaded from central: https://repo.maven.apache.org/maven2/org/apache/parquet/parquet-jackson/1.12.3/parquet-jackson-1.12.3.pom (3.3 kB at 93 kB/s)
2026.03.08 16:00:50 INFO  Downloading from central: https://repo.maven.apache.org/maven2/org/apache/iceberg/iceberg-api/1.7.0/iceberg-api-1.7.0.pom
2026.03.08 16:00:50 INFO  Progress (1): 958 B
2026.03.08 16:00:50 INFO  Progress (1): 3.3 kB
2026.03.08 16:00:50 INFO                      
2026.03.08 16:00:50 INFO  Downloaded from central: https://repo.maven.apache.org/maven2/org/apache/iceberg/iceberg-api/1.7.0/iceberg-api-1.7.0.pom (3.3 kB at 91 kB/s)
2026.03.08 16:00:50 INFO  Downloading from central: https://repo.maven.apache.org/maven2/org/apache/iceberg/iceberg-bundled-guava/1.7.0/iceberg-bundled-guava-1.7.0.pom
2026.03.08 16:00:50 INFO  Progress (1): 989 B
2026.03.08 16:00:50 INFO  Progress (1): 1.5 kB
2026.03.08 16:00:50 INFO                      
2026.03.08 16:00:50 INFO  Downloaded from central: https://repo.maven.apache.org/maven2/org/apache/iceberg/iceberg-bundled-guava/1.7.0/iceberg-bundled-guava-1.7.0.pom (1.5 kB at 23 kB/s)
2026.03.08 16:00:50 INFO  Downloading from central: https://repo.maven.apache.org/maven2/org/apache/iceberg/iceberg-core/1.7.0/iceberg-core-1.7.0.pom
2026.03.08 16:00:50 INFO  Progress (1): 931 B
2026.03.08 16:00:50 INFO  Progress (1): 6.3 kB
2026.03.08 16:00:50 INFO  Progress (1): 12 kB 
2026.03.08 16:00:50 INFO                     
2026.03.08 16:00:50 INFO  Downloaded from central: https://repo.maven.apache.org/maven2/org/apache/iceberg/iceberg-core/1.7.0/iceberg-core-1.7.0.pom (12 kB at 240 kB/s)
2026.03.08 16:00:50 INFO  Downloading from central: https://repo.maven.apache.org/maven2/org/apache/iceberg/iceberg-common/1.7.0/iceberg-common-1.7.0.pom
2026.03.08 16:00:50 INFO  Progress (1): 961 B
2026.03.08 16:00:50 INFO  Progress (1): 3.3 kB
2026.03.08 16:00:50 INFO                      
2026.03.08 16:00:50 INFO  Downloaded from central: https://repo.maven.apache.org/maven2/org/apache/iceberg/iceberg-common/1.7.0/iceberg-common-1.7.0.pom (3.3 kB at 88 kB/s)
2026.03.08 16:00:50 INFO  Downloading from central: https://repo.maven.apache.org/maven2/dev/failsafe/failsafe/3.3.2/failsafe-3.3.2.pom
2026.03.08 16:00:50 INFO  Progress (1): 1.0 kB
2026.03.08 16:00:50 INFO                      
2026.03.08 16:00:50 INFO  Downloaded from central: https://repo.maven.apache.org/maven2/dev/failsafe/failsafe/3.3.2/failsafe-3.3.2.pom (1.0 kB at 25 kB/s)
2026.03.08 16:00:50 INFO  Downloading from central: https://repo.maven.apache.org/maven2/dev/failsafe/failsafe-parent/3.3.2/failsafe-parent-3.3.2.pom
2026.03.08 16:00:50 INFO  Progress (1): 1.1 kB
2026.03.08 16:00:50 INFO  Progress (1): 3.4 kB
2026.03.08 16:00:50 INFO  Progress (1): 5.8 kB
2026.03.08 16:00:50 INFO  Progress (1): 8.8 kB
2026.03.08 16:00:50 INFO  Progress (1): 9.2 kB
2026.03.08 16:00:50 INFO                      
2026.03.08 16:00:50 INFO  Downloaded from central: https://repo.maven.apache.org/maven2/dev/failsafe/failsafe-parent/3.3.2/failsafe-parent-3.3.2.pom (9.2 kB at 218 kB/s)
2026.03.08 16:00:50 INFO  Downloading from central: https://repo.maven.apache.org/maven2/org/apache/pekko/pekko-connectors-kafka_3/1.1.0/pekko-connectors-kafka_3-1.1.0.pom
2026.03.08 16:00:51 INFO  Progress (1): 1.1 kB
2026.03.08 16:00:51 INFO  Progress (1): 2.4 kB
2026.03.08 16:00:51 INFO                      
2026.03.08 16:00:51 INFO  Downloaded from central: https://repo.maven.apache.org/maven2/org/apache/pekko/pekko-connectors-kafka_3/1.1.0/pekko-connectors-kafka_3-1.1.0.pom (2.4 kB at 10 kB/s)
2026.03.08 16:00:51 INFO  Downloading from central: https://repo.maven.apache.org/maven2/org/apache/kafka/kafka-clients/3.8.0/kafka-clients-3.8.0.pom
2026.03.08 16:00:51 INFO  Progress (1): 1.4 kB
2026.03.08 16:00:51 INFO                      
2026.03.08 16:00:51 INFO  Downloaded from central: https://repo.maven.apache.org/maven2/org/apache/kafka/kafka-clients/3.8.0/kafka-clients-3.8.0.pom (1.4 kB at 34 kB/s)
2026.03.08 16:00:51 INFO  Downloading from central: https://repo.maven.apache.org/maven2/org/apache/pekko/pekko-actor-testkit-typed_3/1.1.2/pekko-actor-testkit-typed_3-1.1.2.pom
2026.03.08 16:00:51 INFO  Progress (1): 1.1 kB
2026.03.08 16:00:51 INFO  Progress (1): 3.8 kB
2026.03.08 16:00:51 INFO                      
2026.03.08 16:00:51 INFO  Downloaded from central: https://repo.maven.apache.org/maven2/org/apache/pekko/pekko-actor-testkit-typed_3/1.1.2/pekko-actor-testkit-typed_3-1.1.2.pom (3.8 kB at 20 kB/s)
2026.03.08 16:00:51 INFO  Downloading from central: https://repo.maven.apache.org/maven2/org/apache/pekko/pekko-actor-typed_3/1.1.2/pekko-actor-typed_3-1.1.2.pom
2026.03.08 16:00:51 INFO  Progress (1): 1.1 kB
2026.03.08 16:00:51 INFO  Progress (1): 2.5 kB
2026.03.08 16:00:51 INFO                      
2026.03.08 16:00:51 INFO  Downloaded from central: https://repo.maven.apache.org/maven2/org/apache/pekko/pekko-actor-typed_3/1.1.2/pekko-actor-typed_3-1.1.2.pom (2.5 kB at 8.0 kB/s)
2026.03.08 16:00:51 INFO  Downloading from central: https://repo.maven.apache.org/maven2/org/apache/pekko/pekko-testkit_3/1.1.2/pekko-testkit_3-1.1.2.pom
2026.03.08 16:00:51 INFO  Progress (1): 1.1 kB
2026.03.08 16:00:51 INFO  Progress (1): 3.4 kB
2026.03.08 16:00:51 INFO                      
2026.03.08 16:00:51 INFO  Downloaded from central: https://repo.maven.apache.org/maven2/org/apache/pekko/pekko-testkit_3/1.1.2/pekko-testkit_3-1.1.2.pom (3.4 kB at 78 kB/s)
2026.03.08 16:00:51 INFO  Downloading from central: https://repo.maven.apache.org/maven2/org/apache/pekko/pekko-stream-testkit_3/1.1.2/pekko-stream-testkit_3-1.1.2.pom
2026.03.08 16:00:51 INFO  Progress (1): 1.1 kB
2026.03.08 16:00:51 INFO  Progress (1): 3.0 kB
2026.03.08 16:00:51 INFO                      
2026.03.08 16:00:51 INFO  Downloaded from central: https://repo.maven.apache.org/maven2/org/apache/pekko/pekko-stream-testkit_3/1.1.2/pekko-stream-testkit_3-1.1.2.pom (3.0 kB at 52 kB/s)
2026.03.08 16:00:51 INFO  Downloading from central: https://repo.maven.apache.org/maven2/org/apache/pekko/pekko-http-testkit_3/1.0.1/pekko-http-testkit_3-1.0.1.pom
2026.03.08 16:00:51 INFO  Progress (1): 1.1 kB
2026.03.08 16:00:51 INFO  Progress (1): 3.3 kB
2026.03.08 16:00:51 INFO                      
2026.03.08 16:00:51 INFO  Downloaded from central: https://repo.maven.apache.org/maven2/org/apache/pekko/pekko-http-testkit_3/1.0.1/pekko-http-testkit_3-1.0.1.pom (3.3 kB at 15 kB/s)
2026.03.08 16:00:51 INFO  Downloading from central: https://repo.maven.apache.org/maven2/org/junit/jupiter/junit-jupiter/5.10.2/junit-jupiter-5.10.2.pom
2026.03.08 16:00:51 INFO  Progress (1): 944 B
2026.03.08 16:00:51 INFO  Progress (1): 3.2 kB
2026.03.08 16:00:51 INFO                      
2026.03.08 16:00:51 INFO  Downloaded from central: https://repo.maven.apache.org/maven2/org/junit/jupiter/junit-jupiter/5.10.2/junit-jupiter-5.10.2.pom (3.2 kB at 92 kB/s)
2026.03.08 16:00:51 INFO  Downloading from central: https://repo.maven.apache.org/maven2/org/junit/jupiter/junit-jupiter-api/5.10.2/junit-jupiter-api-5.10.2.pom
2026.03.08 16:00:51 INFO  Progress (1): 954 B
2026.03.08 16:00:51 INFO  Progress (1): 3.2 kB
2026.03.08 16:00:51 INFO                      
2026.03.08 16:00:51 INFO  Downloaded from central: https://repo.maven.apache.org/maven2/org/junit/jupiter/junit-jupiter-api/5.10.2/junit-jupiter-api-5.10.2.pom (3.2 kB at 86 kB/s)
2026.03.08 16:00:51 INFO  Downloading from central: https://repo.maven.apache.org/maven2/org/junit/platform/junit-platform-commons/1.10.2/junit-platform-commons-1.10.2.pom
2026.03.08 16:00:52 INFO  Progress (1): 966 B
2026.03.08 16:00:52 INFO  Progress (1): 2.8 kB
2026.03.08 16:00:52 INFO                      
2026.03.08 16:00:52 INFO  Downloaded from central: https://repo.maven.apache.org/maven2/org/junit/platform/junit-platform-commons/1.10.2/junit-platform-commons-1.10.2.pom (2.8 kB at 86 kB/s)
2026.03.08 16:00:52 INFO  Downloading from central: https://repo.maven.apache.org/maven2/org/junit/jupiter/junit-jupiter-params/5.10.2/junit-jupiter-params-5.10.2.pom
2026.03.08 16:00:52 INFO  Progress (1): 964 B
2026.03.08 16:00:52 INFO  Progress (1): 3.0 kB
2026.03.08 16:00:52 INFO                      
2026.03.08 16:00:52 INFO  Downloaded from central: https://repo.maven.apache.org/maven2/org/junit/jupiter/junit-jupiter-params/5.10.2/junit-jupiter-params-5.10.2.pom (3.0 kB at 94 kB/s)
2026.03.08 16:00:52 INFO  Downloading from central: https://repo.maven.apache.org/maven2/org/junit/jupiter/junit-jupiter-engine/5.10.2/junit-jupiter-engine-5.10.2.pom
2026.03.08 16:00:52 INFO  Progress (1): 963 B
2026.03.08 16:00:52 INFO  Progress (1): 3.2 kB
2026.03.08 16:00:52 INFO                      
2026.03.08 16:00:52 INFO  Downloaded from central: https://repo.maven.apache.org/maven2/org/junit/jupiter/junit-jupiter-engine/5.10.2/junit-jupiter-engine-5.10.2.pom (3.2 kB at 94 kB/s)
2026.03.08 16:00:52 INFO  Downloading from central: https://repo.maven.apache.org/maven2/org/junit/platform/junit-platform-engine/1.10.2/junit-platform-engine-1.10.2.pom
2026.03.08 16:00:52 INFO  Progress (1): 957 B
2026.03.08 16:00:52 INFO  Progress (1): 3.2 kB
2026.03.08 16:00:52 INFO                      
2026.03.08 16:00:52 INFO  Downloaded from central: https://repo.maven.apache.org/maven2/org/junit/platform/junit-platform-engine/1.10.2/junit-platform-engine-1.10.2.pom (3.2 kB at 87 kB/s)
2026.03.08 16:00:52 INFO  Downloading from central: https://repo.maven.apache.org/maven2/org/mockito/mockito-core/5.14.2/mockito-core-5.14.2.pom
2026.03.08 16:00:52 INFO  Progress (1): 1.5 kB
2026.03.08 16:00:52 INFO  Progress (1): 2.5 kB
2026.03.08 16:00:52 INFO                      
2026.03.08 16:00:52 INFO  Downloaded from central: https://repo.maven.apache.org/maven2/org/mockito/mockito-core/5.14.2/mockito-core-5.14.2.pom (2.5 kB at 67 kB/s)
2026.03.08 16:00:52 INFO  Downloading from central: https://repo.maven.apache.org/maven2/net/bytebuddy/byte-buddy/1.15.4/byte-buddy-1.15.4.pom
2026.03.08 16:00:52 INFO  Progress (1): 972 B
2026.03.08 16:00:52 INFO  Progress (1): 3.7 kB
2026.03.08 16:00:52 INFO  Progress (1): 7.0 kB
2026.03.08 16:00:52 INFO  Progress (1): 14 kB 
2026.03.08 16:00:52 INFO  Progress (1): 16 kB
2026.03.08 16:00:52 INFO                     
2026.03.08 16:00:52 INFO  Downloaded from central: https://repo.maven.apache.org/maven2/net/bytebuddy/byte-buddy/1.15.4/byte-buddy-1.15.4.pom (16 kB at 419 kB/s)
2026.03.08 16:00:52 INFO  Downloading from central: https://repo.maven.apache.org/maven2/net/bytebuddy/byte-buddy-parent/1.15.4/byte-buddy-parent-1.15.4.pom
2026.03.08 16:00:52 INFO  Progress (1): 832 B
2026.03.08 16:00:52 INFO  Progress (1): 2.1 kB
2026.03.08 16:00:52 INFO  Progress (1): 3.6 kB
2026.03.08 16:00:52 INFO  Progress (1): 6.2 kB
2026.03.08 16:00:52 INFO  Progress (1): 8.1 kB
2026.03.08 16:00:52 INFO  Progress (1): 11 kB 
2026.03.08 16:00:52 INFO  Progress (1): 13 kB
2026.03.08 16:00:52 INFO  Progress (1): 17 kB
2026.03.08 16:00:52 INFO  Progress (1): 22 kB
2026.03.08 16:00:52 INFO  Progress (1): 25 kB
2026.03.08 16:00:52 INFO  Progress (1): 35 kB
2026.03.08 16:00:52 INFO  Progress (1): 47 kB
2026.03.08 16:00:52 INFO  Progress (1): 52 kB
2026.03.08 16:00:52 INFO  Progress (1): 58 kB
2026.03.08 16:00:52 INFO  Progress (1): 63 kB
2026.03.08 16:00:52 INFO                     
2026.03.08 16:00:52 INFO  Downloaded from central: https://repo.maven.apache.org/maven2/net/bytebuddy/byte-buddy-parent/1.15.4/byte-buddy-parent-1.15.4.pom (63 kB at 1.5 MB/s)
2026.03.08 16:00:52 INFO  Downloading from central: https://repo.maven.apache.org/maven2/net/bytebuddy/byte-buddy-agent/1.15.4/byte-buddy-agent-1.15.4.pom
2026.03.08 16:00:52 INFO  Progress (1): 1.2 kB
2026.03.08 16:00:52 INFO  Progress (1): 3.6 kB
2026.03.08 16:00:52 INFO  Progress (1): 6.2 kB
2026.03.08 16:00:52 INFO  Progress (1): 10 kB 
2026.03.08 16:00:52 INFO                     
2026.03.08 16:00:52 INFO  Downloaded from central: https://repo.maven.apache.org/maven2/net/bytebuddy/byte-buddy-agent/1.15.4/byte-buddy-agent-1.15.4.pom (10 kB at 255 kB/s)
2026.03.08 16:00:52 INFO  Downloading from central: https://repo.maven.apache.org/maven2/org/mockito/mockito-junit-jupiter/5.14.2/mockito-junit-jupiter-5.14.2.pom
2026.03.08 16:00:52 INFO  Progress (1): 1.6 kB
2026.03.08 16:00:52 INFO  Progress (1): 2.3 kB
2026.03.08 16:00:52 INFO                      
2026.03.08 16:00:52 INFO  Downloaded from central: https://repo.maven.apache.org/maven2/org/mockito/mockito-junit-jupiter/5.14.2/mockito-junit-jupiter-5.14.2.pom (2.3 kB at 62 kB/s)
2026.03.08 16:00:52 INFO  Downloading from central: https://repo.maven.apache.org/maven2/org/junit/jupiter/junit-jupiter-api/5.11.2/junit-jupiter-api-5.11.2.pom
2026.03.08 16:00:52 INFO  Progress (1): 954 B
2026.03.08 16:00:52 INFO  Progress (1): 3.2 kB
2026.03.08 16:00:52 INFO                      
2026.03.08 16:00:52 INFO  Downloaded from central: https://repo.maven.apache.org/maven2/org/junit/jupiter/junit-jupiter-api/5.11.2/junit-jupiter-api-5.11.2.pom (3.2 kB at 103 kB/s)
2026.03.08 16:00:52 INFO  Downloading from central: https://repo.maven.apache.org/maven2/org/junit/junit-bom/5.11.2/junit-bom-5.11.2.pom
2026.03.08 16:00:52 INFO  Progress (1): 908 B
2026.03.08 16:00:52 INFO  Progress (1): 4.1 kB
2026.03.08 16:00:52 INFO  Progress (1): 5.6 kB
2026.03.08 16:00:52 INFO                      
2026.03.08 16:00:52 INFO  Downloaded from central: https://repo.maven.apache.org/maven2/org/junit/junit-bom/5.11.2/junit-bom-5.11.2.pom (5.6 kB at 153 kB/s)
2026.03.08 16:00:52 INFO  Downloading from central: https://repo.maven.apache.org/maven2/org/junit/platform/junit-platform-commons/1.11.2/junit-platform-commons-1.11.2.pom
2026.03.08 16:00:52 INFO  Progress (1): 966 B
2026.03.08 16:00:52 INFO  Progress (1): 2.8 kB
2026.03.08 16:00:52 INFO                      
2026.03.08 16:00:52 INFO  Downloaded from central: https://repo.maven.apache.org/maven2/org/junit/platform/junit-platform-commons/1.11.2/junit-platform-commons-1.11.2.pom (2.8 kB at 94 kB/s)
2026.03.08 16:00:52 INFO  [INFO] 
2026.03.08 16:00:52 INFO  [INFO] --- bloop:2.0.3:bloopInstall (default-cli) @ replay ---
2026.03.08 16:00:52 INFO  Downloading from central: https://repo.maven.apache.org/maven2/ch/epfl/scala/bloop-config_2.13/2.3.3/bloop-config_2.13-2.3.3.pom
2026.03.08 16:00:52 INFO  Progress (1): 1.4 kB
2026.03.08 16:00:52 INFO  Progress (1): 2.3 kB
2026.03.08 16:00:52 INFO                      
2026.03.08 16:00:52 INFO  Downloaded from central: https://repo.maven.apache.org/maven2/ch/epfl/scala/bloop-config_2.13/2.3.3/bloop-config_2.13-2.3.3.pom (2.3 kB at 70 kB/s)
2026.03.08 16:00:52 INFO  Downloading from central: https://repo.maven.apache.org/maven2/com/github/plokhotnyuk/jsoniter-scala/jsoniter-scala-core_2.13/2.13.5.2/jsoniter-scala-core_2.13-2.13.5.2.pom
2026.03.08 16:00:52 INFO  Progress (1): 1.4 kB
2026.03.08 16:00:52 INFO  Progress (1): 2.4 kB
2026.03.08 16:00:52 INFO                      
2026.03.08 16:00:52 INFO  Downloaded from central: https://repo.maven.apache.org/maven2/com/github/plokhotnyuk/jsoniter-scala/jsoniter-scala-core_2.13/2.13.5.2/jsoniter-scala-core_2.13-2.13.5.2.pom (2.4 kB at 64 kB/s)
2026.03.08 16:00:52 INFO  Downloading from central: https://repo.maven.apache.org/maven2/com/lihaoyi/unroll-annotation_2.13/0.1.12/unroll-annotation_2.13-0.1.12.pom
2026.03.08 16:00:52 INFO  Progress (1): 1.3 kB
2026.03.08 16:00:52 INFO  Progress (1): 1.5 kB
2026.03.08 16:00:52 INFO                      
2026.03.08 16:00:52 INFO  Downloaded from central: https://repo.maven.apache.org/maven2/com/lihaoyi/unroll-annotation_2.13/0.1.12/unroll-annotation_2.13-0.1.12.pom (1.5 kB at 40 kB/s)
2026.03.08 16:00:52 INFO  Downloading from central: https://repo.maven.apache.org/maven2/net/alchim31/maven/scala-maven-plugin/4.8.0/scala-maven-plugin-4.8.0.pom
2026.03.08 16:00:52 INFO  Progress (1): 995 B
2026.03.08 16:00:52 INFO  Progress (1): 3.5 kB
2026.03.08 16:00:52 INFO  Progress (1): 5.9 kB
2026.03.08 16:00:52 INFO  Progress (1): 11 kB 
2026.03.08 16:00:52 INFO  Progress (1): 14 kB
2026.03.08 16:00:52 INFO  Progress (1): 17 kB
2026.03.08 16:00:52 INFO  Progress (1): 21 kB
2026.03.08 16:00:52 INFO  Progress (1): 26 kB
2026.03.08 16:00:52 INFO  Progress (1): 26 kB
2026.03.08 16:00:52 INFO                     
2026.03.08 16:00:52 INFO  Downloaded from central: https://repo.maven.apache.org/maven2/net/alchim31/maven/scala-maven-plugin/4.8.0/scala-maven-plugin-4.8.0.pom (26 kB at 651 kB/s)
2026.03.08 16:00:52 INFO  Downloading from central: https://repo.maven.apache.org/maven2/org/codehaus/plexus/plexus-archiver/4.6.0/plexus-archiver-4.6.0.pom
2026.03.08 16:00:52 INFO  Progress (1): 1.2 kB
2026.03.08 16:00:52 INFO  Progress (1): 4.1 kB
2026.03.08 16:00:52 INFO  Progress (1): 6.3 kB
2026.03.08 16:00:52 INFO  Progress (1): 6.5 kB
2026.03.08 16:00:52 INFO                      
2026.03.08 16:00:52 INFO  Downloaded from central: https://repo.maven.apache.org/maven2/org/codehaus/plexus/plexus-archiver/4.6.0/plexus-archiver-4.6.0.pom (6.5 kB at 192 kB/s)
2026.03.08 16:00:52 INFO  Downloading from central: https://repo.maven.apache.org/maven2/com/github/luben/zstd-jni/1.5.2-5/zstd-jni-1.5.2-5.pom
2026.03.08 16:00:52 INFO  Progress (1): 1.1 kB
2026.03.08 16:00:52 INFO  Progress (1): 1.9 kB
2026.03.08 16:00:52 INFO                      
2026.03.08 16:00:52 INFO  Downloaded from central: https://repo.maven.apache.org/maven2/com/github/luben/zstd-jni/1.5.2-5/zstd-jni-1.5.2-5.pom (1.9 kB at 55 kB/s)
2026.03.08 16:00:52 INFO  Downloading from central: https://repo.maven.apache.org/maven2/org/codehaus/plexus/plexus-classworlds/2.7.0/plexus-classworlds-2.7.0.pom
2026.03.08 16:00:52 INFO  Progress (1): 915 B
2026.03.08 16:00:52 INFO  Progress (1): 2.5 kB
2026.03.08 16:00:52 INFO  Progress (1): 5.7 kB
2026.03.08 16:00:52 INFO  Progress (1): 7.6 kB
2026.03.08 16:00:52 INFO                      
2026.03.08 16:00:52 INFO  Downloaded from central: https://repo.maven.apache.org/maven2/org/codehaus/plexus/plexus-classworlds/2.7.0/plexus-classworlds-2.7.0.pom (7.6 kB at 239 kB/s)
2026.03.08 16:00:52 INFO  Downloading from central: https://repo.maven.apache.org/maven2/org/scala-sbt/zinc_2.13/1.8.0/zinc_2.13-1.8.0.pom
2026.03.08 16:00:52 INFO  Progress (1): 1.3 kB
2026.03.08 16:00:52 INFO  Progress (1): 4.1 kB
2026.03.08 16:00:52 INFO                      
2026.03.08 16:00:52 INFO  Downloaded from central: https://repo.maven.apache.org/maven2/org/scala-sbt/zinc_2.13/1.8.0/zinc_2.13-1.8.0.pom (4.1 kB at 106 kB/s)
2026.03.08 16:00:52 INFO  Downloading from central: https://repo.maven.apache.org/maven2/org/scala-sbt/zinc-core_2.13/1.8.0/zinc-core_2.13-1.8.0.pom
2026.03.08 16:00:52 INFO  Progress (1): 1.3 kB
2026.03.08 16:00:52 INFO  Progress (1): 5.3 kB
2026.03.08 16:00:52 INFO                      
2026.03.08 16:00:52 INFO  Downloaded from central: https://repo.maven.apache.org/maven2/org/scala-sbt/zinc-core_2.13/1.8.0/zinc-core_2.13-1.8.0.pom (5.3 kB at 151 kB/s)
2026.03.08 16:00:52 INFO  Downloading from central: https://repo.maven.apache.org/maven2/org/scala-sbt/zinc-compile-core_2.13/1.8.0/zinc-compile-core_2.13-1.8.0.pom
2026.03.08 16:00:52 INFO  Progress (1): 1.2 kB
2026.03.08 16:00:52 INFO  Progress (1): 5.5 kB
2026.03.08 16:00:52 INFO                      
2026.03.08 16:00:52 INFO  Downloaded from central: https://repo.maven.apache.org/maven2/org/scala-sbt/zinc-compile-core_2.13/1.8.0/zinc-compile-core_2.13-1.8.0.pom (5.5 kB at 156 kB/s)
2026.03.08 16:00:52 INFO  Downloading from central: https://repo.maven.apache.org/maven2/org/scala-sbt/compiler-interface/1.8.0/compiler-interface-1.8.0.pom
2026.03.08 16:00:52 INFO  Progress (1): 1.3 kB
2026.03.08 16:00:52 INFO  Progress (1): 3.0 kB
2026.03.08 16:00:52 INFO                      
2026.03.08 16:00:52 INFO  Downloaded from central: https://repo.maven.apache.org/maven2/org/scala-sbt/compiler-interface/1.8.0/compiler-interface-1.8.0.pom (3.0 kB at 83 kB/s)
2026.03.08 16:00:52 INFO  Downloading from central: https://repo.maven.apache.org/maven2/org/scala-sbt/util-interface/1.8.0/util-interface-1.8.0.pom
2026.03.08 16:00:52 INFO  Progress (1): 1.3 kB
2026.03.08 16:00:52 INFO  Progress (1): 2.6 kB
2026.03.08 16:00:52 INFO                      
2026.03.08 16:00:52 INFO  Downloaded from central: https://repo.maven.apache.org/maven2/org/scala-sbt/util-interface/1.8.0/util-interface-1.8.0.pom (2.6 kB at 80 kB/s)
2026.03.08 16:00:52 INFO  Downloading from central: https://repo.maven.apache.org/maven2/org/scala-sbt/zinc-classpath_2.13/1.8.0/zinc-classpath_2.13-1.8.0.pom
2026.03.08 16:00:52 INFO  Progress (1): 1.3 kB
2026.03.08 16:00:52 INFO  Progress (1): 3.9 kB
2026.03.08 16:00:52 INFO                      
2026.03.08 16:00:52 INFO  Downloaded from central: https://repo.maven.apache.org/maven2/org/scala-sbt/zinc-classpath_2.13/1.8.0/zinc-classpath_2.13-1.8.0.pom (3.9 kB at 112 kB/s)
2026.03.08 16:00:52 INFO  Downloading from central: https://repo.maven.apache.org/maven2/org/scala-lang/scala-compiler/2.13.8/scala-compiler-2.13.8.pom
2026.03.08 16:00:53 INFO  Progress (1): 1.2 kB
2026.03.08 16:00:53 INFO  Progress (1): 2.3 kB
2026.03.08 16:00:53 INFO                      
2026.03.08 16:00:53 INFO  Downloaded from central: https://repo.maven.apache.org/maven2/org/scala-lang/scala-compiler/2.13.8/scala-compiler-2.13.8.pom (2.3 kB at 65 kB/s)
2026.03.08 16:00:53 INFO  Downloading from central: https://repo.maven.apache.org/maven2/net/java/dev/jna/jna/5.9.0/jna-5.9.0.pom
2026.03.08 16:00:53 INFO  Progress (1): 1.4 kB
2026.03.08 16:00:53 INFO  Progress (1): 2.0 kB
2026.03.08 16:00:53 INFO                      
2026.03.08 16:00:53 INFO  Downloaded from central: https://repo.maven.apache.org/maven2/net/java/dev/jna/jna/5.9.0/jna-5.9.0.pom (2.0 kB at 52 kB/s)
2026.03.08 16:00:53 INFO  Downloading from central: https://repo.maven.apache.org/maven2/org/scala-sbt/io_2.13/1.8.0/io_2.13-1.8.0.pom
2026.03.08 16:00:53 INFO  Progress (1): 1.4 kB
2026.03.08 16:00:53 INFO  Progress (1): 3.3 kB
2026.03.08 16:00:53 INFO                      
2026.03.08 16:00:53 INFO  Downloaded from central: https://repo.maven.apache.org/maven2/org/scala-sbt/io_2.13/1.8.0/io_2.13-1.8.0.pom (3.3 kB at 96 kB/s)
2026.03.08 16:00:53 INFO  Downloading from central: https://repo.maven.apache.org/maven2/com/swoval/file-tree-views/2.1.9/file-tree-views-2.1.9.pom
2026.03.08 16:00:53 INFO  Progress (1): 1.4 kB
2026.03.08 16:00:53 INFO  Progress (1): 1.7 kB
2026.03.08 16:00:53 INFO                      
2026.03.08 16:00:53 INFO  Downloaded from central: https://repo.maven.apache.org/maven2/com/swoval/file-tree-views/2.1.9/file-tree-views-2.1.9.pom (1.7 kB at 48 kB/s)
2026.03.08 16:00:53 INFO  Downloading from central: https://repo.maven.apache.org/maven2/net/java/dev/jna/jna/5.12.0/jna-5.12.0.pom
2026.03.08 16:00:53 INFO  Progress (1): 1.4 kB
2026.03.08 16:00:53 INFO  Progress (1): 2.0 kB
2026.03.08 16:00:53 INFO                      
2026.03.08 16:00:53 INFO  Downloaded from central: https://repo.maven.apache.org/maven2/net/java/dev/jna/jna/5.12.0/jna-5.12.0.pom (2.0 kB at 58 kB/s)
2026.03.08 16:00:53 INFO  Downloading from central: https://repo.maven.apache.org/maven2/net/java/dev/jna/jna-platform/5.12.0/jna-platform-5.12.0.pom
2026.03.08 16:00:53 INFO  Progress (1): 1.3 kB
2026.03.08 16:00:53 INFO  Progress (1): 2.3 kB
2026.03.08 16:00:53 INFO                      
2026.03.08 16:00:53 INFO  Downloaded from central: https://repo.maven.apache.org/maven2/net/java/dev/jna/jna-platform/5.12.0/jna-platform-5.12.0.pom (2.3 kB at 66 kB/s)
2026.03.08 16:00:53 INFO  Downloading from central: https://repo.maven.apache.org/maven2/org/scala-sbt/zinc-apiinfo_2.13/1.8.0/zinc-apiinfo_2.13-1.8.0.pom
2026.03.08 16:00:53 INFO  Progress (1): 1.3 kB
2026.03.08 16:00:53 INFO  Progress (1): 3.8 kB
2026.03.08 16:00:53 INFO                      
2026.03.08 16:00:53 INFO  Downloaded from central: https://repo.maven.apache.org/maven2/org/scala-sbt/zinc-apiinfo_2.13/1.8.0/zinc-apiinfo_2.13-1.8.0.pom (3.8 kB at 114 kB/s)
2026.03.08 16:00:53 INFO  Downloading from central: https://repo.maven.apache.org/maven2/org/scala-sbt/compiler-bridge_2.13/1.8.0/compiler-bridge_2.13-1.8.0.pom
2026.03.08 16:00:53 INFO  Progress (1): 1.3 kB
2026.03.08 16:00:53 INFO  Progress (1): 2.8 kB
2026.03.08 16:00:53 INFO                      
2026.03.08 16:00:53 INFO  Downloaded from central: https://repo.maven.apache.org/maven2/org/scala-sbt/compiler-bridge_2.13/1.8.0/compiler-bridge_2.13-1.8.0.pom (2.8 kB at 72 kB/s)
2026.03.08 16:00:53 INFO  Downloading from central: https://repo.maven.apache.org/maven2/org/scala-sbt/zinc-classfile_2.13/1.8.0/zinc-classfile_2.13-1.8.0.pom
2026.03.08 16:00:53 INFO  Progress (1): 1.3 kB
2026.03.08 16:00:53 INFO  Progress (1): 4.0 kB
2026.03.08 16:00:53 INFO                      
2026.03.08 16:00:53 INFO  Downloaded from central: https://repo.maven.apache.org/maven2/org/scala-sbt/zinc-classfile_2.13/1.8.0/zinc-classfile_2.13-1.8.0.pom (4.0 kB at 92 kB/s)
2026.03.08 16:00:53 INFO  Downloading from central: https://repo.maven.apache.org/maven2/org/scala-sbt/util-logging_2.13/1.8.0/util-logging_2.13-1.8.0.pom
2026.03.08 16:00:53 INFO  Progress (1): 1.2 kB
2026.03.08 16:00:53 INFO  Progress (1): 5.6 kB
2026.03.08 16:00:53 INFO  Progress (1): 5.7 kB
2026.03.08 16:00:53 INFO                      
2026.03.08 16:00:53 INFO  Downloaded from central: https://repo.maven.apache.org/maven2/org/scala-sbt/util-logging_2.13/1.8.0/util-logging_2.13-1.8.0.pom (5.7 kB at 137 kB/s)
2026.03.08 16:00:53 INFO  Downloading from central: https://repo.maven.apache.org/maven2/org/scala-sbt/collections_2.13/1.8.0/collections_2.13-1.8.0.pom
2026.03.08 16:00:53 INFO  Progress (1): 1.3 kB
2026.03.08 16:00:53 INFO  Progress (1): 4.4 kB
2026.03.08 16:00:53 INFO                      
2026.03.08 16:00:53 INFO  Downloaded from central: https://repo.maven.apache.org/maven2/org/scala-sbt/collections_2.13/1.8.0/collections_2.13-1.8.0.pom (4.4 kB at 71 kB/s)
2026.03.08 16:00:53 INFO  Downloading from central: https://repo.maven.apache.org/maven2/org/scala-sbt/util-position_2.13/1.8.0/util-position_2.13-1.8.0.pom
2026.03.08 16:00:53 INFO  Progress (1): 1.3 kB
2026.03.08 16:00:53 INFO  Progress (1): 3.2 kB
2026.03.08 16:00:53 INFO                      
2026.03.08 16:00:53 INFO  Downloaded from central: https://repo.maven.apache.org/maven2/org/scala-sbt/util-position_2.13/1.8.0/util-position_2.13-1.8.0.pom (3.2 kB at 54 kB/s)
2026.03.08 16:00:53 INFO  Downloading from central: https://repo.maven.apache.org/maven2/org/scala-lang/modules/scala-parallel-collections_2.13/0.2.0/scala-parallel-collections_2.13-0.2.0.pom
2026.03.08 16:00:53 INFO  Progress (1): 1.4 kB
2026.03.08 16:00:53 INFO  Progress (1): 1.8 kB
2026.03.08 16:00:53 INFO                      
2026.03.08 16:00:53 INFO  Downloaded from central: https://repo.maven.apache.org/maven2/org/scala-lang/modules/scala-parallel-collections_2.13/0.2.0/scala-parallel-collections_2.13-0.2.0.pom (1.8 kB at 40 kB/s)
2026.03.08 16:00:53 INFO  Downloading from central: https://repo.maven.apache.org/maven2/org/scala-sbt/core-macros_2.13/1.8.0/core-macros_2.13-1.8.0.pom
2026.03.08 16:00:53 INFO  Progress (1): 1.3 kB
2026.03.08 16:00:53 INFO  Progress (1): 3.1 kB
2026.03.08 16:00:53 INFO                      
2026.03.08 16:00:53 INFO  Downloaded from central: https://repo.maven.apache.org/maven2/org/scala-sbt/core-macros_2.13/1.8.0/core-macros_2.13-1.8.0.pom (3.1 kB at 85 kB/s)
2026.03.08 16:00:53 INFO  Downloading from central: https://repo.maven.apache.org/maven2/org/jline/jline-terminal/3.19.0/jline-terminal-3.19.0.pom
2026.03.08 16:00:53 INFO  Progress (1): 1.2 kB
2026.03.08 16:00:53 INFO  Progress (1): 1.3 kB
2026.03.08 16:00:53 INFO                      
2026.03.08 16:00:53 INFO  Downloaded from central: https://repo.maven.apache.org/maven2/org/jline/jline-terminal/3.19.0/jline-terminal-3.19.0.pom (1.3 kB at 31 kB/s)
2026.03.08 16:00:53 INFO  Downloading from central: https://repo.maven.apache.org/maven2/org/jline/jline-parent/3.19.0/jline-parent-3.19.0.pom
2026.03.08 16:00:53 INFO  Progress (1): 930 B
2026.03.08 16:00:53 INFO  Progress (1): 2.9 kB
2026.03.08 16:00:53 INFO  Progress (1): 8.3 kB
2026.03.08 16:00:53 INFO  Progress (1): 13 kB 
2026.03.08 16:00:53 INFO  Progress (1): 16 kB
2026.03.08 16:00:53 INFO  Progress (1): 20 kB
2026.03.08 16:00:53 INFO  Progress (1): 24 kB
2026.03.08 16:00:53 INFO                     
2026.03.08 16:00:53 INFO  Downloaded from central: https://repo.maven.apache.org/maven2/org/jline/jline-parent/3.19.0/jline-parent-3.19.0.pom (24 kB at 523 kB/s)
2026.03.08 16:00:53 INFO  Downloading from central: https://repo.maven.apache.org/maven2/net/openhft/zero-allocation-hashing/0.10.1/zero-allocation-hashing-0.10.1.pom
2026.03.08 16:00:53 INFO  Progress (1): 786 B
2026.03.08 16:00:53 INFO  Progress (1): 2.5 kB
2026.03.08 16:00:53 INFO  Progress (1): 6.3 kB
2026.03.08 16:00:53 INFO  Progress (1): 8.1 kB
2026.03.08 16:00:53 INFO                      
2026.03.08 16:00:53 INFO  Downloaded from central: https://repo.maven.apache.org/maven2/net/openhft/zero-allocation-hashing/0.10.1/zero-allocation-hashing-0.10.1.pom (8.1 kB at 168 kB/s)
2026.03.08 16:00:53 INFO  Downloading from central: https://repo.maven.apache.org/maven2/net/openhft/root-parent-pom/1.1.13/root-parent-pom-1.1.13.pom
2026.03.08 16:00:53 INFO  Progress (1): 788 B
2026.03.08 16:00:53 INFO  Progress (1): 3.4 kB
2026.03.08 16:00:53 INFO  Progress (1): 7.4 kB
2026.03.08 16:00:53 INFO  Progress (1): 9.8 kB
2026.03.08 16:00:53 INFO                      
2026.03.08 16:00:53 INFO  Downloaded from central: https://repo.maven.apache.org/maven2/net/openhft/root-parent-pom/1.1.13/root-parent-pom-1.1.13.pom (9.8 kB at 166 kB/s)
2026.03.08 16:00:53 INFO  Downloading from central: https://repo.maven.apache.org/maven2/org/scala-sbt/util-control_2.13/1.8.0/util-control_2.13-1.8.0.pom
2026.03.08 16:00:53 INFO  Progress (1): 1.3 kB
2026.03.08 16:00:53 INFO  Progress (1): 2.8 kB
2026.03.08 16:00:53 INFO                      
2026.03.08 16:00:53 INFO  Downloaded from central: https://repo.maven.apache.org/maven2/org/scala-sbt/util-control_2.13/1.8.0/util-control_2.13-1.8.0.pom (2.8 kB at 63 kB/s)
2026.03.08 16:00:53 INFO  Downloading from central: https://repo.maven.apache.org/maven2/org/scala-sbt/zinc-persist-core-assembly/1.8.0/zinc-persist-core-assembly-1.8.0.pom
2026.03.08 16:00:53 INFO  Progress (1): 1.3 kB
2026.03.08 16:00:53 INFO  Progress (1): 2.4 kB
2026.03.08 16:00:53 INFO                      
2026.03.08 16:00:53 INFO  Downloaded from central: https://repo.maven.apache.org/maven2/org/scala-sbt/zinc-persist-core-assembly/1.8.0/zinc-persist-core-assembly-1.8.0.pom (2.4 kB at 40 kB/s)
2026.03.08 16:00:53 INFO  Downloading from central: https://repo.maven.apache.org/maven2/org/scala-sbt/util-relation_2.13/1.8.0/util-relation_2.13-1.8.0.pom
2026.03.08 16:00:53 INFO  Progress (1): 1.3 kB
2026.03.08 16:00:53 INFO  Progress (1): 3.0 kB
2026.03.08 16:00:53 INFO                      
2026.03.08 16:00:53 INFO  Downloaded from central: https://repo.maven.apache.org/maven2/org/scala-sbt/util-relation_2.13/1.8.0/util-relation_2.13-1.8.0.pom (3.0 kB at 60 kB/s)
2026.03.08 16:00:53 INFO  Downloading from central: https://repo.maven.apache.org/maven2/org/scala-sbt/zinc-persist_2.13/1.8.0/zinc-persist_2.13-1.8.0.pom
2026.03.08 16:00:53 INFO  Progress (1): 1.3 kB
2026.03.08 16:00:53 INFO  Progress (1): 4.3 kB
2026.03.08 16:00:53 INFO                      
2026.03.08 16:00:53 INFO  Downloaded from central: https://repo.maven.apache.org/maven2/org/scala-sbt/zinc-persist_2.13/1.8.0/zinc-persist_2.13-1.8.0.pom (4.3 kB at 101 kB/s)
2026.03.08 16:00:53 INFO  Downloading from central: https://repo.maven.apache.org/maven2/ch/epfl/scala/bloop-config_2.13/2.3.3/bloop-config_2.13-2.3.3.jar
2026.03.08 16:00:54 INFO  Progress (1): 7.7/288 kB
2026.03.08 16:00:54 INFO  Progress (1): 16/288 kB 
2026.03.08 16:00:54 INFO  Progress (1): 25/288 kB
2026.03.08 16:00:54 INFO  Progress (1): 41/288 kB
2026.03.08 16:00:54 INFO  Progress (1): 57/288 kB
2026.03.08 16:00:54 INFO  Progress (1): 74/288 kB
2026.03.08 16:00:54 INFO  Progress (1): 90/288 kB
2026.03.08 16:00:54 INFO  Progress (1): 106/288 kB
2026.03.08 16:00:54 INFO  Progress (1): 123/288 kB
2026.03.08 16:00:54 INFO  Progress (1): 139/288 kB
2026.03.08 16:00:54 INFO  Progress (1): 156/288 kB
2026.03.08 16:00:54 INFO  Progress (1): 172/288 kB
2026.03.08 16:00:54 INFO  Progress (1): 188/288 kB
2026.03.08 16:00:54 INFO  Progress (1): 205/288 kB
2026.03.08 16:00:54 INFO  Progress (1): 221/288 kB
2026.03.08 16:00:54 INFO  Progress (1): 238/288 kB
2026.03.08 16:00:54 INFO  Progress (1): 254/288 kB
2026.03.08 16:00:54 INFO  Progress (1): 270/288 kB
2026.03.08 16:00:54 INFO  Progress (1): 287/288 kB
2026.03.08 16:00:54 INFO  Progress (1): 288 kB    
2026.03.08 16:00:54 INFO                      
2026.03.08 16:00:54 INFO  Downloaded from central: https://repo.maven.apache.org/maven2/ch/epfl/scala/bloop-config_2.13/2.3.3/bloop-config_2.13-2.3.3.jar (288 kB at 5.0 MB/s)
2026.03.08 16:00:54 INFO  Downloading from central: https://repo.maven.apache.org/maven2/com/github/plokhotnyuk/jsoniter-scala/jsoniter-scala-core_2.13/2.13.5.2/jsoniter-scala-core_2.13-2.13.5.2.jar
2026.03.08 16:00:54 INFO  Downloading from central: https://repo.maven.apache.org/maven2/com/lihaoyi/unroll-annotation_2.13/0.1.12/unroll-annotation_2.13-0.1.12.jar
2026.03.08 16:00:54 INFO  Downloading from central: https://repo.maven.apache.org/maven2/net/alchim31/maven/scala-maven-plugin/4.8.0/scala-maven-plugin-4.8.0.jar
2026.03.08 16:00:54 INFO  Downloading from central: https://repo.maven.apache.org/maven2/org/codehaus/plexus/plexus-archiver/4.6.0/plexus-archiver-4.6.0.jar
2026.03.08 16:00:54 INFO  Downloading from central: https://repo.maven.apache.org/maven2/com/github/luben/zstd-jni/1.5.2-5/zstd-jni-1.5.2-5.jar
2026.03.08 16:00:54 INFO  Progress (1): 7.7/159 kB
2026.03.08 16:00:54 INFO  Progress (1): 8.2/159 kB
2026.03.08 16:00:54 INFO  Progress (1): 25/159 kB 
2026.03.08 16:00:54 INFO  Progress (1): 41/159 kB
2026.03.08 16:00:54 INFO  Progress (1): 57/159 kB
2026.03.08 16:00:54 INFO  Progress (1): 74/159 kB
2026.03.08 16:00:54 INFO  Progress (1): 90/159 kB
2026.03.08 16:00:54 INFO  Progress (1): 106/159 kB
2026.03.08 16:00:54 INFO  Progress (1): 123/159 kB
2026.03.08 16:00:54 INFO  Progress (1): 139/159 kB
2026.03.08 16:00:54 INFO  Progress (1): 156/159 kB
2026.03.08 16:00:54 INFO  Progress (1): 159 kB    
2026.03.08 16:00:54 INFO                      
2026.03.08 16:00:54 INFO  Downloaded from central: https://repo.maven.apache.org/maven2/net/alchim31/maven/scala-maven-plugin/4.8.0/scala-maven-plugin-4.8.0.jar (159 kB at 3.8 MB/s)
2026.03.08 16:00:54 INFO  Downloading from central: https://repo.maven.apache.org/maven2/org/codehaus/plexus/plexus-classworlds/2.7.0/plexus-classworlds-2.7.0.jar
2026.03.08 16:00:54 INFO  Progress (1): 0.9/216 kB
2026.03.08 16:00:54 INFO  Progress (1): 2.3/216 kB
2026.03.08 16:00:54 INFO  Progress (1): 3.6/216 kB
2026.03.08 16:00:54 INFO  Progress (1): 5.0/216 kB
2026.03.08 16:00:54 INFO  Progress (1): 6.4/216 kB
2026.03.08 16:00:54 INFO  Progress (2): 6.4/216 kB | 0/6.3 MB
2026.03.08 16:00:54 INFO  Progress (2): 7.7/216 kB | 0/6.3 MB
2026.03.08 16:00:54 INFO  Progress (2): 7.7/216 kB | 0/6.3 MB
2026.03.08 16:00:54 INFO  Progress (2): 9.1/216 kB | 0/6.3 MB
2026.03.08 16:00:54 INFO  Progress (2): 9.1/216 kB | 0/6.3 MB
2026.03.08 16:00:54 INFO  Progress (2): 10/216 kB | 0/6.3 MB 
2026.03.08 16:00:54 INFO  Progress (2): 10/216 kB | 0/6.3 MB
2026.03.08 16:00:54 INFO  Progress (2): 12/216 kB | 0/6.3 MB
2026.03.08 16:00:54 INFO  Progress (2): 12/216 kB | 0/6.3 MB
2026.03.08 16:00:54 INFO  Progress (2): 13/216 kB | 0/6.3 MB
2026.03.08 16:00:54 INFO  Progress (2): 13/216 kB | 0/6.3 MB
2026.03.08 16:00:54 INFO  Progress (2): 15/216 kB | 0/6.3 MB
2026.03.08 16:00:54 INFO  Progress (2): 15/216 kB | 0/6.3 MB
2026.03.08 16:00:54 INFO  Progress (2): 16/216 kB | 0/6.3 MB
2026.03.08 16:00:54 INFO  Progress (2): 16/216 kB | 0/6.3 MB
2026.03.08 16:00:54 INFO  Progress (2): 17/216 kB | 0/6.3 MB
2026.03.08 16:00:54 INFO  Progress (2): 19/216 kB | 0/6.3 MB
2026.03.08 16:00:54 INFO  Progress (2): 19/216 kB | 0/6.3 MB
2026.03.08 16:00:54 INFO  Progress (2): 20/216 kB | 0/6.3 MB
2026.03.08 16:00:54 INFO  Progress (2): 21/216 kB | 0/6.3 MB
2026.03.08 16:00:54 INFO  Progress (2): 23/216 kB | 0/6.3 MB
2026.03.08 16:00:54 INFO  Progress (2): 24/216 kB | 0/6.3 MB
2026.03.08 16:00:54 INFO  Progress (2): 25/216 kB | 0/6.3 MB
2026.03.08 16:00:54 INFO  Progress (2): 26/216 kB | 0/6.3 MB
2026.03.08 16:00:54 INFO  Progress (2): 27/216 kB | 0/6.3 MB
2026.03.08 16:00:54 INFO  Progress (2): 29/216 kB | 0/6.3 MB
2026.03.08 16:00:54 INFO  Progress (2): 30/216 kB | 0/6.3 MB
2026.03.08 16:00:54 INFO  Progress (2): 31/216 kB | 0/6.3 MB
2026.03.08 16:00:54 INFO  Progress (2): 33/216 kB | 0/6.3 MB
2026.03.08 16:00:54 INFO  Progress (2): 34/216 kB | 0/6.3 MB
2026.03.08 16:00:54 INFO  Progress (2): 36/216 kB | 0/6.3 MB
2026.03.08 16:00:54 INFO  Progress (2): 36/216 kB | 0/6.3 MB
2026.03.08 16:00:54 INFO  Progress (2): 37/216 kB | 0/6.3 MB
2026.03.08 16:00:54 INFO  Progress (2): 38/216 kB | 0/6.3 MB
2026.03.08 16:00:54 INFO  Progress (2): 38/216 kB | 0/6.3 MB
2026.03.08 16:00:54 INFO  Progress (2): 40/216 kB | 0/6.3 MB
2026.03.08 16:00:54 INFO  Progress (2): 40/216 kB | 0/6.3 MB
2026.03.08 16:00:54 INFO  Progress (2): 40/216 kB | 0/6.3 MB
2026.03.08 16:00:54 INFO  Progress (2): 41/216 kB | 0/6.3 MB
2026.03.08 16:00:54 INFO  Progress (2): 41/216 kB | 0/6.3 MB
2026.03.08 16:00:54 INFO  Progress (2): 41/216 kB | 0/6.3 MB
2026.03.08 16:00:54 INFO  Progress (2): 41/216 kB | 0/6.3 MB
2026.03.08 16:00:54 INFO  Progress (2): 41/216 kB | 0/6.3 MB
2026.03.08 16:00:54 INFO  Progress (2): 41/216 kB | 0/6.3 MB
2026.03.08 16:00:54 INFO  Progress (2): 41/216 kB | 0/6.3 MB
2026.03.08 16:00:54 INFO  Progress (2): 41/216 kB | 0/6.3 MB
2026.03.08 16:00:54 INFO  Progress (2): 41/216 kB | 0/6.3 MB
2026.03.08 16:00:54 INFO  Progress (2): 41/216 kB | 0/6.3 MB
2026.03.08 16:00:54 INFO  Progress (2): 41/216 kB | 0/6.3 MB
2026.03.08 16:00:54 INFO  Progress (2): 41/216 kB | 0/6.3 MB
2026.03.08 16:00:54 INFO  Progress (2): 41/216 kB | 0/6.3 MB
2026.03.08 16:00:54 INFO  Progress (2): 41/216 kB | 0/6.3 MB
2026.03.08 16:00:54 INFO  Progress (2): 41/216 kB | 0/6.3 MB
2026.03.08 16:00:54 INFO  Progress (2): 41/216 kB | 0/6.3 MB
2026.03.08 16:00:54 INFO  Progress (2): 41/216 kB | 0/6.3 MB
2026.03.08 16:00:54 INFO  Progress (2): 41/216 kB | 0/6.3 MB
2026.03.08 16:00:54 INFO  Progress (2): 41/216 kB | 0/6.3 MB
2026.03.08 16:00:54 INFO  Progress (2): 41/216 kB | 0/6.3 MB
2026.03.08 16:00:54 INFO  Progress (2): 41/216 kB | 0/6.3 MB
2026.03.08 16:00:54 INFO  Progress (2): 41/216 kB | 0/6.3 MB
2026.03.08 16:00:54 INFO  Progress (2): 41/216 kB | 0/6.3 MB
2026.03.08 16:00:54 INFO  Progress (2): 41/216 kB | 0/6.3 MB
2026.03.08 16:00:54 INFO  Progress (2): 41/216 kB | 0/6.3 MB
2026.03.08 16:00:54 INFO  Progress (2): 41/216 kB | 0.1/6.3 MB
2026.03.08 16:00:54 INFO  Progress (2): 41/216 kB | 0.1/6.3 MB
2026.03.08 16:00:54 INFO  Progress (2): 41/216 kB | 0.1/6.3 MB
2026.03.08 16:00:54 INFO  Progress (2): 41/216 kB | 0.1/6.3 MB
2026.03.08 16:00:54 INFO  Progress (2): 41/216 kB | 0.1/6.3 MB
2026.03.08 16:00:54 INFO  Progress (2): 41/216 kB | 0.1/6.3 MB
2026.03.08 16:00:54 INFO  Progress (2): 41/216 kB | 0.1/6.3 MB
2026.03.08 16:00:54 INFO  Progress (3): 41/216 kB | 0.1/6.3 MB | 0.9/1.3 kB
2026.03.08 16:00:54 INFO  Progress (3): 41/216 kB | 0.1/6.3 MB | 1.3 kB    
2026.03.08 16:00:54 INFO                                               
2026.03.08 16:00:54 INFO  Downloaded from central: https://repo.maven.apache.org/maven2/com/lihaoyi/unroll-annotation_2.13/0.1.12/unroll-annotation_2.13-0.1.12.jar (1.3 kB at 19 kB/s)
2026.03.08 16:00:54 INFO  Downloading from central: https://repo.maven.apache.org/maven2/org/scala-sbt/zinc_2.13/1.8.0/zinc_2.13-1.8.0.jar
2026.03.08 16:00:54 INFO  Progress (2): 42/216 kB | 0.1/6.3 MB
2026.03.08 16:00:54 INFO  Progress (2): 44/216 kB | 0.1/6.3 MB
2026.03.08 16:00:54 INFO  Progress (2): 45/216 kB | 0.1/6.3 MB
2026.03.08 16:00:54 INFO  Progress (2): 46/216 kB | 0.1/6.3 MB
2026.03.08 16:00:54 INFO  Progress (2): 48/216 kB | 0.1/6.3 MB
2026.03.08 16:00:54 INFO  Progress (2): 49/216 kB | 0.1/6.3 MB
2026.03.08 16:00:54 INFO  Progress (2): 51/216 kB | 0.1/6.3 MB
2026.03.08 16:00:54 INFO  Progress (2): 52/216 kB | 0.1/6.3 MB
2026.03.08 16:00:54 INFO  Progress (2): 53/216 kB | 0.1/6.3 MB
2026.03.08 16:00:54 INFO  Progress (2): 55/216 kB | 0.1/6.3 MB
2026.03.08 16:00:54 INFO  Progress (2): 59/216 kB | 0.1/6.3 MB
2026.03.08 16:00:54 INFO  Progress (2): 63/216 kB | 0.1/6.3 MB
2026.03.08 16:00:54 INFO  Progress (2): 67/216 kB | 0.1/6.3 MB
2026.03.08 16:00:54 INFO  Progress (2): 67/216 kB | 0.1/6.3 MB
2026.03.08 16:00:54 INFO  Progress (2): 72/216 kB | 0.1/6.3 MB
2026.03.08 16:00:54 INFO  Progress (2): 76/216 kB | 0.1/6.3 MB
2026.03.08 16:00:54 INFO  Progress (2): 80/216 kB | 0.1/6.3 MB
2026.03.08 16:00:54 INFO  Progress (2): 80/216 kB | 0.1/6.3 MB
2026.03.08 16:00:54 INFO  Progress (2): 80/216 kB | 0.1/6.3 MB
2026.03.08 16:00:54 INFO  Progress (2): 80/216 kB | 0.1/6.3 MB
2026.03.08 16:00:54 INFO  Progress (2): 80/216 kB | 0.1/6.3 MB
2026.03.08 16:00:54 INFO  Progress (2): 84/216 kB | 0.1/6.3 MB
2026.03.08 16:00:54 INFO  Progress (2): 84/216 kB | 0.1/6.3 MB
2026.03.08 16:00:54 INFO  Progress (2): 89/216 kB | 0.1/6.3 MB
2026.03.08 16:00:54 INFO  Progress (2): 89/216 kB | 0.1/6.3 MB
2026.03.08 16:00:54 INFO  Progress (2): 93/216 kB | 0.1/6.3 MB
2026.03.08 16:00:54 INFO  Progress (2): 97/216 kB | 0.1/6.3 MB
2026.03.08 16:00:54 INFO  Progress (2): 101/216 kB | 0.1/6.3 MB
2026.03.08 16:00:54 INFO  Progress (2): 105/216 kB | 0.1/6.3 MB
2026.03.08 16:00:54 INFO  Progress (2): 110/216 kB | 0.1/6.3 MB
2026.03.08 16:00:54 INFO  Progress (2): 110/216 kB | 0.1/6.3 MB
2026.03.08 16:00:54 INFO  Progress (3): 110/216 kB | 0.1/6.3 MB | 7.7/53 kB
2026.03.08 16:00:54 INFO  Progress (3): 110/216 kB | 0.1/6.3 MB | 16/53 kB 
2026.03.08 16:00:54 INFO  Progress (3): 114/216 kB | 0.1/6.3 MB | 16/53 kB
2026.03.08 16:00:54 INFO  Progress (3): 118/216 kB | 0.1/6.3 MB | 16/53 kB
2026.03.08 16:00:54 INFO  Progress (3): 118/216 kB | 0.1/6.3 MB | 28/53 kB
2026.03.08 16:00:54 INFO  Progress (3): 118/216 kB | 0.1/6.3 MB | 28/53 kB
2026.03.08 16:00:54 INFO  Progress (3): 118/216 kB | 0.1/6.3 MB | 28/53 kB
2026.03.08 16:00:54 INFO  Progress (3): 118/216 kB | 0.1/6.3 MB | 44/53 kB
2026.03.08 16:00:54 INFO  Progress (3): 118/216 kB | 0.1/6.3 MB | 44/53 kB
2026.03.08 16:00:54 INFO  Progress (3): 118/216 kB | 0.1/6.3 MB | 44/53 kB
2026.03.08 16:00:54 INFO  Progress (3): 118/216 kB | 0.1/6.3 MB | 53 kB   
2026.03.08 16:00:54 INFO  Progress (3): 118/216 kB | 0.1/6.3 MB | 53 kB
2026.03.08 16:00:54 INFO  Progress (3): 118/216 kB | 0.1/6.3 MB | 53 kB
2026.03.08 16:00:54 INFO  Progress (3): 118/216 kB | 0.1/6.3 MB | 53 kB
2026.03.08 16:00:54 INFO  Progress (3): 118/216 kB | 0.1/6.3 MB | 53 kB
2026.03.08 16:00:54 INFO  Progress (3): 118/216 kB | 0.1/6.3 MB | 53 kB
2026.03.08 16:00:54 INFO  Progress (3): 122/216 kB | 0.1/6.3 MB | 53 kB
2026.03.08 16:00:54 INFO  Progress (3): 127/216 kB | 0.1/6.3 MB | 53 kB
2026.03.08 16:00:54 INFO  Progress (3): 131/216 kB | 0.1/6.3 MB | 53 kB
2026.03.08 16:00:54 INFO  Progress (3): 131/216 kB | 0.1/6.3 MB | 53 kB
2026.03.08 16:00:54 INFO                                               
2026.03.08 16:00:54 INFO  Downloaded from central: https://repo.maven.apache.org/maven2/org/codehaus/plexus/plexus-classworlds/2.7.0/plexus-classworlds-2.7.0.jar (53 kB at 693 kB/s)
2026.03.08 16:00:54 INFO  Downloading from central: https://repo.maven.apache.org/maven2/org/scala-sbt/zinc-core_2.13/1.8.0/zinc-core_2.13-1.8.0.jar
2026.03.08 16:00:54 INFO  Progress (2): 131/216 kB | 0.1/6.3 MB
2026.03.08 16:00:54 INFO  Progress (2): 131/216 kB | 0.1/6.3 MB
2026.03.08 16:00:54 INFO  Progress (2): 131/216 kB | 0.1/6.3 MB
2026.03.08 16:00:54 INFO  Progress (2): 131/216 kB | 0.2/6.3 MB
2026.03.08 16:00:54 INFO  Progress (2): 131/216 kB | 0.2/6.3 MB
2026.03.08 16:00:54 INFO  Progress (2): 131/216 kB | 0.2/6.3 MB
2026.03.08 16:00:54 INFO  Progress (2): 131/216 kB | 0.2/6.3 MB
2026.03.08 16:00:54 INFO  Progress (2): 131/216 kB | 0.2/6.3 MB
2026.03.08 16:00:54 INFO  Progress (2): 131/216 kB | 0.2/6.3 MB
2026.03.08 16:00:54 INFO  Progress (2): 131/216 kB | 0.2/6.3 MB
2026.03.08 16:00:54 INFO  Progress (2): 131/216 kB | 0.2/6.3 MB
2026.03.08 16:00:54 INFO  Progress (2): 131/216 kB | 0.2/6.3 MB
2026.03.08 16:00:54 INFO  Progress (2): 135/216 kB | 0.2/6.3 MB
2026.03.08 16:00:54 INFO  Progress (2): 140/216 kB | 0.2/6.3 MB
2026.03.08 16:00:54 INFO  Progress (2): 140/216 kB | 0.2/6.3 MB
2026.03.08 16:00:54 INFO  Progress (2): 144/216 kB | 0.2/6.3 MB
2026.03.08 16:00:54 INFO  Progress (2): 144/216 kB | 0.2/6.3 MB
2026.03.08 16:00:54 INFO  Progress (2): 144/216 kB | 0.2/6.3 MB
2026.03.08 16:00:54 INFO  Progress (2): 148/216 kB | 0.2/6.3 MB
2026.03.08 16:00:54 INFO  Progress (2): 152/216 kB | 0.2/6.3 MB
2026.03.08 16:00:54 INFO  Progress (2): 156/216 kB | 0.2/6.3 MB
2026.03.08 16:00:54 INFO  Progress (2): 156/216 kB | 0.2/6.3 MB
2026.03.08 16:00:54 INFO  Progress (2): 156/216 kB | 0.2/6.3 MB
2026.03.08 16:00:54 INFO  Progress (2): 156/216 kB | 0.2/6.3 MB
2026.03.08 16:00:54 INFO  Progress (2): 156/216 kB | 0.2/6.3 MB
2026.03.08 16:00:54 INFO  Progress (2): 156/216 kB | 0.2/6.3 MB
2026.03.08 16:00:54 INFO  Progress (2): 161/216 kB | 0.2/6.3 MB
2026.03.08 16:00:54 INFO  Progress (2): 165/216 kB | 0.2/6.3 MB
2026.03.08 16:00:54 INFO  Progress (2): 169/216 kB | 0.2/6.3 MB
2026.03.08 16:00:54 INFO  Progress (2): 173/216 kB | 0.2/6.3 MB
2026.03.08 16:00:54 INFO  Progress (2): 178/216 kB | 0.2/6.3 MB
2026.03.08 16:00:54 INFO  Progress (2): 182/216 kB | 0.2/6.3 MB
2026.03.08 16:00:54 INFO  Progress (2): 182/216 kB | 0.2/6.3 MB
2026.03.08 16:00:54 INFO  Progress (2): 182/216 kB | 0.2/6.3 MB
2026.03.08 16:00:54 INFO  Progress (2): 186/216 kB | 0.2/6.3 MB
2026.03.08 16:00:54 INFO  Progress (2): 190/216 kB | 0.2/6.3 MB
2026.03.08 16:00:54 INFO  Progress (2): 195/216 kB | 0.2/6.3 MB
2026.03.08 16:00:54 INFO  Progress (2): 199/216 kB | 0.2/6.3 MB
2026.03.08 16:00:54 INFO  Progress (2): 203/216 kB | 0.2/6.3 MB
2026.03.08 16:00:54 INFO  Progress (2): 207/216 kB | 0.2/6.3 MB
2026.03.08 16:00:54 INFO  Progress (2): 207/216 kB | 0.3/6.3 MB
2026.03.08 16:00:54 INFO  Progress (2): 207/216 kB | 0.3/6.3 MB
2026.03.08 16:00:54 INFO  Progress (2): 211/216 kB | 0.3/6.3 MB
2026.03.08 16:00:54 INFO  Progress (2): 216/216 kB | 0.3/6.3 MB
2026.03.08 16:00:54 INFO  Progress (2): 216 kB | 0.3/6.3 MB    
2026.03.08 16:00:54 INFO  Progress (2): 216 kB | 0.3/6.3 MB
2026.03.08 16:00:54 INFO  Progress (2): 216 kB | 0.3/6.3 MB
2026.03.08 16:00:54 INFO                                   
2026.03.08 16:00:54 INFO  Downloaded from central: https://repo.maven.apache.org/maven2/org/codehaus/plexus/plexus-archiver/4.6.0/plexus-archiver-4.6.0.jar (216 kB at 2.4 MB/s)
2026.03.08 16:00:54 INFO  Downloading from central: https://repo.maven.apache.org/maven2/org/scala-sbt/zinc-apiinfo_2.13/1.8.0/zinc-apiinfo_2.13-1.8.0.jar
2026.03.08 16:00:54 INFO  Progress (1): 0.3/6.3 MB
2026.03.08 16:00:54 INFO  Progress (1): 0.3/6.3 MB
2026.03.08 16:00:54 INFO  Progress (1): 0.4/6.3 MB
2026.03.08 16:00:54 INFO  Progress (1): 0.4/6.3 MB
2026.03.08 16:00:54 INFO  Progress (1): 0.4/6.3 MB
2026.03.08 16:00:54 INFO  Progress (1): 0.4/6.3 MB
2026.03.08 16:00:54 INFO  Progress (1): 0.4/6.3 MB
2026.03.08 16:00:54 INFO  Progress (1): 0.4/6.3 MB
2026.03.08 16:00:54 INFO  Progress (1): 0.5/6.3 MB
2026.03.08 16:00:54 INFO  Progress (1): 0.5/6.3 MB
2026.03.08 16:00:54 INFO  Progress (1): 0.5/6.3 MB
2026.03.08 16:00:54 INFO  Progress (1): 0.5/6.3 MB
2026.03.08 16:00:54 INFO  Progress (1): 0.5/6.3 MB
2026.03.08 16:00:54 INFO  Progress (1): 0.5/6.3 MB
2026.03.08 16:00:54 INFO  Progress (1): 0.5/6.3 MB
2026.03.08 16:00:54 INFO  Progress (1): 0.6/6.3 MB
2026.03.08 16:00:54 INFO  Progress (1): 0.6/6.3 MB
2026.03.08 16:00:54 INFO  Progress (1): 0.6/6.3 MB
2026.03.08 16:00:54 INFO  Progress (1): 0.6/6.3 MB
2026.03.08 16:00:54 INFO  Progress (2): 0.6/6.3 MB | 0.9/176 kB
2026.03.08 16:00:54 INFO  Progress (2): 0.6/6.3 MB | 2.3/176 kB
2026.03.08 16:00:54 INFO  Progress (2): 0.6/6.3 MB | 3.6/176 kB
2026.03.08 16:00:54 INFO  Progress (2): 0.6/6.3 MB | 4.1/176 kB
2026.03.08 16:00:54 INFO  Progress (2): 0.6/6.3 MB | 5.5/176 kB
2026.03.08 16:00:54 INFO  Progress (2): 0.6/6.3 MB | 6.8/176 kB
2026.03.08 16:00:54 INFO  Progress (2): 0.6/6.3 MB | 8.2/176 kB
2026.03.08 16:00:54 INFO  Progress (2): 0.6/6.3 MB | 9.6/176 kB
2026.03.08 16:00:54 INFO  Progress (2): 0.6/6.3 MB | 11/176 kB 
2026.03.08 16:00:54 INFO  Progress (2): 0.6/6.3 MB | 12/176 kB
2026.03.08 16:00:54 INFO  Progress (2): 0.6/6.3 MB | 12/176 kB
2026.03.08 16:00:54 INFO  Progress (2): 0.6/6.3 MB | 14/176 kB
2026.03.08 16:00:54 INFO  Progress (2): 0.6/6.3 MB | 15/176 kB
2026.03.08 16:00:54 INFO  Progress (2): 0.6/6.3 MB | 16/176 kB
2026.03.08 16:00:54 INFO  Progress (2): 0.6/6.3 MB | 18/176 kB
2026.03.08 16:00:54 INFO  Progress (2): 0.6/6.3 MB | 18/176 kB
2026.03.08 16:00:54 INFO  Progress (2): 0.6/6.3 MB | 19/176 kB
2026.03.08 16:00:54 INFO  Progress (2): 0.6/6.3 MB | 21/176 kB
2026.03.08 16:00:54 INFO  Progress (2): 0.6/6.3 MB | 22/176 kB
2026.03.08 16:00:54 INFO  Progress (2): 0.6/6.3 MB | 23/176 kB
2026.03.08 16:00:54 INFO  Progress (2): 0.6/6.3 MB | 25/176 kB
2026.03.08 16:00:54 INFO  Progress (2): 0.6/6.3 MB | 26/176 kB
2026.03.08 16:00:54 INFO  Progress (2): 0.6/6.3 MB | 27/176 kB
2026.03.08 16:00:54 INFO  Progress (2): 0.6/6.3 MB | 29/176 kB
2026.03.08 16:00:54 INFO  Progress (2): 0.6/6.3 MB | 30/176 kB
2026.03.08 16:00:54 INFO  Progress (2): 0.6/6.3 MB | 31/176 kB
2026.03.08 16:00:54 INFO  Progress (2): 0.6/6.3 MB | 33/176 kB
2026.03.08 16:00:54 INFO  Progress (2): 0.6/6.3 MB | 34/176 kB
2026.03.08 16:00:54 INFO  Progress (2): 0.6/6.3 MB | 36/176 kB
2026.03.08 16:00:54 INFO  Progress (2): 0.6/6.3 MB | 37/176 kB
2026.03.08 16:00:54 INFO  Progress (2): 0.6/6.3 MB | 38/176 kB
2026.03.08 16:00:54 INFO  Progress (2): 0.6/6.3 MB | 40/176 kB
2026.03.08 16:00:54 INFO  Progress (2): 0.6/6.3 MB | 41/176 kB
2026.03.08 16:00:54 INFO  Progress (3): 0.6/6.3 MB | 41/176 kB | 1.4/85 kB
2026.03.08 16:00:54 INFO  Progress (3): 0.6/6.3 MB | 42/176 kB | 1.4/85 kB
2026.03.08 16:00:54 INFO  Progress (3): 0.6/6.3 MB | 42/176 kB | 2.7/85 kB
2026.03.08 16:00:54 INFO  Progress (3): 0.6/6.3 MB | 44/176 kB | 2.7/85 kB
2026.03.08 16:00:54 INFO  Progress (3): 0.6/6.3 MB | 44/176 kB | 4.1/85 kB
2026.03.08 16:00:54 INFO  Progress (3): 0.6/6.3 MB | 45/176 kB | 4.1/85 kB
2026.03.08 16:00:54 INFO  Progress (3): 0.6/6.3 MB | 45/176 kB | 5.5/85 kB
2026.03.08 16:00:54 INFO  Progress (3): 0.6/6.3 MB | 45/176 kB | 6.8/85 kB
2026.03.08 16:00:54 INFO  Progress (3): 0.6/6.3 MB | 47/176 kB | 6.8/85 kB
2026.03.08 16:00:54 INFO  Progress (3): 0.6/6.3 MB | 47/176 kB | 8.2/85 kB
2026.03.08 16:00:54 INFO  Progress (3): 0.6/6.3 MB | 48/176 kB | 8.2/85 kB
2026.03.08 16:00:54 INFO  Progress (3): 0.6/6.3 MB | 48/176 kB | 9.6/85 kB
2026.03.08 16:00:54 INFO  Progress (3): 0.6/6.3 MB | 49/176 kB | 9.6/85 kB
2026.03.08 16:00:54 INFO  Progress (3): 0.6/6.3 MB | 49/176 kB | 11/85 kB 
2026.03.08 16:00:54 INFO  Progress (3): 0.6/6.3 MB | 51/176 kB | 11/85 kB
2026.03.08 16:00:54 INFO  Progress (3): 0.6/6.3 MB | 51/176 kB | 12/85 kB
2026.03.08 16:00:54 INFO  Progress (3): 0.6/6.3 MB | 52/176 kB | 12/85 kB
2026.03.08 16:00:54 INFO  Progress (3): 0.6/6.3 MB | 52/176 kB | 14/85 kB
2026.03.08 16:00:54 INFO  Progress (3): 0.6/6.3 MB | 53/176 kB | 14/85 kB
2026.03.08 16:00:54 INFO  Progress (3): 0.6/6.3 MB | 53/176 kB | 15/85 kB
2026.03.08 16:00:54 INFO  Progress (3): 0.6/6.3 MB | 55/176 kB | 15/85 kB
2026.03.08 16:00:54 INFO  Progress (3): 0.6/6.3 MB | 55/176 kB | 16/85 kB
2026.03.08 16:00:54 INFO  Progress (3): 0.6/6.3 MB | 55/176 kB | 18/85 kB
2026.03.08 16:00:54 INFO  Progress (3): 0.6/6.3 MB | 55/176 kB | 19/85 kB
2026.03.08 16:00:54 INFO  Progress (3): 0.6/6.3 MB | 59/176 kB | 19/85 kB
2026.03.08 16:00:54 INFO  Progress (3): 0.6/6.3 MB | 59/176 kB | 21/85 kB
2026.03.08 16:00:54 INFO  Progress (3): 0.6/6.3 MB | 59/176 kB | 22/85 kB
2026.03.08 16:00:54 INFO  Progress (3): 0.6/6.3 MB | 59/176 kB | 23/85 kB
2026.03.08 16:00:54 INFO  Progress (3): 0.6/6.3 MB | 63/176 kB | 23/85 kB
2026.03.08 16:00:54 INFO  Progress (3): 0.6/6.3 MB | 63/176 kB | 25/85 kB
2026.03.08 16:00:54 INFO  Progress (3): 0.6/6.3 MB | 63/176 kB | 26/85 kB
2026.03.08 16:00:54 INFO  Progress (3): 0.6/6.3 MB | 67/176 kB | 26/85 kB
2026.03.08 16:00:54 INFO  Progress (3): 0.6/6.3 MB | 67/176 kB | 27/85 kB
2026.03.08 16:00:54 INFO  Progress (3): 0.6/6.3 MB | 67/176 kB | 29/85 kB
2026.03.08 16:00:54 INFO  Progress (3): 0.6/6.3 MB | 67/176 kB | 30/85 kB
2026.03.08 16:00:54 INFO  Progress (3): 0.6/6.3 MB | 67/176 kB | 31/85 kB
2026.03.08 16:00:54 INFO  Progress (3): 0.6/6.3 MB | 67/176 kB | 33/85 kB
2026.03.08 16:00:54 INFO  Progress (3): 0.6/6.3 MB | 67/176 kB | 34/85 kB
2026.03.08 16:00:54 INFO  Progress (3): 0.6/6.3 MB | 67/176 kB | 36/85 kB
2026.03.08 16:00:54 INFO  Progress (3): 0.6/6.3 MB | 67/176 kB | 37/85 kB
2026.03.08 16:00:54 INFO  Progress (3): 0.6/6.3 MB | 67/176 kB | 38/85 kB
2026.03.08 16:00:54 INFO  Progress (3): 0.6/6.3 MB | 67/176 kB | 40/85 kB
2026.03.08 16:00:54 INFO  Progress (3): 0.6/6.3 MB | 67/176 kB | 41/85 kB
2026.03.08 16:00:54 INFO  Progress (3): 0.6/6.3 MB | 67/176 kB | 42/85 kB
2026.03.08 16:00:54 INFO  Progress (3): 0.6/6.3 MB | 67/176 kB | 44/85 kB
2026.03.08 16:00:54 INFO  Progress (3): 0.6/6.3 MB | 67/176 kB | 45/85 kB
2026.03.08 16:00:54 INFO  Progress (3): 0.6/6.3 MB | 67/176 kB | 46/85 kB
2026.03.08 16:00:54 INFO  Progress (3): 0.6/6.3 MB | 67/176 kB | 48/85 kB
2026.03.08 16:00:54 INFO  Progress (3): 0.6/6.3 MB | 67/176 kB | 49/85 kB
2026.03.08 16:00:54 INFO  Progress (3): 0.6/6.3 MB | 67/176 kB | 51/85 kB
2026.03.08 16:00:54 INFO  Progress (3): 0.6/6.3 MB | 67/176 kB | 52/85 kB
2026.03.08 16:00:54 INFO  Progress (3): 0.6/6.3 MB | 67/176 kB | 56/85 kB
2026.03.08 16:00:54 INFO  Progress (3): 0.6/6.3 MB | 67/176 kB | 60/85 kB
2026.03.08 16:00:54 INFO  Progress (3): 0.6/6.3 MB | 67/176 kB | 65/85 kB
2026.03.08 16:00:54 INFO  Progress (3): 0.7/6.3 MB | 67/176 kB | 65/85 kB
2026.03.08 16:00:54 INFO  Progress (3): 0.7/6.3 MB | 67/176 kB | 69/85 kB
2026.03.08 16:00:54 INFO  Progress (3): 0.7/6.3 MB | 67/176 kB | 73/85 kB
2026.03.08 16:00:54 INFO  Progress (3): 0.7/6.3 MB | 67/176 kB | 73/85 kB
2026.03.08 16:00:54 INFO  Progress (3): 0.7/6.3 MB | 67/176 kB | 73/85 kB
2026.03.08 16:00:54 INFO  Progress (3): 0.7/6.3 MB | 67/176 kB | 73/85 kB
2026.03.08 16:00:54 INFO  Progress (3): 0.7/6.3 MB | 67/176 kB | 73/85 kB
2026.03.08 16:00:54 INFO  Progress (3): 0.7/6.3 MB | 67/176 kB | 73/85 kB
2026.03.08 16:00:54 INFO  Progress (3): 0.8/6.3 MB | 67/176 kB | 73/85 kB
2026.03.08 16:00:54 INFO  Progress (3): 0.8/6.3 MB | 67/176 kB | 73/85 kB
2026.03.08 16:00:54 INFO  Progress (3): 0.8/6.3 MB | 67/176 kB | 73/85 kB
2026.03.08 16:00:54 INFO  Progress (3): 0.8/6.3 MB | 67/176 kB | 73/85 kB
2026.03.08 16:00:54 INFO  Progress (3): 0.8/6.3 MB | 67/176 kB | 73/85 kB
2026.03.08 16:00:54 INFO  Progress (3): 0.8/6.3 MB | 67/176 kB | 73/85 kB
2026.03.08 16:00:54 INFO  Progress (3): 0.9/6.3 MB | 67/176 kB | 73/85 kB
2026.03.08 16:00:54 INFO  Progress (3): 0.9/6.3 MB | 67/176 kB | 73/85 kB
2026.03.08 16:00:54 INFO  Progress (3): 0.9/6.3 MB | 67/176 kB | 73/85 kB
2026.03.08 16:00:54 INFO  Progress (3): 0.9/6.3 MB | 67/176 kB | 73/85 kB
2026.03.08 16:00:54 INFO  Progress (3): 0.9/6.3 MB | 67/176 kB | 73/85 kB
2026.03.08 16:00:54 INFO  Progress (3): 0.9/6.3 MB | 67/176 kB | 73/85 kB
2026.03.08 16:00:54 INFO  Progress (3): 1.0/6.3 MB | 67/176 kB | 73/85 kB
2026.03.08 16:00:54 INFO  Progress (3): 1.0/6.3 MB | 67/176 kB | 73/85 kB
2026.03.08 16:00:54 INFO  Progress (3): 1.0/6.3 MB | 72/176 kB | 73/85 kB
2026.03.08 16:00:54 INFO  Progress (3): 1.0/6.3 MB | 76/176 kB | 73/85 kB
2026.03.08 16:00:54 INFO  Progress (3): 1.0/6.3 MB | 76/176 kB | 73/85 kB
2026.03.08 16:00:54 INFO  Progress (3): 1.0/6.3 MB | 80/176 kB | 73/85 kB
2026.03.08 16:00:54 INFO  Progress (3): 1.0/6.3 MB | 84/176 kB | 73/85 kB
2026.03.08 16:00:54 INFO  Progress (3): 1.0/6.3 MB | 89/176 kB | 73/85 kB
2026.03.08 16:00:54 INFO  Progress (3): 1.0/6.3 MB | 89/176 kB | 73/85 kB
2026.03.08 16:00:54 INFO  Progress (3): 1.0/6.3 MB | 93/176 kB | 73/85 kB
2026.03.08 16:00:54 INFO  Progress (3): 1.0/6.3 MB | 97/176 kB | 73/85 kB
2026.03.08 16:00:54 INFO  Progress (3): 1.0/6.3 MB | 101/176 kB | 73/85 kB
2026.03.08 16:00:54 INFO  Progress (3): 1.0/6.3 MB | 105/176 kB | 73/85 kB
2026.03.08 16:00:54 INFO  Progress (3): 1.0/6.3 MB | 105/176 kB | 73/85 kB
2026.03.08 16:00:54 INFO  Progress (3): 1.0/6.3 MB | 110/176 kB | 73/85 kB
2026.03.08 16:00:54 INFO  Progress (3): 1.0/6.3 MB | 110/176 kB | 73/85 kB
2026.03.08 16:00:54 INFO  Progress (3): 1.0/6.3 MB | 110/176 kB | 73/85 kB
2026.03.08 16:00:54 INFO  Progress (3): 1.1/6.3 MB | 110/176 kB | 73/85 kB
2026.03.08 16:00:54 INFO  Progress (3): 1.1/6.3 MB | 110/176 kB | 73/85 kB
2026.03.08 16:00:54 INFO  Progress (3): 1.1/6.3 MB | 110/176 kB | 73/85 kB
2026.03.08 16:00:54 INFO  Progress (3): 1.1/6.3 MB | 110/176 kB | 77/85 kB
2026.03.08 16:00:54 INFO  Progress (3): 1.1/6.3 MB | 110/176 kB | 77/85 kB
2026.03.08 16:00:54 INFO  Progress (3): 1.1/6.3 MB | 110/176 kB | 82/85 kB
2026.03.08 16:00:54 INFO  Progress (3): 1.1/6.3 MB | 114/176 kB | 82/85 kB
2026.03.08 16:00:54 INFO  Progress (3): 1.1/6.3 MB | 114/176 kB | 85 kB   
2026.03.08 16:00:54 INFO  Progress (3): 1.1/6.3 MB | 114/176 kB | 85 kB
2026.03.08 16:00:54 INFO  Progress (3): 1.1/6.3 MB | 118/176 kB | 85 kB
2026.03.08 16:00:54 INFO  Progress (3): 1.1/6.3 MB | 122/176 kB | 85 kB
2026.03.08 16:00:54 INFO  Progress (3): 1.1/6.3 MB | 122/176 kB | 85 kB
2026.03.08 16:00:54 INFO  Progress (3): 1.1/6.3 MB | 127/176 kB | 85 kB
2026.03.08 16:00:54 INFO  Progress (3): 1.1/6.3 MB | 131/176 kB | 85 kB
2026.03.08 16:00:54 INFO  Progress (3): 1.2/6.3 MB | 131/176 kB | 85 kB
2026.03.08 16:00:54 INFO  Progress (3): 1.2/6.3 MB | 135/176 kB | 85 kB
2026.03.08 16:00:54 INFO  Progress (3): 1.2/6.3 MB | 135/176 kB | 85 kB
2026.03.08 16:00:54 INFO  Progress (3): 1.2/6.3 MB | 139/176 kB | 85 kB
2026.03.08 16:00:54 INFO  Progress (3): 1.2/6.3 MB | 139/176 kB | 85 kB
2026.03.08 16:00:54 INFO                                               
2026.03.08 16:00:54 INFO  Downloaded from central: https://repo.maven.apache.org/maven2/org/scala-sbt/zinc_2.13/1.8.0/zinc_2.13-1.8.0.jar (85 kB at 750 kB/s)
2026.03.08 16:00:54 INFO  Downloading from central: https://repo.maven.apache.org/maven2/org/scala-sbt/compiler-bridge_2.13/1.8.0/compiler-bridge_2.13-1.8.0.jar
2026.03.08 16:00:54 INFO  Progress (2): 1.2/6.3 MB | 139/176 kB
2026.03.08 16:00:54 INFO  Progress (2): 1.2/6.3 MB | 139/176 kB
2026.03.08 16:00:54 INFO  Progress (3): 1.2/6.3 MB | 139/176 kB | 7.7/490 kB
2026.03.08 16:00:54 INFO  Progress (3): 1.2/6.3 MB | 139/176 kB | 8.2/490 kB
2026.03.08 16:00:54 INFO  Progress (3): 1.2/6.3 MB | 144/176 kB | 8.2/490 kB
2026.03.08 16:00:54 INFO  Progress (3): 1.2/6.3 MB | 148/176 kB | 8.2/490 kB
2026.03.08 16:00:54 INFO  Progress (3): 1.2/6.3 MB | 152/176 kB | 8.2/490 kB
2026.03.08 16:00:54 INFO  Progress (3): 1.2/6.3 MB | 156/176 kB | 8.2/490 kB
2026.03.08 16:00:54 INFO  Progress (3): 1.2/6.3 MB | 161/176 kB | 8.2/490 kB
2026.03.08 16:00:54 INFO  Progress (3): 1.2/6.3 MB | 165/176 kB | 8.2/490 kB
2026.03.08 16:00:54 INFO  Progress (3): 1.2/6.3 MB | 169/176 kB | 8.2/490 kB
2026.03.08 16:00:54 INFO  Progress (3): 1.2/6.3 MB | 173/176 kB | 8.2/490 kB
2026.03.08 16:00:54 INFO  Progress (3): 1.2/6.3 MB | 176 kB | 8.2/490 kB    
2026.03.08 16:00:54 INFO                                                
2026.03.08 16:00:54 INFO  Downloaded from central: https://repo.maven.apache.org/maven2/com/github/plokhotnyuk/jsoniter-scala/jsoniter-scala-core_2.13/2.13.5.2/jsoniter-scala-core_2.13-2.13.5.2.jar (176 kB at 1.4 MB/s)
2026.03.08 16:00:54 INFO  Downloading from central: https://repo.maven.apache.org/maven2/org/scala-sbt/zinc-classpath_2.13/1.8.0/zinc-classpath_2.13-1.8.0.jar
2026.03.08 16:00:54 INFO  Progress (3): 1.2/6.3 MB | 8.2/490 kB | 7.7/165 kB
2026.03.08 16:00:54 INFO  Progress (3): 1.2/6.3 MB | 8.2/490 kB | 16/165 kB 
2026.03.08 16:00:54 INFO  Progress (3): 1.2/6.3 MB | 8.2/490 kB | 29/165 kB
2026.03.08 16:00:54 INFO  Progress (3): 1.2/6.3 MB | 8.2/490 kB | 29/165 kB
2026.03.08 16:00:54 INFO  Progress (3): 1.2/6.3 MB | 8.2/490 kB | 29/165 kB
2026.03.08 16:00:54 INFO  Progress (3): 1.2/6.3 MB | 25/490 kB | 29/165 kB 
2026.03.08 16:00:54 INFO  Progress (3): 1.2/6.3 MB | 41/490 kB | 29/165 kB
2026.03.08 16:00:54 INFO  Progress (3): 1.3/6.3 MB | 41/490 kB | 29/165 kB
2026.03.08 16:00:54 INFO  Progress (3): 1.3/6.3 MB | 57/490 kB | 29/165 kB
2026.03.08 16:00:54 INFO  Progress (3): 1.3/6.3 MB | 57/490 kB | 29/165 kB
2026.03.08 16:00:54 INFO  Progress (3): 1.3/6.3 MB | 66/490 kB | 29/165 kB
2026.03.08 16:00:54 INFO  Progress (3): 1.3/6.3 MB | 66/490 kB | 29/165 kB
2026.03.08 16:00:54 INFO  Progress (3): 1.3/6.3 MB | 82/490 kB | 29/165 kB
2026.03.08 16:00:54 INFO  Progress (3): 1.3/6.3 MB | 82/490 kB | 29/165 kB
2026.03.08 16:00:54 INFO  Progress (3): 1.3/6.3 MB | 98/490 kB | 29/165 kB
2026.03.08 16:00:54 INFO  Progress (3): 1.3/6.3 MB | 98/490 kB | 29/165 kB
2026.03.08 16:00:54 INFO  Progress (3): 1.3/6.3 MB | 115/490 kB | 29/165 kB
2026.03.08 16:00:54 INFO  Progress (3): 1.3/6.3 MB | 115/490 kB | 29/165 kB
2026.03.08 16:00:54 INFO  Progress (3): 1.3/6.3 MB | 131/490 kB | 29/165 kB
2026.03.08 16:00:54 INFO  Progress (3): 1.4/6.3 MB | 131/490 kB | 29/165 kB
2026.03.08 16:00:54 INFO  Progress (3): 1.4/6.3 MB | 147/490 kB | 29/165 kB
2026.03.08 16:00:54 INFO  Progress (3): 1.4/6.3 MB | 147/490 kB | 29/165 kB
2026.03.08 16:00:54 INFO  Progress (3): 1.4/6.3 MB | 147/490 kB | 29/165 kB
2026.03.08 16:00:54 INFO  Progress (3): 1.4/6.3 MB | 147/490 kB | 29/165 kB
2026.03.08 16:00:54 INFO  Progress (3): 1.4/6.3 MB | 147/490 kB | 29/165 kB
2026.03.08 16:00:54 INFO  Progress (3): 1.4/6.3 MB | 147/490 kB | 29/165 kB
2026.03.08 16:00:54 INFO  Progress (3): 1.4/6.3 MB | 164/490 kB | 29/165 kB
2026.03.08 16:00:54 INFO  Progress (3): 1.4/6.3 MB | 172/490 kB | 29/165 kB
2026.03.08 16:00:54 INFO  Progress (3): 1.4/6.3 MB | 188/490 kB | 29/165 kB
2026.03.08 16:00:54 INFO  Progress (3): 1.4/6.3 MB | 205/490 kB | 29/165 kB
2026.03.08 16:00:54 INFO  Progress (3): 1.4/6.3 MB | 221/490 kB | 29/165 kB
2026.03.08 16:00:54 INFO  Progress (3): 1.4/6.3 MB | 238/490 kB | 29/165 kB
2026.03.08 16:00:54 INFO  Progress (3): 1.4/6.3 MB | 254/490 kB | 29/165 kB
2026.03.08 16:00:54 INFO  Progress (3): 1.4/6.3 MB | 270/490 kB | 29/165 kB
2026.03.08 16:00:54 INFO  Progress (3): 1.4/6.3 MB | 279/490 kB | 29/165 kB
2026.03.08 16:00:54 INFO  Progress (3): 1.4/6.3 MB | 287/490 kB | 29/165 kB
2026.03.08 16:00:54 INFO  Progress (3): 1.4/6.3 MB | 303/490 kB | 29/165 kB
2026.03.08 16:00:54 INFO  Progress (3): 1.5/6.3 MB | 303/490 kB | 29/165 kB
2026.03.08 16:00:54 INFO  Progress (3): 1.5/6.3 MB | 303/490 kB | 45/165 kB
2026.03.08 16:00:54 INFO  Progress (3): 1.5/6.3 MB | 311/490 kB | 45/165 kB
2026.03.08 16:00:54 INFO  Progress (3): 1.5/6.3 MB | 311/490 kB | 45/165 kB
2026.03.08 16:00:54 INFO  Progress (3): 1.5/6.3 MB | 319/490 kB | 45/165 kB
2026.03.08 16:00:54 INFO  Progress (3): 1.5/6.3 MB | 319/490 kB | 45/165 kB
2026.03.08 16:00:54 INFO  Progress (3): 1.5/6.3 MB | 336/490 kB | 45/165 kB
2026.03.08 16:00:54 INFO  Progress (3): 1.5/6.3 MB | 344/490 kB | 45/165 kB
2026.03.08 16:00:54 INFO  Progress (3): 1.5/6.3 MB | 344/490 kB | 45/165 kB
2026.03.08 16:00:54 INFO  Progress (3): 1.5/6.3 MB | 344/490 kB | 45/165 kB
2026.03.08 16:00:54 INFO  Progress (3): 1.5/6.3 MB | 344/490 kB | 45/165 kB
2026.03.08 16:00:54 INFO  Progress (3): 1.6/6.3 MB | 344/490 kB | 45/165 kB
2026.03.08 16:00:54 INFO  Progress (3): 1.6/6.3 MB | 344/490 kB | 45/165 kB
2026.03.08 16:00:54 INFO  Progress (3): 1.6/6.3 MB | 344/490 kB | 45/165 kB
2026.03.08 16:00:54 INFO  Progress (3): 1.6/6.3 MB | 344/490 kB | 45/165 kB
2026.03.08 16:00:54 INFO  Progress (3): 1.6/6.3 MB | 344/490 kB | 45/165 kB
2026.03.08 16:00:54 INFO  Progress (3): 1.6/6.3 MB | 344/490 kB | 45/165 kB
2026.03.08 16:00:54 INFO  Progress (3): 1.7/6.3 MB | 344/490 kB | 45/165 kB
2026.03.08 16:00:54 INFO  Progress (3): 1.7/6.3 MB | 344/490 kB | 45/165 kB
2026.03.08 16:00:54 INFO  Progress (3): 1.7/6.3 MB | 344/490 kB | 45/165 kB
2026.03.08 16:00:54 INFO  Progress (3): 1.7/6.3 MB | 344/490 kB | 45/165 kB
2026.03.08 16:00:54 INFO  Progress (3): 1.7/6.3 MB | 344/490 kB | 45/165 kB
2026.03.08 16:00:54 INFO  Progress (3): 1.7/6.3 MB | 344/490 kB | 45/165 kB
2026.03.08 16:00:54 INFO  Progress (3): 1.8/6.3 MB | 344/490 kB | 45/165 kB
2026.03.08 16:00:54 INFO  Progress (3): 1.8/6.3 MB | 344/490 kB | 45/165 kB
2026.03.08 16:00:54 INFO  Progress (3): 1.8/6.3 MB | 360/490 kB | 45/165 kB
2026.03.08 16:00:54 INFO  Progress (3): 1.8/6.3 MB | 377/490 kB | 45/165 kB
2026.03.08 16:00:54 INFO  Progress (3): 1.8/6.3 MB | 393/490 kB | 45/165 kB
2026.03.08 16:00:54 INFO  Progress (4): 1.8/6.3 MB | 393/490 kB | 45/165 kB | 3.8/243 kB
2026.03.08 16:00:54 INFO  Progress (4): 1.8/6.3 MB | 410/490 kB | 45/165 kB | 3.8/243 kB
2026.03.08 16:00:54 INFO  Progress (4): 1.8/6.3 MB | 410/490 kB | 45/165 kB | 8.0/243 kB
2026.03.08 16:00:54 INFO  Progress (4): 1.8/6.3 MB | 410/490 kB | 45/165 kB | 8.2/243 kB
2026.03.08 16:00:54 INFO  Progress (4): 1.8/6.3 MB | 410/490 kB | 45/165 kB | 12/243 kB 
2026.03.08 16:00:54 INFO  Progress (4): 1.8/6.3 MB | 418/490 kB | 45/165 kB | 12/243 kB
2026.03.08 16:00:54 INFO  Progress (4): 1.8/6.3 MB | 418/490 kB | 45/165 kB | 17/243 kB
2026.03.08 16:00:54 INFO  Progress (4): 1.8/6.3 MB | 426/490 kB | 45/165 kB | 17/243 kB
2026.03.08 16:00:54 INFO  Progress (4): 1.8/6.3 MB | 442/490 kB | 45/165 kB | 17/243 kB
2026.03.08 16:00:54 INFO  Progress (4): 1.8/6.3 MB | 459/490 kB | 45/165 kB | 17/243 kB
2026.03.08 16:00:54 INFO  Progress (4): 1.8/6.3 MB | 475/490 kB | 45/165 kB | 17/243 kB
2026.03.08 16:00:54 INFO  Progress (4): 1.8/6.3 MB | 490 kB | 45/165 kB | 17/243 kB    
2026.03.08 16:00:54 INFO  Progress (4): 1.8/6.3 MB | 490 kB | 45/165 kB | 21/243 kB
2026.03.08 16:00:54 INFO  Progress (4): 1.8/6.3 MB | 490 kB | 45/165 kB | 25/243 kB
2026.03.08 16:00:54 INFO  Progress (4): 1.8/6.3 MB | 490 kB | 45/165 kB | 29/243 kB
2026.03.08 16:00:54 INFO  Progress (4): 1.8/6.3 MB | 490 kB | 45/165 kB | 34/243 kB
2026.03.08 16:00:54 INFO  Progress (4): 1.8/6.3 MB | 490 kB | 45/165 kB | 38/243 kB
2026.03.08 16:00:54 INFO  Progress (4): 1.8/6.3 MB | 490 kB | 45/165 kB | 41/243 kB
2026.03.08 16:00:54 INFO  Progress (4): 1.8/6.3 MB | 490 kB | 45/165 kB | 45/243 kB
2026.03.08 16:00:54 INFO  Progress (4): 1.8/6.3 MB | 490 kB | 45/165 kB | 49/243 kB
2026.03.08 16:00:54 INFO                                                           
2026.03.08 16:00:54 INFO  Downloaded from central: https://repo.maven.apache.org/maven2/org/scala-sbt/zinc-core_2.13/1.8.0/zinc-core_2.13-1.8.0.jar (490 kB at 3.3 MB/s)
2026.03.08 16:00:54 INFO  Downloading from central: https://repo.maven.apache.org/maven2/org/scala-lang/scala-compiler/2.13.8/scala-compiler-2.13.8.jar
2026.03.08 16:00:54 INFO  Progress (3): 1.8/6.3 MB | 45/165 kB | 54/243 kB
2026.03.08 16:00:54 INFO  Progress (3): 1.8/6.3 MB | 45/165 kB | 58/243 kB
2026.03.08 16:00:54 INFO  Progress (3): 1.8/6.3 MB | 45/165 kB | 62/243 kB
2026.03.08 16:00:54 INFO  Progress (3): 1.8/6.3 MB | 45/165 kB | 66/243 kB
2026.03.08 16:00:54 INFO  Progress (3): 1.8/6.3 MB | 45/165 kB | 71/243 kB
2026.03.08 16:00:54 INFO  Progress (3): 1.8/6.3 MB | 45/165 kB | 74/243 kB
2026.03.08 16:00:54 INFO  Progress (3): 1.8/6.3 MB | 45/165 kB | 78/243 kB
2026.03.08 16:00:54 INFO  Progress (3): 1.8/6.3 MB | 45/165 kB | 82/243 kB
2026.03.08 16:00:54 INFO  Progress (3): 1.8/6.3 MB | 45/165 kB | 86/243 kB
2026.03.08 16:00:54 INFO  Progress (3): 1.8/6.3 MB | 45/165 kB | 91/243 kB
2026.03.08 16:00:54 INFO  Progress (3): 1.8/6.3 MB | 45/165 kB | 95/243 kB
2026.03.08 16:00:54 INFO  Progress (3): 1.8/6.3 MB | 45/165 kB | 99/243 kB
2026.03.08 16:00:54 INFO  Progress (3): 1.8/6.3 MB | 45/165 kB | 103/243 kB
2026.03.08 16:00:54 INFO  Progress (3): 1.8/6.3 MB | 45/165 kB | 108/243 kB
2026.03.08 16:00:54 INFO  Progress (3): 1.8/6.3 MB | 45/165 kB | 112/243 kB
2026.03.08 16:00:54 INFO  Progress (3): 1.8/6.3 MB | 45/165 kB | 116/243 kB
2026.03.08 16:00:54 INFO  Progress (3): 1.8/6.3 MB | 45/165 kB | 120/243 kB
2026.03.08 16:00:54 INFO  Progress (3): 1.8/6.3 MB | 45/165 kB | 124/243 kB
2026.03.08 16:00:54 INFO  Progress (3): 1.8/6.3 MB | 45/165 kB | 129/243 kB
2026.03.08 16:00:54 INFO  Progress (3): 1.8/6.3 MB | 45/165 kB | 131/243 kB
2026.03.08 16:00:54 INFO  Progress (3): 1.8/6.3 MB | 45/165 kB | 139/243 kB
2026.03.08 16:00:54 INFO  Progress (3): 1.8/6.3 MB | 45/165 kB | 156/243 kB
2026.03.08 16:00:54 INFO  Progress (3): 1.8/6.3 MB | 45/165 kB | 164/243 kB
2026.03.08 16:00:54 INFO  Progress (3): 1.8/6.3 MB | 61/165 kB | 164/243 kB
2026.03.08 16:00:54 INFO  Progress (3): 1.8/6.3 MB | 78/165 kB | 164/243 kB
2026.03.08 16:00:54 INFO  Progress (3): 1.8/6.3 MB | 94/165 kB | 164/243 kB
2026.03.08 16:00:54 INFO  Progress (3): 1.8/6.3 MB | 111/165 kB | 164/243 kB
2026.03.08 16:00:54 INFO  Progress (3): 1.8/6.3 MB | 127/165 kB | 164/243 kB
2026.03.08 16:00:54 INFO  Progress (3): 1.8/6.3 MB | 143/165 kB | 164/243 kB
2026.03.08 16:00:54 INFO  Progress (3): 1.8/6.3 MB | 160/165 kB | 164/243 kB
2026.03.08 16:00:54 INFO  Progress (3): 1.8/6.3 MB | 165 kB | 164/243 kB    
2026.03.08 16:00:54 INFO                                                
2026.03.08 16:00:54 INFO  Downloaded from central: https://repo.maven.apache.org/maven2/org/scala-sbt/zinc-apiinfo_2.13/1.8.0/zinc-apiinfo_2.13-1.8.0.jar (165 kB at 1.0 MB/s)
2026.03.08 16:00:54 INFO  Downloading from central: https://repo.maven.apache.org/maven2/org/scala-sbt/compiler-interface/1.8.0/compiler-interface-1.8.0.jar
2026.03.08 16:00:54 INFO  Progress (2): 1.8/6.3 MB | 164/243 kB
2026.03.08 16:00:54 INFO  Progress (2): 1.8/6.3 MB | 164/243 kB
2026.03.08 16:00:54 INFO  Progress (2): 1.8/6.3 MB | 164/243 kB
2026.03.08 16:00:54 INFO  Progress (2): 1.8/6.3 MB | 164/243 kB
2026.03.08 16:00:54 INFO  Progress (2): 1.8/6.3 MB | 172/243 kB
2026.03.08 16:00:54 INFO  Progress (2): 1.9/6.3 MB | 172/243 kB
2026.03.08 16:00:54 INFO  Progress (2): 1.9/6.3 MB | 172/243 kB
2026.03.08 16:00:54 INFO  Progress (2): 1.9/6.3 MB | 172/243 kB
2026.03.08 16:00:54 INFO  Progress (2): 1.9/6.3 MB | 172/243 kB
2026.03.08 16:00:54 INFO  Progress (2): 1.9/6.3 MB | 172/243 kB
2026.03.08 16:00:54 INFO  Progress (2): 1.9/6.3 MB | 188/243 kB
2026.03.08 16:00:54 INFO  Progress (2): 1.9/6.3 MB | 188/243 kB
2026.03.08 16:00:54 INFO  Progress (3): 1.9/6.3 MB | 188/243 kB | 3.4/89 kB
2026.03.08 16:00:54 INFO  Progress (3): 1.9/6.3 MB | 188/243 kB | 3.4/89 kB
2026.03.08 16:00:54 INFO  Progress (3): 2.0/6.3 MB | 188/243 kB | 3.4/89 kB
2026.03.08 16:00:54 INFO  Progress (3): 2.0/6.3 MB | 188/243 kB | 7.6/89 kB
2026.03.08 16:00:54 INFO  Progress (3): 2.0/6.3 MB | 188/243 kB | 12/89 kB 
2026.03.08 16:00:54 INFO  Progress (3): 2.0/6.3 MB | 188/243 kB | 16/89 kB
2026.03.08 16:00:54 INFO  Progress (3): 2.0/6.3 MB | 188/243 kB | 16/89 kB
2026.03.08 16:00:54 INFO  Progress (3): 2.0/6.3 MB | 205/243 kB | 16/89 kB
2026.03.08 16:00:54 INFO  Progress (3): 2.0/6.3 MB | 205/243 kB | 20/89 kB
2026.03.08 16:00:54 INFO  Progress (3): 2.0/6.3 MB | 205/243 kB | 25/89 kB
2026.03.08 16:00:54 INFO  Progress (3): 2.0/6.3 MB | 205/243 kB | 25/89 kB
2026.03.08 16:00:54 INFO  Progress (3): 2.0/6.3 MB | 205/243 kB | 29/89 kB
2026.03.08 16:00:54 INFO  Progress (3): 2.0/6.3 MB | 205/243 kB | 33/89 kB
2026.03.08 16:00:54 INFO  Progress (3): 2.0/6.3 MB | 205/243 kB | 33/89 kB
2026.03.08 16:00:54 INFO  Progress (3): 2.0/6.3 MB | 205/243 kB | 33/89 kB
2026.03.08 16:00:54 INFO  Progress (3): 2.0/6.3 MB | 205/243 kB | 33/89 kB
2026.03.08 16:00:54 INFO  Progress (3): 2.1/6.3 MB | 205/243 kB | 33/89 kB
2026.03.08 16:00:54 INFO  Progress (3): 2.1/6.3 MB | 205/243 kB | 33/89 kB
2026.03.08 16:00:54 INFO  Progress (3): 2.1/6.3 MB | 205/243 kB | 33/89 kB
2026.03.08 16:00:54 INFO  Progress (3): 2.1/6.3 MB | 205/243 kB | 33/89 kB
2026.03.08 16:00:54 INFO  Progress (3): 2.1/6.3 MB | 205/243 kB | 33/89 kB
2026.03.08 16:00:54 INFO  Progress (3): 2.1/6.3 MB | 205/243 kB | 33/89 kB
2026.03.08 16:00:54 INFO  Progress (3): 2.2/6.3 MB | 205/243 kB | 33/89 kB
2026.03.08 16:00:54 INFO  Progress (3): 2.2/6.3 MB | 205/243 kB | 33/89 kB
2026.03.08 16:00:54 INFO  Progress (3): 2.2/6.3 MB | 205/243 kB | 33/89 kB
2026.03.08 16:00:54 INFO  Progress (3): 2.2/6.3 MB | 205/243 kB | 33/89 kB
2026.03.08 16:00:54 INFO  Progress (3): 2.2/6.3 MB | 205/243 kB | 33/89 kB
2026.03.08 16:00:54 INFO  Progress (3): 2.2/6.3 MB | 205/243 kB | 33/89 kB
2026.03.08 16:00:54 INFO  Progress (3): 2.3/6.3 MB | 205/243 kB | 33/89 kB
2026.03.08 16:00:54 INFO  Progress (3): 2.3/6.3 MB | 205/243 kB | 33/89 kB
2026.03.08 16:00:54 INFO  Progress (3): 2.3/6.3 MB | 205/243 kB | 33/89 kB
2026.03.08 16:00:54 INFO  Progress (3): 2.3/6.3 MB | 205/243 kB | 33/89 kB
2026.03.08 16:00:54 INFO  Progress (3): 2.3/6.3 MB | 205/243 kB | 33/89 kB
2026.03.08 16:00:54 INFO  Progress (3): 2.3/6.3 MB | 205/243 kB | 33/89 kB
2026.03.08 16:00:54 INFO  Progress (3): 2.4/6.3 MB | 205/243 kB | 33/89 kB
2026.03.08 16:00:54 INFO  Progress (3): 2.4/6.3 MB | 205/243 kB | 33/89 kB
2026.03.08 16:00:54 INFO  Progress (3): 2.4/6.3 MB | 205/243 kB | 33/89 kB
2026.03.08 16:00:54 INFO  Progress (3): 2.4/6.3 MB | 205/243 kB | 33/89 kB
2026.03.08 16:00:54 INFO  Progress (3): 2.4/6.3 MB | 205/243 kB | 33/89 kB
2026.03.08 16:00:54 INFO  Progress (3): 2.4/6.3 MB | 205/243 kB | 33/89 kB
2026.03.08 16:00:54 INFO  Progress (3): 2.4/6.3 MB | 205/243 kB | 33/89 kB
2026.03.08 16:00:54 INFO  Progress (3): 2.5/6.3 MB | 205/243 kB | 33/89 kB
2026.03.08 16:00:54 INFO  Progress (3): 2.5/6.3 MB | 205/243 kB | 33/89 kB
2026.03.08 16:00:54 INFO  Progress (3): 2.5/6.3 MB | 205/243 kB | 33/89 kB
2026.03.08 16:00:54 INFO  Progress (3): 2.5/6.3 MB | 205/243 kB | 33/89 kB
2026.03.08 16:00:54 INFO  Progress (3): 2.5/6.3 MB | 205/243 kB | 33/89 kB
2026.03.08 16:00:54 INFO  Progress (3): 2.5/6.3 MB | 205/243 kB | 33/89 kB
2026.03.08 16:00:54 INFO  Progress (3): 2.6/6.3 MB | 205/243 kB | 33/89 kB
2026.03.08 16:00:54 INFO  Progress (3): 2.6/6.3 MB | 205/243 kB | 33/89 kB
2026.03.08 16:00:54 INFO  Progress (3): 2.6/6.3 MB | 205/243 kB | 33/89 kB
2026.03.08 16:00:54 INFO  Progress (3): 2.6/6.3 MB | 205/243 kB | 33/89 kB
2026.03.08 16:00:54 INFO  Progress (3): 2.6/6.3 MB | 205/243 kB | 33/89 kB
2026.03.08 16:00:54 INFO  Progress (3): 2.6/6.3 MB | 205/243 kB | 33/89 kB
2026.03.08 16:00:54 INFO  Progress (3): 2.7/6.3 MB | 205/243 kB | 33/89 kB
2026.03.08 16:00:54 INFO  Progress (3): 2.7/6.3 MB | 205/243 kB | 33/89 kB
2026.03.08 16:00:54 INFO  Progress (3): 2.7/6.3 MB | 205/243 kB | 33/89 kB
2026.03.08 16:00:54 INFO  Progress (3): 2.7/6.3 MB | 205/243 kB | 33/89 kB
2026.03.08 16:00:54 INFO  Progress (3): 2.7/6.3 MB | 205/243 kB | 33/89 kB
2026.03.08 16:00:54 INFO  Progress (3): 2.7/6.3 MB | 205/243 kB | 33/89 kB
2026.03.08 16:00:54 INFO  Progress (3): 2.8/6.3 MB | 205/243 kB | 33/89 kB
2026.03.08 16:00:54 INFO  Progress (3): 2.8/6.3 MB | 205/243 kB | 33/89 kB
2026.03.08 16:00:54 INFO  Progress (3): 2.8/6.3 MB | 205/243 kB | 33/89 kB
2026.03.08 16:00:54 INFO  Progress (3): 2.8/6.3 MB | 205/243 kB | 33/89 kB
2026.03.08 16:00:54 INFO  Progress (3): 2.8/6.3 MB | 205/243 kB | 33/89 kB
2026.03.08 16:00:54 INFO  Progress (3): 2.8/6.3 MB | 205/243 kB | 33/89 kB
2026.03.08 16:00:54 INFO  Progress (3): 2.9/6.3 MB | 205/243 kB | 33/89 kB
2026.03.08 16:00:54 INFO  Progress (3): 2.9/6.3 MB | 205/243 kB | 33/89 kB
2026.03.08 16:00:54 INFO  Progress (3): 2.9/6.3 MB | 205/243 kB | 33/89 kB
2026.03.08 16:00:54 INFO  Progress (3): 2.9/6.3 MB | 205/243 kB | 33/89 kB
2026.03.08 16:00:54 INFO  Progress (3): 2.9/6.3 MB | 205/243 kB | 33/89 kB
2026.03.08 16:00:54 INFO  Progress (3): 2.9/6.3 MB | 205/243 kB | 33/89 kB
2026.03.08 16:00:54 INFO  Progress (3): 2.9/6.3 MB | 205/243 kB | 33/89 kB
2026.03.08 16:00:54 INFO  Progress (3): 3.0/6.3 MB | 205/243 kB | 33/89 kB
2026.03.08 16:00:54 INFO  Progress (3): 3.0/6.3 MB | 205/243 kB | 33/89 kB
2026.03.08 16:00:54 INFO  Progress (3): 3.0/6.3 MB | 205/243 kB | 33/89 kB
2026.03.08 16:00:54 INFO  Progress (3): 3.0/6.3 MB | 205/243 kB | 33/89 kB
2026.03.08 16:00:54 INFO  Progress (3): 3.0/6.3 MB | 205/243 kB | 33/89 kB
2026.03.08 16:00:54 INFO  Progress (3): 3.0/6.3 MB | 205/243 kB | 33/89 kB
2026.03.08 16:00:54 INFO  Progress (3): 3.1/6.3 MB | 205/243 kB | 33/89 kB
2026.03.08 16:00:54 INFO  Progress (3): 3.1/6.3 MB | 205/243 kB | 33/89 kB
2026.03.08 16:00:54 INFO  Progress (3): 3.1/6.3 MB | 205/243 kB | 33/89 kB
2026.03.08 16:00:54 INFO  Progress (3): 3.1/6.3 MB | 205/243 kB | 33/89 kB
2026.03.08 16:00:54 INFO  Progress (3): 3.1/6.3 MB | 205/243 kB | 33/89 kB
2026.03.08 16:00:54 INFO  Progress (3): 3.1/6.3 MB | 205/243 kB | 33/89 kB
2026.03.08 16:00:54 INFO  Progress (3): 3.2/6.3 MB | 205/243 kB | 33/89 kB
2026.03.08 16:00:54 INFO  Progress (3): 3.2/6.3 MB | 205/243 kB | 33/89 kB
2026.03.08 16:00:54 INFO  Progress (3): 3.2/6.3 MB | 205/243 kB | 33/89 kB
2026.03.08 16:00:54 INFO  Progress (3): 3.2/6.3 MB | 205/243 kB | 33/89 kB
2026.03.08 16:00:54 INFO  Progress (3): 3.2/6.3 MB | 205/243 kB | 33/89 kB
2026.03.08 16:00:54 INFO  Progress (3): 3.2/6.3 MB | 205/243 kB | 33/89 kB
2026.03.08 16:00:54 INFO  Progress (3): 3.3/6.3 MB | 205/243 kB | 33/89 kB
2026.03.08 16:00:54 INFO  Progress (3): 3.3/6.3 MB | 205/243 kB | 33/89 kB
2026.03.08 16:00:54 INFO  Progress (3): 3.3/6.3 MB | 205/243 kB | 33/89 kB
2026.03.08 16:00:54 INFO  Progress (3): 3.3/6.3 MB | 205/243 kB | 33/89 kB
2026.03.08 16:00:54 INFO  Progress (3): 3.3/6.3 MB | 205/243 kB | 33/89 kB
2026.03.08 16:00:54 INFO  Progress (3): 3.3/6.3 MB | 205/243 kB | 33/89 kB
2026.03.08 16:00:54 INFO  Progress (3): 3.4/6.3 MB | 205/243 kB | 33/89 kB
2026.03.08 16:00:54 INFO  Progress (3): 3.4/6.3 MB | 221/243 kB | 33/89 kB
2026.03.08 16:00:54 INFO  Progress (3): 3.4/6.3 MB | 229/243 kB | 33/89 kB
2026.03.08 16:00:54 INFO  Progress (3): 3.4/6.3 MB | 238/243 kB | 33/89 kB
2026.03.08 16:00:54 INFO  Progress (3): 3.4/6.3 MB | 238/243 kB | 37/89 kB
2026.03.08 16:00:54 INFO  Progress (3): 3.4/6.3 MB | 238/243 kB | 41/89 kB
2026.03.08 16:00:54 INFO  Progress (3): 3.4/6.3 MB | 243 kB | 41/89 kB    
2026.03.08 16:00:54 INFO  Progress (3): 3.4/6.3 MB | 243 kB | 41/89 kB
2026.03.08 16:00:54 INFO  Progress (3): 3.4/6.3 MB | 243 kB | 58/89 kB
2026.03.08 16:00:54 INFO  Progress (3): 3.4/6.3 MB | 243 kB | 58/89 kB
2026.03.08 16:00:54 INFO  Progress (3): 3.4/6.3 MB | 243 kB | 74/89 kB
2026.03.08 16:00:54 INFO  Progress (3): 3.4/6.3 MB | 243 kB | 74/89 kB
2026.03.08 16:00:54 INFO  Progress (3): 3.4/6.3 MB | 243 kB | 89 kB   
2026.03.08 16:00:54 INFO  Progress (3): 3.4/6.3 MB | 243 kB | 89 kB
2026.03.08 16:00:54 INFO  Progress (3): 3.4/6.3 MB | 243 kB | 89 kB
2026.03.08 16:00:54 INFO  Progress (3): 3.5/6.3 MB | 243 kB | 89 kB
2026.03.08 16:00:54 INFO  Progress (3): 3.5/6.3 MB | 243 kB | 89 kB
2026.03.08 16:00:54 INFO  Progress (3): 3.5/6.3 MB | 243 kB | 89 kB
2026.03.08 16:00:54 INFO                                           
2026.03.08 16:00:54 INFO  Downloaded from central: https://repo.maven.apache.org/maven2/org/scala-sbt/zinc-classpath_2.13/1.8.0/zinc-classpath_2.13-1.8.0.jar (89 kB at 482 kB/s)
2026.03.08 16:00:54 INFO  Downloading from central: https://repo.maven.apache.org/maven2/org/scala-sbt/util-interface/1.8.0/util-interface-1.8.0.jar
2026.03.08 16:00:54 INFO  Downloaded from central: https://repo.maven.apache.org/maven2/org/scala-sbt/compiler-bridge_2.13/1.8.0/compiler-bridge_2.13-1.8.0.jar (243 kB at 1.3 MB/s)
2026.03.08 16:00:54 INFO  Downloading from central: https://repo.maven.apache.org/maven2/org/scala-sbt/zinc-persist-core-assembly/1.8.0/zinc-persist-core-assembly-1.8.0.jar
2026.03.08 16:00:54 INFO  Progress (1): 3.5/6.3 MB
2026.03.08 16:00:54 INFO  Progress (1): 3.5/6.3 MB
2026.03.08 16:00:54 INFO  Progress (1): 3.5/6.3 MB
2026.03.08 16:00:54 INFO  Progress (1): 3.6/6.3 MB
2026.03.08 16:00:54 INFO  Progress (1): 3.6/6.3 MB
2026.03.08 16:00:54 INFO  Progress (1): 3.6/6.3 MB
2026.03.08 16:00:54 INFO  Progress (1): 3.6/6.3 MB
2026.03.08 16:00:54 INFO  Progress (1): 3.6/6.3 MB
2026.03.08 16:00:54 INFO  Progress (1): 3.6/6.3 MB
2026.03.08 16:00:54 INFO  Progress (1): 3.6/6.3 MB
2026.03.08 16:00:54 INFO  Progress (1): 3.6/6.3 MB
2026.03.08 16:00:54 INFO  Progress (1): 3.7/6.3 MB
2026.03.08 16:00:54 INFO  Progress (1): 3.7/6.3 MB
2026.03.08 16:00:54 INFO  Progress (1): 3.7/6.3 MB
2026.03.08 16:00:54 INFO  Progress (1): 3.7/6.3 MB
2026.03.08 16:00:54 INFO  Progress (1): 3.7/6.3 MB
2026.03.08 16:00:54 INFO  Progress (1): 3.7/6.3 MB
2026.03.08 16:00:54 INFO  Progress (1): 3.8/6.3 MB
2026.03.08 16:00:54 INFO  Progress (1): 3.8/6.3 MB
2026.03.08 16:00:54 INFO  Progress (1): 3.8/6.3 MB
2026.03.08 16:00:54 INFO  Progress (1): 3.8/6.3 MB
2026.03.08 16:00:54 INFO  Progress (1): 3.8/6.3 MB
2026.03.08 16:00:54 INFO  Progress (1): 3.8/6.3 MB
2026.03.08 16:00:54 INFO  Progress (1): 3.9/6.3 MB
2026.03.08 16:00:54 INFO  Progress (1): 3.9/6.3 MB
2026.03.08 16:00:54 INFO  Progress (2): 3.9/6.3 MB | 0/12 MB
2026.03.08 16:00:54 INFO  Progress (2): 3.9/6.3 MB | 0/12 MB
2026.03.08 16:00:54 INFO  Progress (2): 3.9/6.3 MB | 0/12 MB
2026.03.08 16:00:54 INFO  Progress (2): 3.9/6.3 MB | 0/12 MB
2026.03.08 16:00:54 INFO  Progress (2): 3.9/6.3 MB | 0/12 MB
2026.03.08 16:00:54 INFO  Progress (2): 3.9/6.3 MB | 0/12 MB
2026.03.08 16:00:54 INFO  Progress (2): 3.9/6.3 MB | 0/12 MB
2026.03.08 16:00:54 INFO  Progress (2): 3.9/6.3 MB | 0.1/12 MB
2026.03.08 16:00:54 INFO  Progress (2): 3.9/6.3 MB | 0.1/12 MB
2026.03.08 16:00:54 INFO  Progress (3): 3.9/6.3 MB | 0.1/12 MB | 7.7/112 kB
2026.03.08 16:00:54 INFO  Progress (3): 3.9/6.3 MB | 0.1/12 MB | 12/112 kB 
2026.03.08 16:00:54 INFO  Progress (3): 3.9/6.3 MB | 0.1/12 MB | 29/112 kB
2026.03.08 16:00:54 INFO  Progress (3): 4.0/6.3 MB | 0.1/12 MB | 29/112 kB
2026.03.08 16:00:54 INFO  Progress (3): 4.0/6.3 MB | 0.1/12 MB | 29/112 kB
2026.03.08 16:00:54 INFO  Progress (3): 4.0/6.3 MB | 0.1/12 MB | 29/112 kB
2026.03.08 16:00:54 INFO  Progress (3): 4.0/6.3 MB | 0.1/12 MB | 29/112 kB
2026.03.08 16:00:54 INFO  Progress (3): 4.0/6.3 MB | 0.1/12 MB | 29/112 kB
2026.03.08 16:00:54 INFO  Progress (3): 4.0/6.3 MB | 0.1/12 MB | 29/112 kB
2026.03.08 16:00:54 INFO  Progress (3): 4.1/6.3 MB | 0.1/12 MB | 29/112 kB
2026.03.08 16:00:54 INFO  Progress (3): 4.1/6.3 MB | 0.1/12 MB | 29/112 kB
2026.03.08 16:00:54 INFO  Progress (3): 4.1/6.3 MB | 0.1/12 MB | 29/112 kB
2026.03.08 16:00:54 INFO  Progress (3): 4.1/6.3 MB | 0.1/12 MB | 45/112 kB
2026.03.08 16:00:54 INFO  Progress (3): 4.1/6.3 MB | 0.1/12 MB | 61/112 kB
2026.03.08 16:00:54 INFO  Progress (3): 4.1/6.3 MB | 0.1/12 MB | 78/112 kB
2026.03.08 16:00:54 INFO  Progress (3): 4.1/6.3 MB | 0.1/12 MB | 94/112 kB
2026.03.08 16:00:54 INFO  Progress (3): 4.1/6.3 MB | 0.1/12 MB | 111/112 kB
2026.03.08 16:00:54 INFO  Progress (3): 4.1/6.3 MB | 0.1/12 MB | 112 kB    
2026.03.08 16:00:54 INFO  Progress (4): 4.1/6.3 MB | 0.1/12 MB | 112 kB | 0/2.6 MB
2026.03.08 16:00:54 INFO  Progress (4): 4.1/6.3 MB | 0.1/12 MB | 112 kB | 0/2.6 MB
2026.03.08 16:00:54 INFO                                                          
2026.03.08 16:00:54 INFO  Downloaded from central: https://repo.maven.apache.org/maven2/org/scala-sbt/compiler-interface/1.8.0/compiler-interface-1.8.0.jar (112 kB at 528 kB/s)
2026.03.08 16:00:54 INFO  Downloading from central: https://repo.maven.apache.org/maven2/org/scala-lang/modules/scala-parallel-collections_2.13/0.2.0/scala-parallel-collections_2.13-0.2.0.jar
2026.03.08 16:00:54 INFO  Progress (3): 4.1/6.3 MB | 0.1/12 MB | 0/2.6 MB
2026.03.08 16:00:54 INFO  Progress (3): 4.1/6.3 MB | 0.1/12 MB | 0/2.6 MB
2026.03.08 16:00:54 INFO  Progress (3): 4.1/6.3 MB | 0.1/12 MB | 0.1/2.6 MB
2026.03.08 16:00:54 INFO  Progress (3): 4.1/6.3 MB | 0.1/12 MB | 0.1/2.6 MB
2026.03.08 16:00:54 INFO  Progress (3): 4.1/6.3 MB | 0.1/12 MB | 0.1/2.6 MB
2026.03.08 16:00:54 INFO  Progress (3): 4.1/6.3 MB | 0.1/12 MB | 0.1/2.6 MB
2026.03.08 16:00:54 INFO  Progress (3): 4.1/6.3 MB | 0.1/12 MB | 0.1/2.6 MB
2026.03.08 16:00:54 INFO  Progress (3): 4.1/6.3 MB | 0.1/12 MB | 0.1/2.6 MB
2026.03.08 16:00:54 INFO  Progress (4): 4.1/6.3 MB | 0.1/12 MB | 0.1/2.6 MB | 3.3 kB
2026.03.08 16:00:54 INFO                                                            
2026.03.08 16:00:54 INFO  Downloaded from central: https://repo.maven.apache.org/maven2/org/scala-sbt/util-interface/1.8.0/util-interface-1.8.0.jar (3.3 kB at 15 kB/s)
2026.03.08 16:00:54 INFO  Downloading from central: https://repo.maven.apache.org/maven2/org/scala-sbt/io_2.13/1.8.0/io_2.13-1.8.0.jar
2026.03.08 16:00:54 INFO  Progress (3): 4.1/6.3 MB | 0.1/12 MB | 0.1/2.6 MB
2026.03.08 16:00:54 INFO  Progress (3): 4.1/6.3 MB | 0.1/12 MB | 0.2/2.6 MB
2026.03.08 16:00:54 INFO  Progress (3): 4.1/6.3 MB | 0.1/12 MB | 0.2/2.6 MB
2026.03.08 16:00:54 INFO  Progress (3): 4.1/6.3 MB | 0.1/12 MB | 0.2/2.6 MB
2026.03.08 16:00:54 INFO  Progress (3): 4.1/6.3 MB | 0.1/12 MB | 0.2/2.6 MB
2026.03.08 16:00:54 INFO  Progress (3): 4.1/6.3 MB | 0.1/12 MB | 0.2/2.6 MB
2026.03.08 16:00:54 INFO  Progress (3): 4.1/6.3 MB | 0.1/12 MB | 0.2/2.6 MB
2026.03.08 16:00:54 INFO  Progress (3): 4.1/6.3 MB | 0.1/12 MB | 0.2/2.6 MB
2026.03.08 16:00:54 INFO  Progress (3): 4.1/6.3 MB | 0.1/12 MB | 0.2/2.6 MB
2026.03.08 16:00:54 INFO  Progress (3): 4.1/6.3 MB | 0.1/12 MB | 0.3/2.6 MB
2026.03.08 16:00:54 INFO  Progress (3): 4.1/6.3 MB | 0.1/12 MB | 0.3/2.6 MB
2026.03.08 16:00:54 INFO  Progress (3): 4.1/6.3 MB | 0.1/12 MB | 0.3/2.6 MB
2026.03.08 16:00:54 INFO  Progress (3): 4.1/6.3 MB | 0.1/12 MB | 0.3/2.6 MB
2026.03.08 16:00:54 INFO  Progress (3): 4.1/6.3 MB | 0.1/12 MB | 0.3/2.6 MB
2026.03.08 16:00:54 INFO  Progress (3): 4.1/6.3 MB | 0.1/12 MB | 0.3/2.6 MB
2026.03.08 16:00:54 INFO  Progress (3): 4.1/6.3 MB | 0.1/12 MB | 0.3/2.6 MB
2026.03.08 16:00:54 INFO  Progress (3): 4.1/6.3 MB | 0.1/12 MB | 0.3/2.6 MB
2026.03.08 16:00:54 INFO  Progress (3): 4.1/6.3 MB | 0.1/12 MB | 0.3/2.6 MB
2026.03.08 16:00:54 INFO  Progress (3): 4.1/6.3 MB | 0.1/12 MB | 0.3/2.6 MB
2026.03.08 16:00:54 INFO  Progress (3): 4.1/6.3 MB | 0.1/12 MB | 0.3/2.6 MB
2026.03.08 16:00:54 INFO  Progress (3): 4.1/6.3 MB | 0.1/12 MB | 0.3/2.6 MB
2026.03.08 16:00:54 INFO  Progress (3): 4.1/6.3 MB | 0.2/12 MB | 0.3/2.6 MB
2026.03.08 16:00:54 INFO  Progress (3): 4.1/6.3 MB | 0.2/12 MB | 0.3/2.6 MB
2026.03.08 16:00:54 INFO  Progress (3): 4.1/6.3 MB | 0.2/12 MB | 0.3/2.6 MB
2026.03.08 16:00:54 INFO  Progress (3): 4.1/6.3 MB | 0.2/12 MB | 0.3/2.6 MB
2026.03.08 16:00:54 INFO  Progress (3): 4.1/6.3 MB | 0.2/12 MB | 0.3/2.6 MB
2026.03.08 16:00:54 INFO  Progress (3): 4.1/6.3 MB | 0.2/12 MB | 0.3/2.6 MB
2026.03.08 16:00:54 INFO  Progress (3): 4.1/6.3 MB | 0.2/12 MB | 0.3/2.6 MB
2026.03.08 16:00:54 INFO  Progress (3): 4.1/6.3 MB | 0.2/12 MB | 0.3/2.6 MB
2026.03.08 16:00:54 INFO  Progress (3): 4.1/6.3 MB | 0.2/12 MB | 0.3/2.6 MB
2026.03.08 16:00:54 INFO  Progress (3): 4.1/6.3 MB | 0.2/12 MB | 0.3/2.6 MB
2026.03.08 16:00:54 INFO  Progress (3): 4.2/6.3 MB | 0.2/12 MB | 0.3/2.6 MB
2026.03.08 16:00:54 INFO  Progress (3): 4.2/6.3 MB | 0.3/12 MB | 0.3/2.6 MB
2026.03.08 16:00:54 INFO  Progress (3): 4.2/6.3 MB | 0.3/12 MB | 0.3/2.6 MB
2026.03.08 16:00:54 INFO  Progress (3): 4.2/6.3 MB | 0.3/12 MB | 0.3/2.6 MB
2026.03.08 16:00:54 INFO  Progress (3): 4.2/6.3 MB | 0.3/12 MB | 0.3/2.6 MB
2026.03.08 16:00:54 INFO  Progress (3): 4.2/6.3 MB | 0.3/12 MB | 0.3/2.6 MB
2026.03.08 16:00:54 INFO  Progress (3): 4.2/6.3 MB | 0.3/12 MB | 0.3/2.6 MB
2026.03.08 16:00:54 INFO  Progress (3): 4.2/6.3 MB | 0.3/12 MB | 0.3/2.6 MB
2026.03.08 16:00:54 INFO  Progress (3): 4.2/6.3 MB | 0.3/12 MB | 0.3/2.6 MB
2026.03.08 16:00:54 INFO  Progress (3): 4.2/6.3 MB | 0.3/12 MB | 0.4/2.6 MB
2026.03.08 16:00:54 INFO  Progress (3): 4.2/6.3 MB | 0.3/12 MB | 0.4/2.6 MB
2026.03.08 16:00:54 INFO  Progress (3): 4.2/6.3 MB | 0.3/12 MB | 0.4/2.6 MB
2026.03.08 16:00:54 INFO  Progress (3): 4.2/6.3 MB | 0.3/12 MB | 0.4/2.6 MB
2026.03.08 16:00:54 INFO  Progress (3): 4.2/6.3 MB | 0.3/12 MB | 0.4/2.6 MB
2026.03.08 16:00:54 INFO  Progress (3): 4.3/6.3 MB | 0.3/12 MB | 0.4/2.6 MB
2026.03.08 16:00:54 INFO  Progress (3): 4.3/6.3 MB | 0.4/12 MB | 0.4/2.6 MB
2026.03.08 16:00:54 INFO  Progress (3): 4.3/6.3 MB | 0.4/12 MB | 0.4/2.6 MB
2026.03.08 16:00:54 INFO  Progress (3): 4.3/6.3 MB | 0.4/12 MB | 0.4/2.6 MB
2026.03.08 16:00:54 INFO  Progress (3): 4.3/6.3 MB | 0.4/12 MB | 0.4/2.6 MB
2026.03.08 16:00:54 INFO  Progress (3): 4.3/6.3 MB | 0.4/12 MB | 0.4/2.6 MB
2026.03.08 16:00:54 INFO  Progress (3): 4.3/6.3 MB | 0.4/12 MB | 0.4/2.6 MB
2026.03.08 16:00:54 INFO  Progress (3): 4.3/6.3 MB | 0.4/12 MB | 0.4/2.6 MB
2026.03.08 16:00:54 INFO  Progress (3): 4.3/6.3 MB | 0.4/12 MB | 0.4/2.6 MB
2026.03.08 16:00:54 INFO  Progress (3): 4.3/6.3 MB | 0.4/12 MB | 0.4/2.6 MB
2026.03.08 16:00:54 INFO  Progress (3): 4.4/6.3 MB | 0.4/12 MB | 0.4/2.6 MB
2026.03.08 16:00:54 INFO  Progress (3): 4.4/6.3 MB | 0.4/12 MB | 0.4/2.6 MB
2026.03.08 16:00:54 INFO  Progress (3): 4.4/6.3 MB | 0.4/12 MB | 0.4/2.6 MB
2026.03.08 16:00:54 INFO  Progress (3): 4.4/6.3 MB | 0.4/12 MB | 0.4/2.6 MB
2026.03.08 16:00:54 INFO  Progress (3): 4.4/6.3 MB | 0.4/12 MB | 0.4/2.6 MB
2026.03.08 16:00:54 INFO  Progress (3): 4.4/6.3 MB | 0.4/12 MB | 0.4/2.6 MB
2026.03.08 16:00:54 INFO  Progress (3): 4.5/6.3 MB | 0.4/12 MB | 0.4/2.6 MB
2026.03.08 16:00:54 INFO  Progress (3): 4.5/6.3 MB | 0.4/12 MB | 0.4/2.6 MB
2026.03.08 16:00:54 INFO  Progress (3): 4.5/6.3 MB | 0.4/12 MB | 0.4/2.6 MB
2026.03.08 16:00:54 INFO  Progress (3): 4.5/6.3 MB | 0.4/12 MB | 0.4/2.6 MB
2026.03.08 16:00:54 INFO  Progress (3): 4.5/6.3 MB | 0.4/12 MB | 0.4/2.6 MB
2026.03.08 16:00:54 INFO  Progress (3): 4.5/6.3 MB | 0.4/12 MB | 0.4/2.6 MB
2026.03.08 16:00:54 INFO  Progress (3): 4.6/6.3 MB | 0.4/12 MB | 0.4/2.6 MB
2026.03.08 16:00:54 INFO  Progress (3): 4.6/6.3 MB | 0.4/12 MB | 0.4/2.6 MB
2026.03.08 16:00:54 INFO  Progress (3): 4.6/6.3 MB | 0.4/12 MB | 0.4/2.6 MB
2026.03.08 16:00:54 INFO  Progress (3): 4.6/6.3 MB | 0.4/12 MB | 0.4/2.6 MB
2026.03.08 16:00:54 INFO  Progress (3): 4.6/6.3 MB | 0.4/12 MB | 0.4/2.6 MB
2026.03.08 16:00:54 INFO  Progress (3): 4.6/6.3 MB | 0.4/12 MB | 0.4/2.6 MB
2026.03.08 16:00:54 INFO  Progress (3): 4.6/6.3 MB | 0.4/12 MB | 0.4/2.6 MB
2026.03.08 16:00:54 INFO  Progress (3): 4.6/6.3 MB | 0.4/12 MB | 0.4/2.6 MB
2026.03.08 16:00:54 INFO  Progress (3): 4.7/6.3 MB | 0.4/12 MB | 0.4/2.6 MB
2026.03.08 16:00:54 INFO  Progress (3): 4.7/6.3 MB | 0.4/12 MB | 0.4/2.6 MB
2026.03.08 16:00:54 INFO  Progress (3): 4.7/6.3 MB | 0.4/12 MB | 0.4/2.6 MB
2026.03.08 16:00:54 INFO  Progress (3): 4.7/6.3 MB | 0.4/12 MB | 0.4/2.6 MB
2026.03.08 16:00:54 INFO  Progress (3): 4.7/6.3 MB | 0.4/12 MB | 0.4/2.6 MB
2026.03.08 16:00:54 INFO  Progress (3): 4.7/6.3 MB | 0.4/12 MB | 0.4/2.6 MB
2026.03.08 16:00:54 INFO  Progress (3): 4.7/6.3 MB | 0.4/12 MB | 0.4/2.6 MB
2026.03.08 16:00:54 INFO  Progress (3): 4.7/6.3 MB | 0.4/12 MB | 0.4/2.6 MB
2026.03.08 16:00:54 INFO  Progress (3): 4.7/6.3 MB | 0.4/12 MB | 0.5/2.6 MB
2026.03.08 16:00:54 INFO  Progress (3): 4.7/6.3 MB | 0.4/12 MB | 0.5/2.6 MB
2026.03.08 16:00:54 INFO  Progress (3): 4.7/6.3 MB | 0.4/12 MB | 0.5/2.6 MB
2026.03.08 16:00:54 INFO  Progress (3): 4.7/6.3 MB | 0.4/12 MB | 0.5/2.6 MB
2026.03.08 16:00:54 INFO  Progress (3): 4.7/6.3 MB | 0.4/12 MB | 0.5/2.6 MB
2026.03.08 16:00:54 INFO  Progress (3): 4.7/6.3 MB | 0.5/12 MB | 0.5/2.6 MB
2026.03.08 16:00:54 INFO  Progress (3): 4.7/6.3 MB | 0.5/12 MB | 0.5/2.6 MB
2026.03.08 16:00:54 INFO  Progress (3): 4.7/6.3 MB | 0.5/12 MB | 0.5/2.6 MB
2026.03.08 16:00:54 INFO  Progress (3): 4.7/6.3 MB | 0.5/12 MB | 0.5/2.6 MB
2026.03.08 16:00:54 INFO  Progress (3): 4.7/6.3 MB | 0.5/12 MB | 0.5/2.6 MB
2026.03.08 16:00:54 INFO  Progress (3): 4.8/6.3 MB | 0.5/12 MB | 0.5/2.6 MB
2026.03.08 16:00:54 INFO  Progress (3): 4.8/6.3 MB | 0.5/12 MB | 0.5/2.6 MB
2026.03.08 16:00:54 INFO  Progress (3): 4.8/6.3 MB | 0.5/12 MB | 0.5/2.6 MB
2026.03.08 16:00:54 INFO  Progress (3): 4.8/6.3 MB | 0.5/12 MB | 0.5/2.6 MB
2026.03.08 16:00:54 INFO  Progress (3): 4.8/6.3 MB | 0.5/12 MB | 0.5/2.6 MB
2026.03.08 16:00:54 INFO  Progress (3): 4.8/6.3 MB | 0.6/12 MB | 0.5/2.6 MB
2026.03.08 16:00:54 INFO  Progress (3): 4.8/6.3 MB | 0.6/12 MB | 0.5/2.6 MB
2026.03.08 16:00:54 INFO  Progress (3): 4.8/6.3 MB | 0.6/12 MB | 0.5/2.6 MB
2026.03.08 16:00:54 INFO  Progress (3): 4.8/6.3 MB | 0.6/12 MB | 0.5/2.6 MB
2026.03.08 16:00:54 INFO  Progress (3): 4.8/6.3 MB | 0.6/12 MB | 0.5/2.6 MB
2026.03.08 16:00:54 INFO  Progress (3): 4.8/6.3 MB | 0.6/12 MB | 0.5/2.6 MB
2026.03.08 16:00:54 INFO  Progress (3): 4.8/6.3 MB | 0.6/12 MB | 0.5/2.6 MB
2026.03.08 16:00:54 INFO  Progress (3): 4.8/6.3 MB | 0.6/12 MB | 0.5/2.6 MB
2026.03.08 16:00:54 INFO  Progress (3): 4.9/6.3 MB | 0.6/12 MB | 0.5/2.6 MB
2026.03.08 16:00:54 INFO  Progress (3): 4.9/6.3 MB | 0.6/12 MB | 0.5/2.6 MB
2026.03.08 16:00:54 INFO  Progress (3): 4.9/6.3 MB | 0.6/12 MB | 0.5/2.6 MB
2026.03.08 16:00:54 INFO  Progress (3): 4.9/6.3 MB | 0.6/12 MB | 0.5/2.6 MB
2026.03.08 16:00:54 INFO  Progress (3): 4.9/6.3 MB | 0.6/12 MB | 0.5/2.6 MB
2026.03.08 16:00:54 INFO  Progress (3): 4.9/6.3 MB | 0.6/12 MB | 0.5/2.6 MB
2026.03.08 16:00:54 INFO  Progress (3): 4.9/6.3 MB | 0.7/12 MB | 0.5/2.6 MB
2026.03.08 16:00:54 INFO  Progress (3): 4.9/6.3 MB | 0.7/12 MB | 0.5/2.6 MB
2026.03.08 16:00:54 INFO  Progress (3): 4.9/6.3 MB | 0.7/12 MB | 0.5/2.6 MB
2026.03.08 16:00:54 INFO  Progress (3): 4.9/6.3 MB | 0.7/12 MB | 0.5/2.6 MB
2026.03.08 16:00:54 INFO  Progress (3): 4.9/6.3 MB | 0.7/12 MB | 0.5/2.6 MB
2026.03.08 16:00:54 INFO  Progress (3): 4.9/6.3 MB | 0.7/12 MB | 0.5/2.6 MB
2026.03.08 16:00:54 INFO  Progress (3): 4.9/6.3 MB | 0.7/12 MB | 0.5/2.6 MB
2026.03.08 16:00:54 INFO  Progress (3): 5.0/6.3 MB | 0.7/12 MB | 0.5/2.6 MB
2026.03.08 16:00:54 INFO  Progress (3): 5.0/6.3 MB | 0.7/12 MB | 0.5/2.6 MB
2026.03.08 16:00:54 INFO  Progress (3): 5.0/6.3 MB | 0.7/12 MB | 0.5/2.6 MB
2026.03.08 16:00:54 INFO  Progress (3): 5.0/6.3 MB | 0.7/12 MB | 0.5/2.6 MB
2026.03.08 16:00:54 INFO  Progress (3): 5.0/6.3 MB | 0.7/12 MB | 0.5/2.6 MB
2026.03.08 16:00:54 INFO  Progress (3): 5.0/6.3 MB | 0.7/12 MB | 0.5/2.6 MB
2026.03.08 16:00:54 INFO  Progress (3): 5.0/6.3 MB | 0.7/12 MB | 0.5/2.6 MB
2026.03.08 16:00:54 INFO  Progress (3): 5.0/6.3 MB | 0.7/12 MB | 0.5/2.6 MB
2026.03.08 16:00:54 INFO  Progress (3): 5.0/6.3 MB | 0.8/12 MB | 0.5/2.6 MB
2026.03.08 16:00:54 INFO  Progress (3): 5.0/6.3 MB | 0.8/12 MB | 0.5/2.6 MB
2026.03.08 16:00:54 INFO  Progress (3): 5.0/6.3 MB | 0.8/12 MB | 0.5/2.6 MB
2026.03.08 16:00:54 INFO  Progress (3): 5.0/6.3 MB | 0.8/12 MB | 0.5/2.6 MB
2026.03.08 16:00:54 INFO  Progress (3): 5.0/6.3 MB | 0.8/12 MB | 0.5/2.6 MB
2026.03.08 16:00:54 INFO  Progress (3): 5.1/6.3 MB | 0.8/12 MB | 0.5/2.6 MB
2026.03.08 16:00:54 INFO  Progress (3): 5.1/6.3 MB | 0.8/12 MB | 0.5/2.6 MB
2026.03.08 16:00:54 INFO  Progress (3): 5.1/6.3 MB | 0.8/12 MB | 0.5/2.6 MB
2026.03.08 16:00:54 INFO  Progress (3): 5.1/6.3 MB | 0.8/12 MB | 0.5/2.6 MB
2026.03.08 16:00:54 INFO  Progress (3): 5.1/6.3 MB | 0.8/12 MB | 0.5/2.6 MB
2026.03.08 16:00:54 INFO  Progress (3): 5.1/6.3 MB | 0.8/12 MB | 0.5/2.6 MB
2026.03.08 16:00:54 INFO  Progress (3): 5.1/6.3 MB | 0.8/12 MB | 0.5/2.6 MB
2026.03.08 16:00:54 INFO  Progress (3): 5.1/6.3 MB | 0.8/12 MB | 0.5/2.6 MB
2026.03.08 16:00:54 INFO  Progress (3): 5.1/6.3 MB | 0.8/12 MB | 0.5/2.6 MB
2026.03.08 16:00:54 INFO  Progress (3): 5.1/6.3 MB | 0.9/12 MB | 0.5/2.6 MB
2026.03.08 16:00:54 INFO  Progress (3): 5.1/6.3 MB | 0.9/12 MB | 0.5/2.6 MB
2026.03.08 16:00:54 INFO  Progress (3): 5.1/6.3 MB | 0.9/12 MB | 0.5/2.6 MB
2026.03.08 16:00:54 INFO  Progress (3): 5.1/6.3 MB | 0.9/12 MB | 0.5/2.6 MB
2026.03.08 16:00:54 INFO  Progress (3): 5.1/6.3 MB | 0.9/12 MB | 0.5/2.6 MB
2026.03.08 16:00:54 INFO  Progress (3): 5.2/6.3 MB | 0.9/12 MB | 0.5/2.6 MB
2026.03.08 16:00:54 INFO  Progress (3): 5.2/6.3 MB | 0.9/12 MB | 0.5/2.6 MB
2026.03.08 16:00:54 INFO  Progress (3): 5.2/6.3 MB | 0.9/12 MB | 0.5/2.6 MB
2026.03.08 16:00:54 INFO  Progress (3): 5.2/6.3 MB | 0.9/12 MB | 0.5/2.6 MB
2026.03.08 16:00:54 INFO  Progress (3): 5.2/6.3 MB | 0.9/12 MB | 0.5/2.6 MB
2026.03.08 16:00:54 INFO  Progress (3): 5.2/6.3 MB | 0.9/12 MB | 0.5/2.6 MB
2026.03.08 16:00:54 INFO  Progress (3): 5.2/6.3 MB | 0.9/12 MB | 0.5/2.6 MB
2026.03.08 16:00:54 INFO  Progress (3): 5.2/6.3 MB | 1.0/12 MB | 0.5/2.6 MB
2026.03.08 16:00:54 INFO  Progress (3): 5.2/6.3 MB | 1.0/12 MB | 0.5/2.6 MB
2026.03.08 16:00:54 INFO  Progress (3): 5.2/6.3 MB | 1.0/12 MB | 0.6/2.6 MB
2026.03.08 16:00:54 INFO  Progress (3): 5.2/6.3 MB | 1.0/12 MB | 0.6/2.6 MB
2026.03.08 16:00:54 INFO  Progress (3): 5.2/6.3 MB | 1.0/12 MB | 0.6/2.6 MB
2026.03.08 16:00:54 INFO  Progress (3): 5.2/6.3 MB | 1.0/12 MB | 0.6/2.6 MB
2026.03.08 16:00:54 INFO  Progress (3): 5.2/6.3 MB | 1.0/12 MB | 0.6/2.6 MB
2026.03.08 16:00:54 INFO  Progress (3): 5.2/6.3 MB | 1.0/12 MB | 0.6/2.6 MB
2026.03.08 16:00:54 INFO  Progress (3): 5.2/6.3 MB | 1.0/12 MB | 0.6/2.6 MB
2026.03.08 16:00:54 INFO  Progress (3): 5.2/6.3 MB | 1.0/12 MB | 0.6/2.6 MB
2026.03.08 16:00:54 INFO  Progress (3): 5.2/6.3 MB | 1.0/12 MB | 0.6/2.6 MB
2026.03.08 16:00:54 INFO  Progress (3): 5.2/6.3 MB | 1.1/12 MB | 0.6/2.6 MB
2026.03.08 16:00:54 INFO  Progress (3): 5.2/6.3 MB | 1.1/12 MB | 0.6/2.6 MB
2026.03.08 16:00:54 INFO  Progress (3): 5.3/6.3 MB | 1.1/12 MB | 0.6/2.6 MB
2026.03.08 16:00:54 INFO  Progress (3): 5.3/6.3 MB | 1.1/12 MB | 0.6/2.6 MB
2026.03.08 16:00:54 INFO  Progress (3): 5.3/6.3 MB | 1.1/12 MB | 0.6/2.6 MB
2026.03.08 16:00:54 INFO  Progress (3): 5.3/6.3 MB | 1.1/12 MB | 0.6/2.6 MB
2026.03.08 16:00:54 INFO  Progress (3): 5.3/6.3 MB | 1.1/12 MB | 0.6/2.6 MB
2026.03.08 16:00:54 INFO  Progress (3): 5.3/6.3 MB | 1.1/12 MB | 0.6/2.6 MB
2026.03.08 16:00:54 INFO  Progress (3): 5.3/6.3 MB | 1.2/12 MB | 0.6/2.6 MB
2026.03.08 16:00:54 INFO  Progress (3): 5.3/6.3 MB | 1.2/12 MB | 0.6/2.6 MB
2026.03.08 16:00:54 INFO  Progress (3): 5.3/6.3 MB | 1.2/12 MB | 0.6/2.6 MB
2026.03.08 16:00:54 INFO  Progress (3): 5.3/6.3 MB | 1.2/12 MB | 0.6/2.6 MB
2026.03.08 16:00:54 INFO  Progress (3): 5.3/6.3 MB | 1.2/12 MB | 0.6/2.6 MB
2026.03.08 16:00:54 INFO  Progress (3): 5.4/6.3 MB | 1.2/12 MB | 0.6/2.6 MB
2026.03.08 16:00:54 INFO  Progress (3): 5.4/6.3 MB | 1.2/12 MB | 0.6/2.6 MB
2026.03.08 16:00:54 INFO  Progress (3): 5.4/6.3 MB | 1.2/12 MB | 0.6/2.6 MB
2026.03.08 16:00:54 INFO  Progress (3): 5.4/6.3 MB | 1.2/12 MB | 0.6/2.6 MB
2026.03.08 16:00:54 INFO  Progress (3): 5.4/6.3 MB | 1.2/12 MB | 0.6/2.6 MB
2026.03.08 16:00:54 INFO  Progress (3): 5.4/6.3 MB | 1.2/12 MB | 0.6/2.6 MB
2026.03.08 16:00:54 INFO  Progress (3): 5.5/6.3 MB | 1.2/12 MB | 0.6/2.6 MB
2026.03.08 16:00:54 INFO  Progress (3): 5.5/6.3 MB | 1.2/12 MB | 0.6/2.6 MB
2026.03.08 16:00:54 INFO  Progress (3): 5.5/6.3 MB | 1.2/12 MB | 0.6/2.6 MB
2026.03.08 16:00:54 INFO  Progress (3): 5.5/6.3 MB | 1.2/12 MB | 0.6/2.6 MB
2026.03.08 16:00:54 INFO  Progress (3): 5.5/6.3 MB | 1.2/12 MB | 0.6/2.6 MB
2026.03.08 16:00:54 INFO  Progress (3): 5.5/6.3 MB | 1.2/12 MB | 0.6/2.6 MB
2026.03.08 16:00:54 INFO  Progress (3): 5.6/6.3 MB | 1.2/12 MB | 0.6/2.6 MB
2026.03.08 16:00:54 INFO  Progress (3): 5.6/6.3 MB | 1.2/12 MB | 0.6/2.6 MB
2026.03.08 16:00:54 INFO  Progress (3): 5.6/6.3 MB | 1.2/12 MB | 0.6/2.6 MB
2026.03.08 16:00:54 INFO  Progress (3): 5.6/6.3 MB | 1.2/12 MB | 0.6/2.6 MB
2026.03.08 16:00:54 INFO  Progress (3): 5.6/6.3 MB | 1.2/12 MB | 0.6/2.6 MB
2026.03.08 16:00:54 INFO  Progress (3): 5.6/6.3 MB | 1.2/12 MB | 0.6/2.6 MB
2026.03.08 16:00:54 INFO  Progress (3): 5.6/6.3 MB | 1.2/12 MB | 0.6/2.6 MB
2026.03.08 16:00:54 INFO  Progress (3): 5.7/6.3 MB | 1.2/12 MB | 0.6/2.6 MB
2026.03.08 16:00:54 INFO  Progress (3): 5.7/6.3 MB | 1.2/12 MB | 0.6/2.6 MB
2026.03.08 16:00:54 INFO  Progress (3): 5.7/6.3 MB | 1.2/12 MB | 0.6/2.6 MB
2026.03.08 16:00:54 INFO  Progress (3): 5.7/6.3 MB | 1.2/12 MB | 0.6/2.6 MB
2026.03.08 16:00:54 INFO  Progress (3): 5.7/6.3 MB | 1.2/12 MB | 0.6/2.6 MB
2026.03.08 16:00:54 INFO  Progress (3): 5.7/6.3 MB | 1.2/12 MB | 0.6/2.6 MB
2026.03.08 16:00:54 INFO  Progress (3): 5.8/6.3 MB | 1.2/12 MB | 0.6/2.6 MB
2026.03.08 16:00:54 INFO  Progress (3): 5.8/6.3 MB | 1.2/12 MB | 0.6/2.6 MB
2026.03.08 16:00:54 INFO  Progress (3): 5.8/6.3 MB | 1.2/12 MB | 0.6/2.6 MB
2026.03.08 16:00:54 INFO  Progress (3): 5.8/6.3 MB | 1.2/12 MB | 0.6/2.6 MB
2026.03.08 16:00:54 INFO  Progress (3): 5.8/6.3 MB | 1.2/12 MB | 0.6/2.6 MB
2026.03.08 16:00:54 INFO  Progress (3): 5.8/6.3 MB | 1.2/12 MB | 0.6/2.6 MB
2026.03.08 16:00:54 INFO  Progress (3): 5.9/6.3 MB | 1.2/12 MB | 0.6/2.6 MB
2026.03.08 16:00:54 INFO  Progress (3): 5.9/6.3 MB | 1.2/12 MB | 0.6/2.6 MB
2026.03.08 16:00:54 INFO  Progress (3): 5.9/6.3 MB | 1.2/12 MB | 0.6/2.6 MB
2026.03.08 16:00:54 INFO  Progress (3): 5.9/6.3 MB | 1.2/12 MB | 0.6/2.6 MB
2026.03.08 16:00:54 INFO  Progress (3): 5.9/6.3 MB | 1.2/12 MB | 0.6/2.6 MB
2026.03.08 16:00:54 INFO  Progress (3): 5.9/6.3 MB | 1.2/12 MB | 0.6/2.6 MB
2026.03.08 16:00:54 INFO  Progress (3): 6.0/6.3 MB | 1.2/12 MB | 0.6/2.6 MB
2026.03.08 16:00:54 INFO  Progress (3): 6.0/6.3 MB | 1.2/12 MB | 0.6/2.6 MB
2026.03.08 16:00:54 INFO  Progress (3): 6.0/6.3 MB | 1.2/12 MB | 0.6/2.6 MB
2026.03.08 16:00:54 INFO  Progress (3): 6.0/6.3 MB | 1.2/12 MB | 0.6/2.6 MB
2026.03.08 16:00:54 INFO  Progress (3): 6.0/6.3 MB | 1.2/12 MB | 0.6/2.6 MB
2026.03.08 16:00:54 INFO  Progress (3): 6.0/6.3 MB | 1.2/12 MB | 0.6/2.6 MB
2026.03.08 16:00:54 INFO  Progress (3): 6.1/6.3 MB | 1.2/12 MB | 0.6/2.6 MB
2026.03.08 16:00:54 INFO  Progress (3): 6.1/6.3 MB | 1.2/12 MB | 0.6/2.6 MB
2026.03.08 16:00:54 INFO  Progress (3): 6.1/6.3 MB | 1.2/12 MB | 0.6/2.6 MB
2026.03.08 16:00:54 INFO  Progress (3): 6.1/6.3 MB | 1.2/12 MB | 0.6/2.6 MB
2026.03.08 16:00:54 INFO  Progress (3): 6.1/6.3 MB | 1.2/12 MB | 0.6/2.6 MB
2026.03.08 16:00:54 INFO  Progress (3): 6.1/6.3 MB | 1.2/12 MB | 0.6/2.6 MB
2026.03.08 16:00:54 INFO  Progress (3): 6.2/6.3 MB | 1.2/12 MB | 0.6/2.6 MB
2026.03.08 16:00:54 INFO  Progress (3): 6.2/6.3 MB | 1.2/12 MB | 0.6/2.6 MB
2026.03.08 16:00:54 INFO  Progress (3): 6.2/6.3 MB | 1.2/12 MB | 0.6/2.6 MB
2026.03.08 16:00:54 INFO  Progress (3): 6.2/6.3 MB | 1.2/12 MB | 0.6/2.6 MB
2026.03.08 16:00:54 INFO  Progress (3): 6.2/6.3 MB | 1.2/12 MB | 0.6/2.6 MB
2026.03.08 16:00:54 INFO  Progress (3): 6.2/6.3 MB | 1.2/12 MB | 0.6/2.6 MB
2026.03.08 16:00:54 INFO  Progress (3): 6.3/6.3 MB | 1.2/12 MB | 0.6/2.6 MB
2026.03.08 16:00:54 INFO  Progress (3): 6.3/6.3 MB | 1.2/12 MB | 0.6/2.6 MB
2026.03.08 16:00:54 INFO  Progress (4): 6.3/6.3 MB | 1.2/12 MB | 0.6/2.6 MB | 0/1.1 MB
2026.03.08 16:00:54 INFO  Progress (4): 6.3/6.3 MB | 1.2/12 MB | 0.6/2.6 MB | 0/1.1 MB
2026.03.08 16:00:54 INFO  Progress (4): 6.3/6.3 MB | 1.2/12 MB | 0.6/2.6 MB | 0/1.1 MB
2026.03.08 16:00:54 INFO  Progress (4): 6.3/6.3 MB | 1.2/12 MB | 0.6/2.6 MB | 0.1/1.1 MB
2026.03.08 16:00:54 INFO  Progress (4): 6.3/6.3 MB | 1.2/12 MB | 0.6/2.6 MB | 0.1/1.1 MB
2026.03.08 16:00:54 INFO  Progress (4): 6.3/6.3 MB | 1.2/12 MB | 0.6/2.6 MB | 0.1/1.1 MB
2026.03.08 16:00:54 INFO  Progress (4): 6.3/6.3 MB | 1.2/12 MB | 0.6/2.6 MB | 0.1/1.1 MB
2026.03.08 16:00:54 INFO  Progress (4): 6.3 MB | 1.2/12 MB | 0.6/2.6 MB | 0.1/1.1 MB    
2026.03.08 16:00:54 INFO  Progress (4): 6.3 MB | 1.2/12 MB | 0.6/2.6 MB | 0.1/1.1 MB
2026.03.08 16:00:54 INFO  Progress (4): 6.3 MB | 1.2/12 MB | 0.6/2.6 MB | 0.1/1.1 MB
2026.03.08 16:00:54 INFO  Progress (4): 6.3 MB | 1.2/12 MB | 0.6/2.6 MB | 0.1/1.1 MB
2026.03.08 16:00:54 INFO  Progress (4): 6.3 MB | 1.2/12 MB | 0.6/2.6 MB | 0.1/1.1 MB
2026.03.08 16:00:54 INFO  Progress (4): 6.3 MB | 1.2/12 MB | 0.6/2.6 MB | 0.1/1.1 MB
2026.03.08 16:00:54 INFO                                                            
2026.03.08 16:00:54 INFO  Downloaded from central: https://repo.maven.apache.org/maven2/com/github/luben/zstd-jni/1.5.2-5/zstd-jni-1.5.2-5.jar (6.3 MB at 25 MB/s)
2026.03.08 16:00:54 INFO  Downloading from central: https://repo.maven.apache.org/maven2/com/swoval/file-tree-views/2.1.9/file-tree-views-2.1.9.jar
2026.03.08 16:00:54 INFO  Progress (3): 1.2/12 MB | 0.6/2.6 MB | 0.1/1.1 MB
2026.03.08 16:00:54 INFO  Progress (3): 1.3/12 MB | 0.6/2.6 MB | 0.1/1.1 MB
2026.03.08 16:00:54 INFO  Progress (3): 1.3/12 MB | 0.6/2.6 MB | 0.1/1.1 MB
2026.03.08 16:00:54 INFO  Progress (3): 1.3/12 MB | 0.6/2.6 MB | 0.1/1.1 MB
2026.03.08 16:00:54 INFO  Progress (3): 1.3/12 MB | 0.6/2.6 MB | 0.1/1.1 MB
2026.03.08 16:00:54 INFO  Progress (3): 1.3/12 MB | 0.6/2.6 MB | 0.1/1.1 MB
2026.03.08 16:00:54 INFO  Progress (3): 1.3/12 MB | 0.6/2.6 MB | 0.1/1.1 MB
2026.03.08 16:00:54 INFO  Progress (3): 1.3/12 MB | 0.6/2.6 MB | 0.1/1.1 MB
2026.03.08 16:00:54 INFO  Progress (3): 1.3/12 MB | 0.7/2.6 MB | 0.1/1.1 MB
2026.03.08 16:00:54 INFO  Progress (3): 1.3/12 MB | 0.7/2.6 MB | 0.1/1.1 MB
2026.03.08 16:00:54 INFO  Progress (3): 1.3/12 MB | 0.7/2.6 MB | 0.1/1.1 MB
2026.03.08 16:00:54 INFO  Progress (3): 1.3/12 MB | 0.7/2.6 MB | 0.1/1.1 MB
2026.03.08 16:00:54 INFO  Progress (3): 1.3/12 MB | 0.7/2.6 MB | 0.1/1.1 MB
2026.03.08 16:00:54 INFO  Progress (3): 1.3/12 MB | 0.7/2.6 MB | 0.1/1.1 MB
2026.03.08 16:00:54 INFO  Progress (3): 1.3/12 MB | 0.7/2.6 MB | 0.1/1.1 MB
2026.03.08 16:00:54 INFO  Progress (3): 1.3/12 MB | 0.7/2.6 MB | 0.1/1.1 MB
2026.03.08 16:00:54 INFO  Progress (3): 1.3/12 MB | 0.7/2.6 MB | 0.1/1.1 MB
2026.03.08 16:00:54 INFO  Progress (3): 1.3/12 MB | 0.8/2.6 MB | 0.1/1.1 MB
2026.03.08 16:00:54 INFO  Progress (3): 1.4/12 MB | 0.8/2.6 MB | 0.1/1.1 MB
2026.03.08 16:00:54 INFO  Progress (3): 1.4/12 MB | 0.8/2.6 MB | 0.1/1.1 MB
2026.03.08 16:00:54 INFO  Progress (3): 1.4/12 MB | 0.8/2.6 MB | 0.1/1.1 MB
2026.03.08 16:00:54 INFO  Progress (3): 1.4/12 MB | 0.8/2.6 MB | 0.1/1.1 MB
2026.03.08 16:00:54 INFO  Progress (3): 1.4/12 MB | 0.8/2.6 MB | 0.1/1.1 MB
2026.03.08 16:00:54 INFO  Progress (3): 1.4/12 MB | 0.8/2.6 MB | 0.1/1.1 MB
2026.03.08 16:00:54 INFO  Progress (3): 1.5/12 MB | 0.8/2.6 MB | 0.1/1.1 MB
2026.03.08 16:00:54 INFO  Progress (3): 1.5/12 MB | 0.8/2.6 MB | 0.1/1.1 MB
2026.03.08 16:00:54 INFO  Progress (3): 1.5/12 MB | 0.8/2.6 MB | 0.1/1.1 MB
2026.03.08 16:00:54 INFO  Progress (3): 1.5/12 MB | 0.8/2.6 MB | 0.1/1.1 MB
2026.03.08 16:00:54 INFO  Progress (3): 1.5/12 MB | 0.8/2.6 MB | 0.1/1.1 MB
2026.03.08 16:00:54 INFO  Progress (3): 1.5/12 MB | 0.8/2.6 MB | 0.1/1.1 MB
2026.03.08 16:00:54 INFO  Progress (3): 1.5/12 MB | 0.8/2.6 MB | 0.1/1.1 MB
2026.03.08 16:00:54 INFO  Progress (3): 1.6/12 MB | 0.8/2.6 MB | 0.1/1.1 MB
2026.03.08 16:00:54 INFO  Progress (3): 1.6/12 MB | 0.8/2.6 MB | 0.1/1.1 MB
2026.03.08 16:00:54 INFO  Progress (3): 1.6/12 MB | 0.8/2.6 MB | 0.1/1.1 MB
2026.03.08 16:00:54 INFO  Progress (3): 1.6/12 MB | 0.8/2.6 MB | 0.1/1.1 MB
2026.03.08 16:00:54 INFO  Progress (3): 1.6/12 MB | 0.8/2.6 MB | 0.1/1.1 MB
2026.03.08 16:00:54 INFO  Progress (3): 1.6/12 MB | 0.8/2.6 MB | 0.1/1.1 MB
2026.03.08 16:00:54 INFO  Progress (3): 1.6/12 MB | 0.8/2.6 MB | 0.1/1.1 MB
2026.03.08 16:00:54 INFO  Progress (3): 1.7/12 MB | 0.8/2.6 MB | 0.1/1.1 MB
2026.03.08 16:00:54 INFO  Progress (3): 1.7/12 MB | 0.8/2.6 MB | 0.1/1.1 MB
2026.03.08 16:00:54 INFO  Progress (3): 1.7/12 MB | 0.8/2.6 MB | 0.1/1.1 MB
2026.03.08 16:00:54 INFO  Progress (3): 1.7/12 MB | 0.8/2.6 MB | 0.1/1.1 MB
2026.03.08 16:00:54 INFO  Progress (3): 1.7/12 MB | 0.8/2.6 MB | 0.1/1.1 MB
2026.03.08 16:00:54 INFO  Progress (3): 1.7/12 MB | 0.8/2.6 MB | 0.1/1.1 MB
2026.03.08 16:00:54 INFO  Progress (3): 1.8/12 MB | 0.8/2.6 MB | 0.1/1.1 MB
2026.03.08 16:00:54 INFO  Progress (3): 1.8/12 MB | 0.8/2.6 MB | 0.1/1.1 MB
2026.03.08 16:00:54 INFO  Progress (3): 1.8/12 MB | 0.8/2.6 MB | 0.1/1.1 MB
2026.03.08 16:00:54 INFO  Progress (3): 1.8/12 MB | 0.8/2.6 MB | 0.1/1.1 MB
2026.03.08 16:00:54 INFO  Progress (3): 1.8/12 MB | 0.8/2.6 MB | 0.1/1.1 MB
2026.03.08 16:00:54 INFO  Progress (3): 1.8/12 MB | 0.8/2.6 MB | 0.1/1.1 MB
2026.03.08 16:00:54 INFO  Progress (3): 1.8/12 MB | 0.8/2.6 MB | 0.1/1.1 MB
2026.03.08 16:00:54 INFO  Progress (3): 1.8/12 MB | 0.8/2.6 MB | 0.1/1.1 MB
2026.03.08 16:00:54 INFO  Progress (3): 1.8/12 MB | 0.8/2.6 MB | 0.1/1.1 MB
2026.03.08 16:00:54 INFO  Progress (3): 1.9/12 MB | 0.8/2.6 MB | 0.1/1.1 MB
2026.03.08 16:00:54 INFO  Progress (3): 1.9/12 MB | 0.8/2.6 MB | 0.1/1.1 MB
2026.03.08 16:00:54 INFO  Progress (3): 1.9/12 MB | 0.8/2.6 MB | 0.1/1.1 MB
2026.03.08 16:00:54 INFO  Progress (3): 1.9/12 MB | 0.8/2.6 MB | 0.1/1.1 MB
2026.03.08 16:00:54 INFO  Progress (3): 1.9/12 MB | 0.8/2.6 MB | 0.1/1.1 MB
2026.03.08 16:00:54 INFO  Progress (3): 1.9/12 MB | 0.8/2.6 MB | 0.1/1.1 MB
2026.03.08 16:00:54 INFO  Progress (3): 1.9/12 MB | 0.8/2.6 MB | 0.1/1.1 MB
2026.03.08 16:00:54 INFO  Progress (3): 1.9/12 MB | 0.8/2.6 MB | 0.1/1.1 MB
2026.03.08 16:00:54 INFO  Progress (3): 1.9/12 MB | 0.9/2.6 MB | 0.1/1.1 MB
2026.03.08 16:00:54 INFO  Progress (3): 2.0/12 MB | 0.9/2.6 MB | 0.1/1.1 MB
2026.03.08 16:00:54 INFO  Progress (3): 2.0/12 MB | 0.9/2.6 MB | 0.1/1.1 MB
2026.03.08 16:00:54 INFO  Progress (3): 2.0/12 MB | 0.9/2.6 MB | 0.1/1.1 MB
2026.03.08 16:00:54 INFO  Progress (3): 2.0/12 MB | 0.9/2.6 MB | 0.1/1.1 MB
2026.03.08 16:00:54 INFO  Progress (3): 2.0/12 MB | 0.9/2.6 MB | 0.1/1.1 MB
2026.03.08 16:00:54 INFO  Progress (3): 2.0/12 MB | 0.9/2.6 MB | 0.1/1.1 MB
2026.03.08 16:00:54 INFO  Progress (3): 2.0/12 MB | 0.9/2.6 MB | 0.1/1.1 MB
2026.03.08 16:00:54 INFO  Progress (3): 2.0/12 MB | 0.9/2.6 MB | 0.1/1.1 MB
2026.03.08 16:00:54 INFO  Progress (3): 2.0/12 MB | 0.9/2.6 MB | 0.1/1.1 MB
2026.03.08 16:00:54 INFO  Progress (3): 2.0/12 MB | 0.9/2.6 MB | 0.1/1.1 MB
2026.03.08 16:00:54 INFO  Progress (3): 2.0/12 MB | 0.9/2.6 MB | 0.1/1.1 MB
2026.03.08 16:00:54 INFO  Progress (3): 2.0/12 MB | 0.9/2.6 MB | 0.1/1.1 MB
2026.03.08 16:00:54 INFO  Progress (3): 2.0/12 MB | 1.0/2.6 MB | 0.1/1.1 MB
2026.03.08 16:00:54 INFO  Progress (3): 2.0/12 MB | 1.0/2.6 MB | 0.1/1.1 MB
2026.03.08 16:00:54 INFO  Progress (3): 2.1/12 MB | 1.0/2.6 MB | 0.1/1.1 MB
2026.03.08 16:00:54 INFO  Progress (3): 2.1/12 MB | 1.0/2.6 MB | 0.1/1.1 MB
2026.03.08 16:00:54 INFO  Progress (3): 2.1/12 MB | 1.0/2.6 MB | 0.1/1.1 MB
2026.03.08 16:00:54 INFO  Progress (3): 2.1/12 MB | 1.0/2.6 MB | 0.1/1.1 MB
2026.03.08 16:00:54 INFO  Progress (3): 2.1/12 MB | 1.0/2.6 MB | 0.1/1.1 MB
2026.03.08 16:00:54 INFO  Progress (3): 2.1/12 MB | 1.0/2.6 MB | 0.1/1.1 MB
2026.03.08 16:00:54 INFO  Progress (3): 2.1/12 MB | 1.0/2.6 MB | 0.1/1.1 MB
2026.03.08 16:00:54 INFO  Progress (3): 2.1/12 MB | 1.0/2.6 MB | 0.1/1.1 MB
2026.03.08 16:00:54 INFO  Progress (3): 2.1/12 MB | 1.0/2.6 MB | 0.1/1.1 MB
2026.03.08 16:00:54 INFO  Progress (3): 2.1/12 MB | 1.0/2.6 MB | 0.1/1.1 MB
2026.03.08 16:00:54 INFO  Progress (3): 2.1/12 MB | 1.0/2.6 MB | 0.1/1.1 MB
2026.03.08 16:00:54 INFO  Progress (3): 2.1/12 MB | 1.0/2.6 MB | 0.1/1.1 MB
2026.03.08 16:00:54 INFO  Progress (3): 2.1/12 MB | 1.1/2.6 MB | 0.1/1.1 MB
2026.03.08 16:00:54 INFO  Progress (3): 2.1/12 MB | 1.1/2.6 MB | 0.1/1.1 MB
2026.03.08 16:00:54 INFO  Progress (3): 2.1/12 MB | 1.1/2.6 MB | 0.1/1.1 MB
2026.03.08 16:00:54 INFO  Progress (3): 2.2/12 MB | 1.1/2.6 MB | 0.1/1.1 MB
2026.03.08 16:00:54 INFO  Progress (3): 2.2/12 MB | 1.1/2.6 MB | 0.1/1.1 MB
2026.03.08 16:00:54 INFO  Progress (3): 2.2/12 MB | 1.1/2.6 MB | 0.1/1.1 MB
2026.03.08 16:00:54 INFO  Progress (3): 2.2/12 MB | 1.1/2.6 MB | 0.1/1.1 MB
2026.03.08 16:00:54 INFO  Progress (3): 2.2/12 MB | 1.1/2.6 MB | 0.1/1.1 MB
2026.03.08 16:00:54 INFO  Progress (3): 2.2/12 MB | 1.1/2.6 MB | 0.1/1.1 MB
2026.03.08 16:00:54 INFO  Progress (3): 2.2/12 MB | 1.1/2.6 MB | 0.1/1.1 MB
2026.03.08 16:00:54 INFO  Progress (3): 2.2/12 MB | 1.1/2.6 MB | 0.1/1.1 MB
2026.03.08 16:00:54 INFO  Progress (3): 2.2/12 MB | 1.2/2.6 MB | 0.1/1.1 MB
2026.03.08 16:00:54 INFO  Progress (3): 2.2/12 MB | 1.2/2.6 MB | 0.1/1.1 MB
2026.03.08 16:00:54 INFO  Progress (3): 2.2/12 MB | 1.2/2.6 MB | 0.1/1.1 MB
2026.03.08 16:00:54 INFO  Progress (3): 2.2/12 MB | 1.2/2.6 MB | 0.1/1.1 MB
2026.03.08 16:00:54 INFO  Progress (3): 2.2/12 MB | 1.2/2.6 MB | 0.1/1.1 MB
2026.03.08 16:00:54 INFO  Progress (3): 2.2/12 MB | 1.2/2.6 MB | 0.1/1.1 MB
2026.03.08 16:00:54 INFO  Progress (3): 2.2/12 MB | 1.2/2.6 MB | 0.1/1.1 MB
2026.03.08 16:00:54 INFO  Progress (3): 2.2/12 MB | 1.3/2.6 MB | 0.1/1.1 MB
2026.03.08 16:00:54 INFO  Progress (3): 2.2/12 MB | 1.3/2.6 MB | 0.1/1.1 MB
2026.03.08 16:00:54 INFO  Progress (3): 2.2/12 MB | 1.3/2.6 MB | 0.1/1.1 MB
2026.03.08 16:00:54 INFO  Progress (3): 2.2/12 MB | 1.3/2.6 MB | 0.1/1.1 MB
2026.03.08 16:00:54 INFO  Progress (3): 2.2/12 MB | 1.3/2.6 MB | 0.1/1.1 MB
2026.03.08 16:00:54 INFO  Progress (3): 2.2/12 MB | 1.3/2.6 MB | 0.1/1.1 MB
2026.03.08 16:00:54 INFO  Progress (3): 2.2/12 MB | 1.4/2.6 MB | 0.1/1.1 MB
2026.03.08 16:00:54 INFO  Progress (3): 2.2/12 MB | 1.4/2.6 MB | 0.1/1.1 MB
2026.03.08 16:00:54 INFO  Progress (3): 2.2/12 MB | 1.4/2.6 MB | 0.1/1.1 MB
2026.03.08 16:00:54 INFO  Progress (3): 2.2/12 MB | 1.4/2.6 MB | 0.1/1.1 MB
2026.03.08 16:00:54 INFO  Progress (3): 2.2/12 MB | 1.4/2.6 MB | 0.1/1.1 MB
2026.03.08 16:00:54 INFO  Progress (3): 2.2/12 MB | 1.4/2.6 MB | 0.1/1.1 MB
2026.03.08 16:00:54 INFO  Progress (3): 2.2/12 MB | 1.5/2.6 MB | 0.1/1.1 MB
2026.03.08 16:00:54 INFO  Progress (3): 2.2/12 MB | 1.5/2.6 MB | 0.1/1.1 MB
2026.03.08 16:00:54 INFO  Progress (3): 2.2/12 MB | 1.5/2.6 MB | 0.1/1.1 MB
2026.03.08 16:00:54 INFO  Progress (3): 2.2/12 MB | 1.5/2.6 MB | 0.1/1.1 MB
2026.03.08 16:00:54 INFO  Progress (3): 2.2/12 MB | 1.5/2.6 MB | 0.1/1.1 MB
2026.03.08 16:00:54 INFO  Progress (3): 2.3/12 MB | 1.5/2.6 MB | 0.1/1.1 MB
2026.03.08 16:00:54 INFO  Progress (3): 2.3/12 MB | 1.5/2.6 MB | 0.1/1.1 MB
2026.03.08 16:00:54 INFO  Progress (4): 2.3/12 MB | 1.5/2.6 MB | 0.1/1.1 MB | 7.7/636 kB
2026.03.08 16:00:54 INFO  Progress (4): 2.3/12 MB | 1.5/2.6 MB | 0.1/1.1 MB | 16/636 kB 
2026.03.08 16:00:54 INFO  Progress (4): 2.3/12 MB | 1.5/2.6 MB | 0.1/1.1 MB | 32/636 kB
2026.03.08 16:00:54 INFO  Progress (4): 2.3/12 MB | 1.5/2.6 MB | 0.1/1.1 MB | 48/636 kB
2026.03.08 16:00:54 INFO  Progress (4): 2.3/12 MB | 1.5/2.6 MB | 0.1/1.1 MB | 65/636 kB
2026.03.08 16:00:54 INFO  Progress (4): 2.3/12 MB | 1.5/2.6 MB | 0.1/1.1 MB | 81/636 kB
2026.03.08 16:00:54 INFO  Progress (4): 2.3/12 MB | 1.5/2.6 MB | 0.1/1.1 MB | 98/636 kB
2026.03.08 16:00:54 INFO  Progress (4): 2.3/12 MB | 1.5/2.6 MB | 0.1/1.1 MB | 98/636 kB
2026.03.08 16:00:54 INFO  Progress (4): 2.3/12 MB | 1.5/2.6 MB | 0.1/1.1 MB | 98/636 kB
2026.03.08 16:00:54 INFO  Progress (4): 2.3/12 MB | 1.5/2.6 MB | 0.1/1.1 MB | 115/636 kB
2026.03.08 16:00:54 INFO  Progress (4): 2.3/12 MB | 1.5/2.6 MB | 0.2/1.1 MB | 115/636 kB
2026.03.08 16:00:54 INFO  Progress (4): 2.3/12 MB | 1.5/2.6 MB | 0.2/1.1 MB | 131/636 kB
2026.03.08 16:00:54 INFO  Progress (4): 2.3/12 MB | 1.5/2.6 MB | 0.2/1.1 MB | 131/636 kB
2026.03.08 16:00:54 INFO  Progress (4): 2.3/12 MB | 1.5/2.6 MB | 0.2/1.1 MB | 147/636 kB
2026.03.08 16:00:54 INFO  Progress (4): 2.3/12 MB | 1.5/2.6 MB | 0.2/1.1 MB | 147/636 kB
2026.03.08 16:00:54 INFO  Progress (4): 2.3/12 MB | 1.5/2.6 MB | 0.2/1.1 MB | 164/636 kB
2026.03.08 16:00:54 INFO  Progress (4): 2.3/12 MB | 1.5/2.6 MB | 0.2/1.1 MB | 180/636 kB
2026.03.08 16:00:54 INFO  Progress (5): 2.3/12 MB | 1.5/2.6 MB | 0.2/1.1 MB | 180/636 kB | 7.7/229 kB
2026.03.08 16:00:54 INFO  Progress (5): 2.3/12 MB | 1.5/2.6 MB | 0.2/1.1 MB | 197/636 kB | 7.7/229 kB
2026.03.08 16:00:54 INFO  Progress (5): 2.3/12 MB | 1.5/2.6 MB | 0.2/1.1 MB | 197/636 kB | 8.2/229 kB
2026.03.08 16:00:54 INFO  Progress (5): 2.3/12 MB | 1.5/2.6 MB | 0.2/1.1 MB | 213/636 kB | 8.2/229 kB
2026.03.08 16:00:54 INFO  Progress (5): 2.3/12 MB | 1.5/2.6 MB | 0.2/1.1 MB | 229/636 kB | 8.2/229 kB
2026.03.08 16:00:54 INFO  Progress (5): 2.3/12 MB | 1.5/2.6 MB | 0.2/1.1 MB | 246/636 kB | 8.2/229 kB
2026.03.08 16:00:54 INFO  Progress (5): 2.3/12 MB | 1.5/2.6 MB | 0.2/1.1 MB | 262/636 kB | 8.2/229 kB
2026.03.08 16:00:54 INFO  Progress (5): 2.3/12 MB | 1.5/2.6 MB | 0.2/1.1 MB | 279/636 kB | 8.2/229 kB
2026.03.08 16:00:54 INFO  Progress (5): 2.3/12 MB | 1.5/2.6 MB | 0.2/1.1 MB | 279/636 kB | 8.2/229 kB
2026.03.08 16:00:54 INFO  Progress (5): 2.3/12 MB | 1.5/2.6 MB | 0.2/1.1 MB | 279/636 kB | 8.2/229 kB
2026.03.08 16:00:54 INFO  Progress (5): 2.3/12 MB | 1.5/2.6 MB | 0.2/1.1 MB | 279/636 kB | 8.2/229 kB
2026.03.08 16:00:54 INFO  Progress (5): 2.3/12 MB | 1.5/2.6 MB | 0.2/1.1 MB | 279/636 kB | 8.2/229 kB
2026.03.08 16:00:54 INFO  Progress (5): 2.3/12 MB | 1.6/2.6 MB | 0.2/1.1 MB | 279/636 kB | 8.2/229 kB
2026.03.08 16:00:54 INFO  Progress (5): 2.3/12 MB | 1.6/2.6 MB | 0.2/1.1 MB | 279/636 kB | 8.2/229 kB
2026.03.08 16:00:54 INFO  Progress (5): 2.3/12 MB | 1.6/2.6 MB | 0.2/1.1 MB | 279/636 kB | 8.2/229 kB
2026.03.08 16:00:54 INFO  Progress (5): 2.3/12 MB | 1.6/2.6 MB | 0.2/1.1 MB | 279/636 kB | 8.2/229 kB
2026.03.08 16:00:54 INFO  Progress (5): 2.3/12 MB | 1.6/2.6 MB | 0.2/1.1 MB | 279/636 kB | 8.2/229 kB
2026.03.08 16:00:54 INFO  Progress (5): 2.3/12 MB | 1.6/2.6 MB | 0.2/1.1 MB | 279/636 kB | 8.2/229 kB
2026.03.08 16:00:54 INFO  Progress (5): 2.3/12 MB | 1.6/2.6 MB | 0.2/1.1 MB | 279/636 kB | 8.2/229 kB
2026.03.08 16:00:54 INFO  Progress (5): 2.3/12 MB | 1.7/2.6 MB | 0.2/1.1 MB | 279/636 kB | 8.2/229 kB
2026.03.08 16:00:54 INFO  Progress (5): 2.3/12 MB | 1.7/2.6 MB | 0.2/1.1 MB | 279/636 kB | 8.2/229 kB
2026.03.08 16:00:54 INFO  Progress (5): 2.3/12 MB | 1.7/2.6 MB | 0.2/1.1 MB | 279/636 kB | 8.2/229 kB
2026.03.08 16:00:54 INFO  Progress (5): 2.3/12 MB | 1.7/2.6 MB | 0.2/1.1 MB | 279/636 kB | 8.2/229 kB
2026.03.08 16:00:54 INFO  Progress (5): 2.3/12 MB | 1.7/2.6 MB | 0.2/1.1 MB | 279/636 kB | 8.2/229 kB
2026.03.08 16:00:54 INFO  Progress (5): 2.3/12 MB | 1.7/2.6 MB | 0.2/1.1 MB | 279/636 kB | 8.2/229 kB
2026.03.08 16:00:54 INFO  Progress (5): 2.3/12 MB | 1.8/2.6 MB | 0.2/1.1 MB | 279/636 kB | 8.2/229 kB
2026.03.08 16:00:54 INFO  Progress (5): 2.3/12 MB | 1.8/2.6 MB | 0.2/1.1 MB | 279/636 kB | 8.2/229 kB
2026.03.08 16:00:54 INFO  Progress (5): 2.3/12 MB | 1.8/2.6 MB | 0.2/1.1 MB | 279/636 kB | 8.2/229 kB
2026.03.08 16:00:54 INFO  Progress (5): 2.3/12 MB | 1.8/2.6 MB | 0.2/1.1 MB | 279/636 kB | 8.2/229 kB
2026.03.08 16:00:54 INFO  Progress (5): 2.3/12 MB | 1.8/2.6 MB | 0.2/1.1 MB | 279/636 kB | 8.2/229 kB
2026.03.08 16:00:54 INFO  Progress (5): 2.3/12 MB | 1.8/2.6 MB | 0.2/1.1 MB | 279/636 kB | 8.2/229 kB
2026.03.08 16:00:54 INFO  Progress (5): 2.3/12 MB | 1.9/2.6 MB | 0.2/1.1 MB | 279/636 kB | 8.2/229 kB
2026.03.08 16:00:54 INFO  Progress (5): 2.3/12 MB | 1.9/2.6 MB | 0.2/1.1 MB | 279/636 kB | 8.2/229 kB
2026.03.08 16:00:54 INFO  Progress (5): 2.3/12 MB | 1.9/2.6 MB | 0.2/1.1 MB | 279/636 kB | 8.2/229 kB
2026.03.08 16:00:54 INFO  Progress (5): 2.3/12 MB | 1.9/2.6 MB | 0.2/1.1 MB | 279/636 kB | 8.2/229 kB
2026.03.08 16:00:54 INFO  Progress (5): 2.3/12 MB | 1.9/2.6 MB | 0.2/1.1 MB | 279/636 kB | 8.2/229 kB
2026.03.08 16:00:54 INFO  Progress (5): 2.3/12 MB | 1.9/2.6 MB | 0.2/1.1 MB | 279/636 kB | 8.2/229 kB
2026.03.08 16:00:54 INFO  Progress (5): 2.3/12 MB | 2.0/2.6 MB | 0.2/1.1 MB | 279/636 kB | 8.2/229 kB
2026.03.08 16:00:54 INFO  Progress (5): 2.3/12 MB | 2.0/2.6 MB | 0.2/1.1 MB | 279/636 kB | 8.2/229 kB
2026.03.08 16:00:54 INFO  Progress (5): 2.3/12 MB | 2.0/2.6 MB | 0.2/1.1 MB | 279/636 kB | 8.2/229 kB
2026.03.08 16:00:54 INFO  Progress (5): 2.3/12 MB | 2.0/2.6 MB | 0.2/1.1 MB | 279/636 kB | 8.2/229 kB
2026.03.08 16:00:54 INFO  Progress (5): 2.3/12 MB | 2.0/2.6 MB | 0.2/1.1 MB | 279/636 kB | 8.2/229 kB
2026.03.08 16:00:54 INFO  Progress (5): 2.3/12 MB | 2.0/2.6 MB | 0.2/1.1 MB | 279/636 kB | 8.2/229 kB
2026.03.08 16:00:54 INFO  Progress (5): 2.3/12 MB | 2.1/2.6 MB | 0.2/1.1 MB | 279/636 kB | 8.2/229 kB
2026.03.08 16:00:54 INFO  Progress (5): 2.3/12 MB | 2.1/2.6 MB | 0.2/1.1 MB | 279/636 kB | 8.2/229 kB
2026.03.08 16:00:54 INFO  Progress (5): 2.3/12 MB | 2.1/2.6 MB | 0.2/1.1 MB | 279/636 kB | 8.2/229 kB
2026.03.08 16:00:54 INFO  Progress (5): 2.3/12 MB | 2.1/2.6 MB | 0.2/1.1 MB | 279/636 kB | 8.2/229 kB
2026.03.08 16:00:54 INFO  Progress (5): 2.3/12 MB | 2.1/2.6 MB | 0.2/1.1 MB | 279/636 kB | 8.2/229 kB
2026.03.08 16:00:54 INFO  Progress (5): 2.3/12 MB | 2.1/2.6 MB | 0.2/1.1 MB | 279/636 kB | 8.2/229 kB
2026.03.08 16:00:54 INFO  Progress (5): 2.3/12 MB | 2.2/2.6 MB | 0.2/1.1 MB | 279/636 kB | 8.2/229 kB
2026.03.08 16:00:54 INFO  Progress (5): 2.3/12 MB | 2.2/2.6 MB | 0.2/1.1 MB | 279/636 kB | 8.2/229 kB
2026.03.08 16:00:54 INFO  Progress (5): 2.3/12 MB | 2.2/2.6 MB | 0.2/1.1 MB | 279/636 kB | 25/229 kB 
2026.03.08 16:00:54 INFO  Progress (5): 2.3/12 MB | 2.2/2.6 MB | 0.2/1.1 MB | 279/636 kB | 41/229 kB
2026.03.08 16:00:54 INFO  Progress (5): 2.3/12 MB | 2.2/2.6 MB | 0.2/1.1 MB | 279/636 kB | 57/229 kB
2026.03.08 16:00:54 INFO  Progress (5): 2.3/12 MB | 2.2/2.6 MB | 0.2/1.1 MB | 279/636 kB | 66/229 kB
2026.03.08 16:00:54 INFO  Progress (5): 2.3/12 MB | 2.2/2.6 MB | 0.2/1.1 MB | 279/636 kB | 82/229 kB
2026.03.08 16:00:54 INFO  Progress (5): 2.3/12 MB | 2.2/2.6 MB | 0.2/1.1 MB | 279/636 kB | 98/229 kB
2026.03.08 16:00:54 INFO  Progress (5): 2.3/12 MB | 2.2/2.6 MB | 0.2/1.1 MB | 279/636 kB | 115/229 kB
2026.03.08 16:00:54 INFO  Progress (5): 2.3/12 MB | 2.2/2.6 MB | 0.2/1.1 MB | 279/636 kB | 131/229 kB
2026.03.08 16:00:54 INFO  Progress (5): 2.3/12 MB | 2.2/2.6 MB | 0.2/1.1 MB | 279/636 kB | 147/229 kB
2026.03.08 16:00:54 INFO  Progress (5): 2.3/12 MB | 2.2/2.6 MB | 0.2/1.1 MB | 279/636 kB | 164/229 kB
2026.03.08 16:00:54 INFO  Progress (5): 2.3/12 MB | 2.2/2.6 MB | 0.2/1.1 MB | 279/636 kB | 180/229 kB
2026.03.08 16:00:54 INFO  Progress (5): 2.3/12 MB | 2.2/2.6 MB | 0.2/1.1 MB | 279/636 kB | 197/229 kB
2026.03.08 16:00:54 INFO  Progress (5): 2.3/12 MB | 2.2/2.6 MB | 0.2/1.1 MB | 279/636 kB | 205/229 kB
2026.03.08 16:00:54 INFO  Progress (5): 2.3/12 MB | 2.2/2.6 MB | 0.2/1.1 MB | 279/636 kB | 221/229 kB
2026.03.08 16:00:54 INFO  Progress (5): 2.3/12 MB | 2.2/2.6 MB | 0.2/1.1 MB | 279/636 kB | 229 kB    
2026.03.08 16:00:54 INFO  Progress (5): 2.3/12 MB | 2.2/2.6 MB | 0.2/1.1 MB | 279/636 kB | 229 kB
2026.03.08 16:00:54 INFO  Progress (5): 2.3/12 MB | 2.2/2.6 MB | 0.2/1.1 MB | 279/636 kB | 229 kB
2026.03.08 16:00:54 INFO  Progress (5): 2.3/12 MB | 2.2/2.6 MB | 0.2/1.1 MB | 279/636 kB | 229 kB
2026.03.08 16:00:54 INFO  Progress (5): 2.3/12 MB | 2.2/2.6 MB | 0.2/1.1 MB | 279/636 kB | 229 kB
2026.03.08 16:00:54 INFO  Progress (5): 2.3/12 MB | 2.2/2.6 MB | 0.2/1.1 MB | 279/636 kB | 229 kB
2026.03.08 16:00:54 INFO  Progress (5): 2.3/12 MB | 2.2/2.6 MB | 0.2/1.1 MB | 279/636 kB | 229 kB
2026.03.08 16:00:54 INFO  Progress (5): 2.3/12 MB | 2.2/2.6 MB | 0.2/1.1 MB | 279/636 kB | 229 kB
2026.03.08 16:00:54 INFO                                                                         
2026.03.08 16:00:54 INFO  Downloaded from central: https://repo.maven.apache.org/maven2/com/swoval/file-tree-views/2.1.9/file-tree-views-2.1.9.jar (229 kB at 769 kB/s)
2026.03.08 16:00:54 INFO  Progress (4): 2.3/12 MB | 2.3/2.6 MB | 0.2/1.1 MB | 279/636 kB
2026.03.08 16:00:54 INFO                                                                
2026.03.08 16:00:54 INFO  Downloading from central: https://repo.maven.apache.org/maven2/net/java/dev/jna/jna/5.12.0/jna-5.12.0.jar
2026.03.08 16:00:54 INFO  Progress (4): 2.3/12 MB | 2.3/2.6 MB | 0.2/1.1 MB | 279/636 kB
2026.03.08 16:00:54 INFO  Progress (4): 2.3/12 MB | 2.3/2.6 MB | 0.2/1.1 MB | 279/636 kB
2026.03.08 16:00:54 INFO  Progress (4): 2.3/12 MB | 2.3/2.6 MB | 0.2/1.1 MB | 279/636 kB
2026.03.08 16:00:54 INFO  Progress (4): 2.3/12 MB | 2.3/2.6 MB | 0.2/1.1 MB | 279/636 kB
2026.03.08 16:00:54 INFO  Progress (4): 2.4/12 MB | 2.3/2.6 MB | 0.2/1.1 MB | 279/636 kB
2026.03.08 16:00:54 INFO  Progress (4): 2.4/12 MB | 2.3/2.6 MB | 0.2/1.1 MB | 279/636 kB
2026.03.08 16:00:54 INFO  Progress (4): 2.4/12 MB | 2.3/2.6 MB | 0.2/1.1 MB | 279/636 kB
2026.03.08 16:00:54 INFO  Progress (4): 2.4/12 MB | 2.3/2.6 MB | 0.2/1.1 MB | 279/636 kB
2026.03.08 16:00:54 INFO  Progress (4): 2.4/12 MB | 2.3/2.6 MB | 0.2/1.1 MB | 279/636 kB
2026.03.08 16:00:54 INFO  Progress (4): 2.4/12 MB | 2.4/2.6 MB | 0.2/1.1 MB | 279/636 kB
2026.03.08 16:00:54 INFO  Progress (4): 2.4/12 MB | 2.4/2.6 MB | 0.2/1.1 MB | 279/636 kB
2026.03.08 16:00:54 INFO  Progress (4): 2.4/12 MB | 2.4/2.6 MB | 0.2/1.1 MB | 279/636 kB
2026.03.08 16:00:54 INFO  Progress (4): 2.4/12 MB | 2.4/2.6 MB | 0.2/1.1 MB | 279/636 kB
2026.03.08 16:00:54 INFO  Progress (4): 2.4/12 MB | 2.4/2.6 MB | 0.2/1.1 MB | 279/636 kB
2026.03.08 16:00:54 INFO  Progress (4): 2.4/12 MB | 2.4/2.6 MB | 0.2/1.1 MB | 279/636 kB
2026.03.08 16:00:54 INFO  Progress (4): 2.4/12 MB | 2.4/2.6 MB | 0.2/1.1 MB | 279/636 kB
2026.03.08 16:00:54 INFO  Progress (4): 2.4/12 MB | 2.4/2.6 MB | 0.2/1.1 MB | 279/636 kB
2026.03.08 16:00:54 INFO  Progress (4): 2.5/12 MB | 2.4/2.6 MB | 0.2/1.1 MB | 279/636 kB
2026.03.08 16:00:54 INFO  Progress (4): 2.5/12 MB | 2.4/2.6 MB | 0.2/1.1 MB | 279/636 kB
2026.03.08 16:00:54 INFO  Progress (4): 2.5/12 MB | 2.4/2.6 MB | 0.2/1.1 MB | 279/636 kB
2026.03.08 16:00:54 INFO  Progress (4): 2.5/12 MB | 2.4/2.6 MB | 0.2/1.1 MB | 279/636 kB
2026.03.08 16:00:54 INFO  Progress (4): 2.5/12 MB | 2.4/2.6 MB | 0.2/1.1 MB | 279/636 kB
2026.03.08 16:00:54 INFO  Progress (4): 2.5/12 MB | 2.4/2.6 MB | 0.2/1.1 MB | 279/636 kB
2026.03.08 16:00:54 INFO  Progress (4): 2.5/12 MB | 2.4/2.6 MB | 0.2/1.1 MB | 279/636 kB
2026.03.08 16:00:54 INFO  Progress (4): 2.5/12 MB | 2.4/2.6 MB | 0.2/1.1 MB | 279/636 kB
2026.03.08 16:00:54 INFO  Progress (4): 2.5/12 MB | 2.5/2.6 MB | 0.2/1.1 MB | 279/636 kB
2026.03.08 16:00:54 INFO  Progress (4): 2.6/12 MB | 2.5/2.6 MB | 0.2/1.1 MB | 279/636 kB
2026.03.08 16:00:54 INFO  Progress (4): 2.6/12 MB | 2.5/2.6 MB | 0.2/1.1 MB | 279/636 kB
2026.03.08 16:00:54 INFO  Progress (4): 2.6/12 MB | 2.5/2.6 MB | 0.2/1.1 MB | 279/636 kB
2026.03.08 16:00:54 INFO  Progress (4): 2.6/12 MB | 2.5/2.6 MB | 0.2/1.1 MB | 279/636 kB
2026.03.08 16:00:54 INFO  Progress (4): 2.6/12 MB | 2.5/2.6 MB | 0.2/1.1 MB | 279/636 kB
2026.03.08 16:00:54 INFO  Progress (4): 2.6/12 MB | 2.5/2.6 MB | 0.2/1.1 MB | 279/636 kB
2026.03.08 16:00:54 INFO  Progress (4): 2.6/12 MB | 2.5/2.6 MB | 0.2/1.1 MB | 279/636 kB
2026.03.08 16:00:54 INFO  Progress (4): 2.6/12 MB | 2.5/2.6 MB | 0.2/1.1 MB | 279/636 kB
2026.03.08 16:00:54 INFO  Progress (4): 2.7/12 MB | 2.5/2.6 MB | 0.2/1.1 MB | 279/636 kB
2026.03.08 16:00:54 INFO  Progress (4): 2.7/12 MB | 2.5/2.6 MB | 0.2/1.1 MB | 279/636 kB
2026.03.08 16:00:54 INFO  Progress (4): 2.7/12 MB | 2.5/2.6 MB | 0.2/1.1 MB | 279/636 kB
2026.03.08 16:00:54 INFO  Progress (4): 2.7/12 MB | 2.5/2.6 MB | 0.2/1.1 MB | 279/636 kB
2026.03.08 16:00:54 INFO  Progress (4): 2.7/12 MB | 2.5/2.6 MB | 0.2/1.1 MB | 279/636 kB
2026.03.08 16:00:54 INFO  Progress (4): 2.7/12 MB | 2.5/2.6 MB | 0.2/1.1 MB | 279/636 kB
2026.03.08 16:00:54 INFO  Progress (4): 2.7/12 MB | 2.5/2.6 MB | 0.2/1.1 MB | 279/636 kB
2026.03.08 16:00:54 INFO  Progress (4): 2.7/12 MB | 2.5/2.6 MB | 0.2/1.1 MB | 279/636 kB
2026.03.08 16:00:54 INFO  Progress (4): 2.7/12 MB | 2.5/2.6 MB | 0.2/1.1 MB | 279/636 kB
2026.03.08 16:00:54 INFO  Progress (4): 2.7/12 MB | 2.5/2.6 MB | 0.2/1.1 MB | 279/636 kB
2026.03.08 16:00:54 INFO  Progress (4): 2.7/12 MB | 2.6/2.6 MB | 0.2/1.1 MB | 279/636 kB
2026.03.08 16:00:54 INFO  Progress (4): 2.8/12 MB | 2.6/2.6 MB | 0.2/1.1 MB | 279/636 kB
2026.03.08 16:00:54 INFO  Progress (4): 2.8/12 MB | 2.6/2.6 MB | 0.2/1.1 MB | 279/636 kB
2026.03.08 16:00:54 INFO  Progress (4): 2.8/12 MB | 2.6/2.6 MB | 0.2/1.1 MB | 279/636 kB
2026.03.08 16:00:54 INFO  Progress (4): 2.8/12 MB | 2.6/2.6 MB | 0.2/1.1 MB | 295/636 kB
2026.03.08 16:00:54 INFO  Progress (4): 2.8/12 MB | 2.6/2.6 MB | 0.2/1.1 MB | 295/636 kB
2026.03.08 16:00:54 INFO  Progress (4): 2.8/12 MB | 2.6/2.6 MB | 0.2/1.1 MB | 295/636 kB
2026.03.08 16:00:54 INFO  Progress (4): 2.8/12 MB | 2.6/2.6 MB | 0.2/1.1 MB | 295/636 kB
2026.03.08 16:00:54 INFO  Progress (4): 2.8/12 MB | 2.6/2.6 MB | 0.2/1.1 MB | 295/636 kB
2026.03.08 16:00:54 INFO  Progress (4): 2.8/12 MB | 2.6/2.6 MB | 0.2/1.1 MB | 311/636 kB
2026.03.08 16:00:54 INFO  Progress (4): 2.8/12 MB | 2.6/2.6 MB | 0.2/1.1 MB | 311/636 kB
2026.03.08 16:00:54 INFO  Progress (4): 2.8/12 MB | 2.6/2.6 MB | 0.2/1.1 MB | 311/636 kB
2026.03.08 16:00:54 INFO  Progress (4): 2.8/12 MB | 2.6 MB | 0.2/1.1 MB | 311/636 kB    
2026.03.08 16:00:54 INFO  Progress (4): 2.8/12 MB | 2.6 MB | 0.2/1.1 MB | 311/636 kB
2026.03.08 16:00:54 INFO  Progress (4): 2.8/12 MB | 2.6 MB | 0.3/1.1 MB | 311/636 kB
2026.03.08 16:00:54 INFO  Progress (4): 2.8/12 MB | 2.6 MB | 0.3/1.1 MB | 328/636 kB
2026.03.08 16:00:54 INFO  Progress (4): 2.8/12 MB | 2.6 MB | 0.3/1.1 MB | 328/636 kB
2026.03.08 16:00:54 INFO  Progress (4): 2.8/12 MB | 2.6 MB | 0.3/1.1 MB | 344/636 kB
2026.03.08 16:00:54 INFO  Progress (4): 2.9/12 MB | 2.6 MB | 0.3/1.1 MB | 344/636 kB
2026.03.08 16:00:54 INFO  Progress (4): 2.9/12 MB | 2.6 MB | 0.3/1.1 MB | 360/636 kB
2026.03.08 16:00:54 INFO  Progress (4): 2.9/12 MB | 2.6 MB | 0.3/1.1 MB | 360/636 kB
2026.03.08 16:00:54 INFO  Progress (4): 2.9/12 MB | 2.6 MB | 0.3/1.1 MB | 360/636 kB
2026.03.08 16:00:54 INFO  Progress (4): 2.9/12 MB | 2.6 MB | 0.3/1.1 MB | 360/636 kB
2026.03.08 16:00:54 INFO  Progress (4): 2.9/12 MB | 2.6 MB | 0.3/1.1 MB | 360/636 kB
2026.03.08 16:00:54 INFO  Progress (4): 2.9/12 MB | 2.6 MB | 0.3/1.1 MB | 360/636 kB
2026.03.08 16:00:54 INFO  Progress (4): 3.0/12 MB | 2.6 MB | 0.3/1.1 MB | 360/636 kB
2026.03.08 16:00:54 INFO  Progress (4): 3.0/12 MB | 2.6 MB | 0.3/1.1 MB | 360/636 kB
2026.03.08 16:00:54 INFO  Progress (4): 3.0/12 MB | 2.6 MB | 0.3/1.1 MB | 360/636 kB
2026.03.08 16:00:54 INFO                                                            
2026.03.08 16:00:54 INFO  Downloaded from central: https://repo.maven.apache.org/maven2/org/scala-sbt/zinc-persist-core-assembly/1.8.0/zinc-persist-core-assembly-1.8.0.jar (2.6 MB at 8.6 MB/s)
2026.03.08 16:00:54 INFO  Downloading from central: https://repo.maven.apache.org/maven2/net/java/dev/jna/jna-platform/5.12.0/jna-platform-5.12.0.jar
2026.03.08 16:00:54 INFO  Progress (3): 3.0/12 MB | 0.3/1.1 MB | 360/636 kB
2026.03.08 16:00:54 INFO  Progress (3): 3.0/12 MB | 0.3/1.1 MB | 377/636 kB
2026.03.08 16:00:54 INFO  Progress (3): 3.0/12 MB | 0.3/1.1 MB | 377/636 kB
2026.03.08 16:00:54 INFO  Progress (3): 3.0/12 MB | 0.3/1.1 MB | 377/636 kB
2026.03.08 16:00:54 INFO  Progress (3): 3.0/12 MB | 0.3/1.1 MB | 393/636 kB
2026.03.08 16:00:54 INFO  Progress (3): 3.0/12 MB | 0.3/1.1 MB | 410/636 kB
2026.03.08 16:00:54 INFO  Progress (3): 3.0/12 MB | 0.3/1.1 MB | 410/636 kB
2026.03.08 16:00:54 INFO  Progress (3): 3.0/12 MB | 0.3/1.1 MB | 410/636 kB
2026.03.08 16:00:54 INFO  Progress (3): 3.0/12 MB | 0.3/1.1 MB | 426/636 kB
2026.03.08 16:00:54 INFO  Progress (3): 3.1/12 MB | 0.3/1.1 MB | 426/636 kB
2026.03.08 16:00:54 INFO  Progress (3): 3.1/12 MB | 0.3/1.1 MB | 442/636 kB
2026.03.08 16:00:54 INFO  Progress (3): 3.1/12 MB | 0.3/1.1 MB | 442/636 kB
2026.03.08 16:00:54 INFO  Progress (3): 3.1/12 MB | 0.3/1.1 MB | 442/636 kB
2026.03.08 16:00:54 INFO  Progress (3): 3.1/12 MB | 0.3/1.1 MB | 459/636 kB
2026.03.08 16:00:54 INFO  Progress (3): 3.1/12 MB | 0.3/1.1 MB | 459/636 kB
2026.03.08 16:00:54 INFO  Progress (3): 3.1/12 MB | 0.3/1.1 MB | 475/636 kB
2026.03.08 16:00:54 INFO  Progress (3): 3.1/12 MB | 0.3/1.1 MB | 475/636 kB
2026.03.08 16:00:54 INFO  Progress (3): 3.1/12 MB | 0.3/1.1 MB | 475/636 kB
2026.03.08 16:00:54 INFO  Progress (3): 3.1/12 MB | 0.3/1.1 MB | 492/636 kB
2026.03.08 16:00:54 INFO  Progress (3): 3.1/12 MB | 0.3/1.1 MB | 492/636 kB
2026.03.08 16:00:54 INFO  Progress (3): 3.1/12 MB | 0.3/1.1 MB | 492/636 kB
2026.03.08 16:00:54 INFO  Progress (3): 3.1/12 MB | 0.3/1.1 MB | 492/636 kB
2026.03.08 16:00:54 INFO  Progress (3): 3.2/12 MB | 0.3/1.1 MB | 492/636 kB
2026.03.08 16:00:54 INFO  Progress (3): 3.2/12 MB | 0.3/1.1 MB | 492/636 kB
2026.03.08 16:00:54 INFO  Progress (3): 3.2/12 MB | 0.4/1.1 MB | 492/636 kB
2026.03.08 16:00:54 INFO  Progress (3): 3.2/12 MB | 0.4/1.1 MB | 492/636 kB
2026.03.08 16:00:54 INFO  Progress (3): 3.2/12 MB | 0.4/1.1 MB | 492/636 kB
2026.03.08 16:00:54 INFO  Progress (3): 3.2/12 MB | 0.4/1.1 MB | 492/636 kB
2026.03.08 16:00:54 INFO  Progress (3): 3.2/12 MB | 0.4/1.1 MB | 492/636 kB
2026.03.08 16:00:54 INFO  Progress (3): 3.2/12 MB | 0.4/1.1 MB | 492/636 kB
2026.03.08 16:00:54 INFO  Progress (3): 3.3/12 MB | 0.4/1.1 MB | 492/636 kB
2026.03.08 16:00:54 INFO  Progress (3): 3.3/12 MB | 0.4/1.1 MB | 492/636 kB
2026.03.08 16:00:54 INFO  Progress (3): 3.3/12 MB | 0.4/1.1 MB | 492/636 kB
2026.03.08 16:00:54 INFO  Progress (3): 3.3/12 MB | 0.4/1.1 MB | 492/636 kB
2026.03.08 16:00:54 INFO  Progress (3): 3.3/12 MB | 0.4/1.1 MB | 492/636 kB
2026.03.08 16:00:54 INFO  Progress (3): 3.3/12 MB | 0.4/1.1 MB | 492/636 kB
2026.03.08 16:00:54 INFO  Progress (3): 3.3/12 MB | 0.4/1.1 MB | 508/636 kB
2026.03.08 16:00:54 INFO  Progress (3): 3.3/12 MB | 0.4/1.1 MB | 508/636 kB
2026.03.08 16:00:54 INFO  Progress (3): 3.3/12 MB | 0.4/1.1 MB | 508/636 kB
2026.03.08 16:00:54 INFO  Progress (3): 3.3/12 MB | 0.4/1.1 MB | 524/636 kB
2026.03.08 16:00:54 INFO  Progress (3): 3.3/12 MB | 0.4/1.1 MB | 524/636 kB
2026.03.08 16:00:54 INFO  Progress (3): 3.4/12 MB | 0.4/1.1 MB | 524/636 kB
2026.03.08 16:00:54 INFO  Progress (3): 3.4/12 MB | 0.4/1.1 MB | 524/636 kB
2026.03.08 16:00:54 INFO  Progress (3): 3.4/12 MB | 0.4/1.1 MB | 524/636 kB
2026.03.08 16:00:54 INFO  Progress (3): 3.4/12 MB | 0.4/1.1 MB | 541/636 kB
2026.03.08 16:00:54 INFO  Progress (3): 3.4/12 MB | 0.4/1.1 MB | 541/636 kB
2026.03.08 16:00:54 INFO  Progress (3): 3.4/12 MB | 0.4/1.1 MB | 541/636 kB
2026.03.08 16:00:54 INFO  Progress (3): 3.4/12 MB | 0.4/1.1 MB | 541/636 kB
2026.03.08 16:00:54 INFO  Progress (3): 3.4/12 MB | 0.5/1.1 MB | 541/636 kB
2026.03.08 16:00:54 INFO  Progress (3): 3.4/12 MB | 0.5/1.1 MB | 557/636 kB
2026.03.08 16:00:54 INFO  Progress (3): 3.4/12 MB | 0.5/1.1 MB | 557/636 kB
2026.03.08 16:00:54 INFO  Progress (3): 3.4/12 MB | 0.5/1.1 MB | 557/636 kB
2026.03.08 16:00:54 INFO  Progress (3): 3.4/12 MB | 0.5/1.1 MB | 573/636 kB
2026.03.08 16:00:54 INFO  Progress (3): 3.5/12 MB | 0.5/1.1 MB | 573/636 kB
2026.03.08 16:00:54 INFO  Progress (3): 3.5/12 MB | 0.5/1.1 MB | 573/636 kB
2026.03.08 16:00:54 INFO  Progress (3): 3.5/12 MB | 0.5/1.1 MB | 573/636 kB
2026.03.08 16:00:54 INFO  Progress (3): 3.5/12 MB | 0.5/1.1 MB | 590/636 kB
2026.03.08 16:00:54 INFO  Progress (3): 3.5/12 MB | 0.5/1.1 MB | 590/636 kB
2026.03.08 16:00:54 INFO  Progress (3): 3.5/12 MB | 0.5/1.1 MB | 590/636 kB
2026.03.08 16:00:54 INFO  Progress (3): 3.5/12 MB | 0.5/1.1 MB | 590/636 kB
2026.03.08 16:00:54 INFO  Progress (3): 3.5/12 MB | 0.5/1.1 MB | 606/636 kB
2026.03.08 16:00:54 INFO  Progress (3): 3.5/12 MB | 0.5/1.1 MB | 606/636 kB
2026.03.08 16:00:54 INFO  Progress (3): 3.5/12 MB | 0.5/1.1 MB | 606/636 kB
2026.03.08 16:00:54 INFO  Progress (3): 3.5/12 MB | 0.5/1.1 MB | 606/636 kB
2026.03.08 16:00:54 INFO  Progress (3): 3.5/12 MB | 0.5/1.1 MB | 623/636 kB
2026.03.08 16:00:54 INFO  Progress (3): 3.6/12 MB | 0.5/1.1 MB | 623/636 kB
2026.03.08 16:00:54 INFO  Progress (3): 3.6/12 MB | 0.5/1.1 MB | 623/636 kB
2026.03.08 16:00:54 INFO  Progress (3): 3.6/12 MB | 0.5/1.1 MB | 623/636 kB
2026.03.08 16:00:54 INFO  Progress (3): 3.6/12 MB | 0.5/1.1 MB | 636 kB    
2026.03.08 16:00:54 INFO  Progress (3): 3.6/12 MB | 0.5/1.1 MB | 636 kB
2026.03.08 16:00:54 INFO  Progress (3): 3.6/12 MB | 0.5/1.1 MB | 636 kB
2026.03.08 16:00:54 INFO  Progress (3): 3.6/12 MB | 0.5/1.1 MB | 636 kB
2026.03.08 16:00:54 INFO  Progress (3): 3.6/12 MB | 0.5/1.1 MB | 636 kB
2026.03.08 16:00:54 INFO  Progress (3): 3.6/12 MB | 0.6/1.1 MB | 636 kB
2026.03.08 16:00:54 INFO  Progress (3): 3.6/12 MB | 0.6/1.1 MB | 636 kB
2026.03.08 16:00:54 INFO  Progress (3): 3.6/12 MB | 0.6/1.1 MB | 636 kB
2026.03.08 16:00:54 INFO  Progress (3): 3.7/12 MB | 0.6/1.1 MB | 636 kB
2026.03.08 16:00:54 INFO  Progress (3): 3.7/12 MB | 0.6/1.1 MB | 636 kB
2026.03.08 16:00:54 INFO  Progress (3): 3.7/12 MB | 0.6/1.1 MB | 636 kB
2026.03.08 16:00:54 INFO  Progress (3): 3.7/12 MB | 0.6/1.1 MB | 636 kB
2026.03.08 16:00:54 INFO  Progress (3): 3.7/12 MB | 0.6/1.1 MB | 636 kB
2026.03.08 16:00:54 INFO  Progress (3): 3.7/12 MB | 0.6/1.1 MB | 636 kB
2026.03.08 16:00:54 INFO  Progress (3): 3.7/12 MB | 0.6/1.1 MB | 636 kB
2026.03.08 16:00:54 INFO  Progress (3): 3.8/12 MB | 0.6/1.1 MB | 636 kB
2026.03.08 16:00:54 INFO  Progress (3): 3.8/12 MB | 0.6/1.1 MB | 636 kB
2026.03.08 16:00:54 INFO  Progress (3): 3.8/12 MB | 0.6/1.1 MB | 636 kB
2026.03.08 16:00:54 INFO                                               
2026.03.08 16:00:54 INFO  Downloaded from central: https://repo.maven.apache.org/maven2/org/scala-sbt/io_2.13/1.8.0/io_2.13-1.8.0.jar (636 kB at 2.1 MB/s)
2026.03.08 16:00:54 INFO  Downloading from central: https://repo.maven.apache.org/maven2/org/scala-sbt/util-logging_2.13/1.8.0/util-logging_2.13-1.8.0.jar
2026.03.08 16:00:54 INFO  Progress (2): 3.8/12 MB | 0.6/1.1 MB
2026.03.08 16:00:54 INFO  Progress (2): 3.8/12 MB | 0.6/1.1 MB
2026.03.08 16:00:54 INFO  Progress (2): 3.8/12 MB | 0.6/1.1 MB
2026.03.08 16:00:54 INFO  Progress (2): 3.9/12 MB | 0.6/1.1 MB
2026.03.08 16:00:54 INFO  Progress (2): 3.9/12 MB | 0.6/1.1 MB
2026.03.08 16:00:54 INFO  Progress (2): 3.9/12 MB | 0.6/1.1 MB
2026.03.08 16:00:54 INFO  Progress (2): 3.9/12 MB | 0.6/1.1 MB
2026.03.08 16:00:54 INFO  Progress (2): 3.9/12 MB | 0.6/1.1 MB
2026.03.08 16:00:54 INFO  Progress (2): 3.9/12 MB | 0.6/1.1 MB
2026.03.08 16:00:54 INFO  Progress (2): 3.9/12 MB | 0.6/1.1 MB
2026.03.08 16:00:54 INFO  Progress (2): 4.0/12 MB | 0.6/1.1 MB
2026.03.08 16:00:54 INFO  Progress (2): 4.0/12 MB | 0.6/1.1 MB
2026.03.08 16:00:54 INFO  Progress (2): 4.0/12 MB | 0.6/1.1 MB
2026.03.08 16:00:54 INFO  Progress (2): 4.0/12 MB | 0.6/1.1 MB
2026.03.08 16:00:54 INFO  Progress (2): 4.0/12 MB | 0.6/1.1 MB
2026.03.08 16:00:54 INFO  Progress (2): 4.0/12 MB | 0.6/1.1 MB
2026.03.08 16:00:54 INFO  Progress (2): 4.1/12 MB | 0.6/1.1 MB
2026.03.08 16:00:54 INFO  Progress (2): 4.1/12 MB | 0.6/1.1 MB
2026.03.08 16:00:54 INFO  Progress (2): 4.1/12 MB | 0.6/1.1 MB
2026.03.08 16:00:54 INFO  Progress (2): 4.1/12 MB | 0.6/1.1 MB
2026.03.08 16:00:54 INFO  Progress (2): 4.1/12 MB | 0.6/1.1 MB
2026.03.08 16:00:54 INFO  Progress (2): 4.1/12 MB | 0.6/1.1 MB
2026.03.08 16:00:54 INFO  Progress (2): 4.2/12 MB | 0.6/1.1 MB
2026.03.08 16:00:54 INFO  Progress (2): 4.2/12 MB | 0.6/1.1 MB
2026.03.08 16:00:54 INFO  Progress (2): 4.2/12 MB | 0.6/1.1 MB
2026.03.08 16:00:54 INFO  Progress (2): 4.2/12 MB | 0.6/1.1 MB
2026.03.08 16:00:54 INFO  Progress (2): 4.2/12 MB | 0.6/1.1 MB
2026.03.08 16:00:54 INFO  Progress (2): 4.2/12 MB | 0.6/1.1 MB
2026.03.08 16:00:54 INFO  Progress (2): 4.3/12 MB | 0.6/1.1 MB
2026.03.08 16:00:54 INFO  Progress (2): 4.3/12 MB | 0.6/1.1 MB
2026.03.08 16:00:54 INFO  Progress (2): 4.3/12 MB | 0.6/1.1 MB
2026.03.08 16:00:54 INFO  Progress (2): 4.3/12 MB | 0.6/1.1 MB
2026.03.08 16:00:54 INFO  Progress (2): 4.3/12 MB | 0.6/1.1 MB
2026.03.08 16:00:54 INFO  Progress (2): 4.3/12 MB | 0.6/1.1 MB
2026.03.08 16:00:54 INFO  Progress (2): 4.4/12 MB | 0.6/1.1 MB
2026.03.08 16:00:54 INFO  Progress (2): 4.4/12 MB | 0.6/1.1 MB
2026.03.08 16:00:54 INFO  Progress (2): 4.4/12 MB | 0.6/1.1 MB
2026.03.08 16:00:54 INFO  Progress (2): 4.4/12 MB | 0.6/1.1 MB
2026.03.08 16:00:54 INFO  Progress (2): 4.4/12 MB | 0.6/1.1 MB
2026.03.08 16:00:54 INFO  Progress (2): 4.4/12 MB | 0.6/1.1 MB
2026.03.08 16:00:54 INFO  Progress (2): 4.5/12 MB | 0.6/1.1 MB
2026.03.08 16:00:54 INFO  Progress (2): 4.5/12 MB | 0.6/1.1 MB
2026.03.08 16:00:54 INFO  Progress (2): 4.5/12 MB | 0.6/1.1 MB
2026.03.08 16:00:54 INFO  Progress (2): 4.5/12 MB | 0.6/1.1 MB
2026.03.08 16:00:54 INFO  Progress (2): 4.5/12 MB | 0.6/1.1 MB
2026.03.08 16:00:54 INFO  Progress (2): 4.5/12 MB | 0.6/1.1 MB
2026.03.08 16:00:54 INFO  Progress (2): 4.5/12 MB | 0.6/1.1 MB
2026.03.08 16:00:54 INFO  Progress (2): 4.6/12 MB | 0.6/1.1 MB
2026.03.08 16:00:54 INFO  Progress (2): 4.6/12 MB | 0.6/1.1 MB
2026.03.08 16:00:54 INFO  Progress (2): 4.6/12 MB | 0.6/1.1 MB
2026.03.08 16:00:54 INFO  Progress (2): 4.6/12 MB | 0.6/1.1 MB
2026.03.08 16:00:54 INFO  Progress (2): 4.6/12 MB | 0.6/1.1 MB
2026.03.08 16:00:54 INFO  Progress (2): 4.6/12 MB | 0.6/1.1 MB
2026.03.08 16:00:54 INFO  Progress (2): 4.6/12 MB | 0.6/1.1 MB
2026.03.08 16:00:54 INFO  Progress (2): 4.7/12 MB | 0.6/1.1 MB
2026.03.08 16:00:54 INFO  Progress (2): 4.7/12 MB | 0.6/1.1 MB
2026.03.08 16:00:54 INFO  Progress (2): 4.7/12 MB | 0.6/1.1 MB
2026.03.08 16:00:54 INFO  Progress (2): 4.7/12 MB | 0.6/1.1 MB
2026.03.08 16:00:54 INFO  Progress (2): 4.7/12 MB | 0.6/1.1 MB
2026.03.08 16:00:54 INFO  Progress (2): 4.7/12 MB | 0.6/1.1 MB
2026.03.08 16:00:54 INFO  Progress (2): 4.7/12 MB | 0.6/1.1 MB
2026.03.08 16:00:54 INFO  Progress (2): 4.8/12 MB | 0.6/1.1 MB
2026.03.08 16:00:54 INFO  Progress (2): 4.8/12 MB | 0.6/1.1 MB
2026.03.08 16:00:54 INFO  Progress (2): 4.8/12 MB | 0.6/1.1 MB
2026.03.08 16:00:54 INFO  Progress (2): 4.8/12 MB | 0.6/1.1 MB
2026.03.08 16:00:54 INFO  Progress (2): 4.8/12 MB | 0.6/1.1 MB
2026.03.08 16:00:54 INFO  Progress (2): 4.8/12 MB | 0.6/1.1 MB
2026.03.08 16:00:54 INFO  Progress (2): 4.9/12 MB | 0.6/1.1 MB
2026.03.08 16:00:54 INFO  Progress (2): 4.9/12 MB | 0.6/1.1 MB
2026.03.08 16:00:54 INFO  Progress (2): 4.9/12 MB | 0.6/1.1 MB
2026.03.08 16:00:54 INFO  Progress (2): 4.9/12 MB | 0.6/1.1 MB
2026.03.08 16:00:54 INFO  Progress (2): 4.9/12 MB | 0.6/1.1 MB
2026.03.08 16:00:54 INFO  Progress (2): 4.9/12 MB | 0.6/1.1 MB
2026.03.08 16:00:54 INFO  Progress (2): 5.0/12 MB | 0.6/1.1 MB
2026.03.08 16:00:54 INFO  Progress (2): 5.0/12 MB | 0.6/1.1 MB
2026.03.08 16:00:54 INFO  Progress (2): 5.0/12 MB | 0.6/1.1 MB
2026.03.08 16:00:54 INFO  Progress (2): 5.0/12 MB | 0.6/1.1 MB
2026.03.08 16:00:54 INFO  Progress (2): 5.0/12 MB | 0.6/1.1 MB
2026.03.08 16:00:54 INFO  Progress (2): 5.0/12 MB | 0.6/1.1 MB
2026.03.08 16:00:54 INFO  Progress (2): 5.1/12 MB | 0.6/1.1 MB
2026.03.08 16:00:54 INFO  Progress (2): 5.1/12 MB | 0.6/1.1 MB
2026.03.08 16:00:54 INFO  Progress (2): 5.1/12 MB | 0.6/1.1 MB
2026.03.08 16:00:54 INFO  Progress (2): 5.1/12 MB | 0.6/1.1 MB
2026.03.08 16:00:54 INFO  Progress (2): 5.1/12 MB | 0.6/1.1 MB
2026.03.08 16:00:54 INFO  Progress (2): 5.1/12 MB | 0.6/1.1 MB
2026.03.08 16:00:54 INFO  Progress (2): 5.1/12 MB | 0.6/1.1 MB
2026.03.08 16:00:54 INFO  Progress (2): 5.1/12 MB | 0.6/1.1 MB
2026.03.08 16:00:54 INFO  Progress (2): 5.2/12 MB | 0.6/1.1 MB
2026.03.08 16:00:54 INFO  Progress (2): 5.2/12 MB | 0.6/1.1 MB
2026.03.08 16:00:54 INFO  Progress (2): 5.2/12 MB | 0.6/1.1 MB
2026.03.08 16:00:54 INFO  Progress (2): 5.2/12 MB | 0.6/1.1 MB
2026.03.08 16:00:54 INFO  Progress (2): 5.2/12 MB | 0.6/1.1 MB
2026.03.08 16:00:54 INFO  Progress (2): 5.2/12 MB | 0.6/1.1 MB
2026.03.08 16:00:54 INFO  Progress (2): 5.3/12 MB | 0.6/1.1 MB
2026.03.08 16:00:54 INFO  Progress (2): 5.3/12 MB | 0.6/1.1 MB
2026.03.08 16:00:54 INFO  Progress (2): 5.3/12 MB | 0.6/1.1 MB
2026.03.08 16:00:54 INFO  Progress (2): 5.3/12 MB | 0.6/1.1 MB
2026.03.08 16:00:54 INFO  Progress (2): 5.3/12 MB | 0.6/1.1 MB
2026.03.08 16:00:54 INFO  Progress (2): 5.3/12 MB | 0.6/1.1 MB
2026.03.08 16:00:54 INFO  Progress (2): 5.4/12 MB | 0.6/1.1 MB
2026.03.08 16:00:54 INFO  Progress (2): 5.4/12 MB | 0.6/1.1 MB
2026.03.08 16:00:54 INFO  Progress (2): 5.4/12 MB | 0.6/1.1 MB
2026.03.08 16:00:54 INFO  Progress (2): 5.4/12 MB | 0.6/1.1 MB
2026.03.08 16:00:54 INFO  Progress (2): 5.4/12 MB | 0.7/1.1 MB
2026.03.08 16:00:54 INFO  Progress (2): 5.4/12 MB | 0.7/1.1 MB
2026.03.08 16:00:54 INFO  Progress (2): 5.4/12 MB | 0.7/1.1 MB
2026.03.08 16:00:54 INFO  Progress (2): 5.4/12 MB | 0.7/1.1 MB
2026.03.08 16:00:54 INFO  Progress (2): 5.4/12 MB | 0.7/1.1 MB
2026.03.08 16:00:54 INFO  Progress (2): 5.5/12 MB | 0.7/1.1 MB
2026.03.08 16:00:54 INFO  Progress (2): 5.5/12 MB | 0.7/1.1 MB
2026.03.08 16:00:54 INFO  Progress (2): 5.5/12 MB | 0.7/1.1 MB
2026.03.08 16:00:54 INFO  Progress (2): 5.5/12 MB | 0.7/1.1 MB
2026.03.08 16:00:54 INFO  Progress (2): 5.5/12 MB | 0.7/1.1 MB
2026.03.08 16:00:54 INFO  Progress (2): 5.5/12 MB | 0.7/1.1 MB
2026.03.08 16:00:54 INFO  Progress (2): 5.5/12 MB | 0.7/1.1 MB
2026.03.08 16:00:54 INFO  Progress (2): 5.6/12 MB | 0.7/1.1 MB
2026.03.08 16:00:54 INFO  Progress (2): 5.6/12 MB | 0.7/1.1 MB
2026.03.08 16:00:54 INFO  Progress (2): 5.6/12 MB | 0.7/1.1 MB
2026.03.08 16:00:54 INFO  Progress (2): 5.6/12 MB | 0.7/1.1 MB
2026.03.08 16:00:54 INFO  Progress (2): 5.6/12 MB | 0.7/1.1 MB
2026.03.08 16:00:54 INFO  Progress (3): 5.6/12 MB | 0.7/1.1 MB | 0/1.9 MB
2026.03.08 16:00:54 INFO  Progress (3): 5.6/12 MB | 0.7/1.1 MB | 0/1.9 MB
2026.03.08 16:00:54 INFO  Progress (3): 5.6/12 MB | 0.7/1.1 MB | 0/1.9 MB
2026.03.08 16:00:54 INFO  Progress (3): 5.6/12 MB | 0.7/1.1 MB | 0/1.9 MB
2026.03.08 16:00:54 INFO  Progress (3): 5.6/12 MB | 0.7/1.1 MB | 0/1.9 MB
2026.03.08 16:00:54 INFO  Progress (3): 5.6/12 MB | 0.7/1.1 MB | 0.1/1.9 MB
2026.03.08 16:00:54 INFO  Progress (3): 5.6/12 MB | 0.7/1.1 MB | 0.1/1.9 MB
2026.03.08 16:00:54 INFO  Progress (3): 5.6/12 MB | 0.7/1.1 MB | 0.1/1.9 MB
2026.03.08 16:00:54 INFO  Progress (3): 5.6/12 MB | 0.7/1.1 MB | 0.1/1.9 MB
2026.03.08 16:00:54 INFO  Progress (3): 5.6/12 MB | 0.7/1.1 MB | 0.1/1.9 MB
2026.03.08 16:00:54 INFO  Progress (3): 5.6/12 MB | 0.7/1.1 MB | 0.1/1.9 MB
2026.03.08 16:00:54 INFO  Progress (3): 5.6/12 MB | 0.7/1.1 MB | 0.2/1.9 MB
2026.03.08 16:00:54 INFO  Progress (3): 5.6/12 MB | 0.7/1.1 MB | 0.2/1.9 MB
2026.03.08 16:00:54 INFO  Progress (3): 5.6/12 MB | 0.7/1.1 MB | 0.2/1.9 MB
2026.03.08 16:00:54 INFO  Progress (3): 5.6/12 MB | 0.7/1.1 MB | 0.2/1.9 MB
2026.03.08 16:00:54 INFO  Progress (3): 5.6/12 MB | 0.7/1.1 MB | 0.2/1.9 MB
2026.03.08 16:00:54 INFO  Progress (3): 5.6/12 MB | 0.7/1.1 MB | 0.2/1.9 MB
2026.03.08 16:00:54 INFO  Progress (3): 5.7/12 MB | 0.7/1.1 MB | 0.2/1.9 MB
2026.03.08 16:00:54 INFO  Progress (3): 5.7/12 MB | 0.7/1.1 MB | 0.2/1.9 MB
2026.03.08 16:00:54 INFO  Progress (3): 5.7/12 MB | 0.7/1.1 MB | 0.2/1.9 MB
2026.03.08 16:00:54 INFO  Progress (3): 5.7/12 MB | 0.7/1.1 MB | 0.2/1.9 MB
2026.03.08 16:00:54 INFO  Progress (3): 5.7/12 MB | 0.7/1.1 MB | 0.2/1.9 MB
2026.03.08 16:00:54 INFO  Progress (3): 5.7/12 MB | 0.7/1.1 MB | 0.2/1.9 MB
2026.03.08 16:00:54 INFO  Progress (3): 5.8/12 MB | 0.7/1.1 MB | 0.2/1.9 MB
2026.03.08 16:00:54 INFO  Progress (3): 5.8/12 MB | 0.7/1.1 MB | 0.2/1.9 MB
2026.03.08 16:00:54 INFO  Progress (3): 5.8/12 MB | 0.7/1.1 MB | 0.2/1.9 MB
2026.03.08 16:00:54 INFO  Progress (3): 5.8/12 MB | 0.7/1.1 MB | 0.2/1.9 MB
2026.03.08 16:00:54 INFO  Progress (3): 5.8/12 MB | 0.7/1.1 MB | 0.2/1.9 MB
2026.03.08 16:00:54 INFO  Progress (3): 5.8/12 MB | 0.7/1.1 MB | 0.2/1.9 MB
2026.03.08 16:00:54 INFO  Progress (3): 5.8/12 MB | 0.7/1.1 MB | 0.2/1.9 MB
2026.03.08 16:00:54 INFO  Progress (3): 5.8/12 MB | 0.7/1.1 MB | 0.3/1.9 MB
2026.03.08 16:00:54 INFO  Progress (3): 5.8/12 MB | 0.7/1.1 MB | 0.3/1.9 MB
2026.03.08 16:00:54 INFO  Progress (3): 5.8/12 MB | 0.7/1.1 MB | 0.3/1.9 MB
2026.03.08 16:00:54 INFO  Progress (3): 5.8/12 MB | 0.7/1.1 MB | 0.3/1.9 MB
2026.03.08 16:00:54 INFO  Progress (3): 5.8/12 MB | 0.7/1.1 MB | 0.3/1.9 MB
2026.03.08 16:00:54 INFO  Progress (3): 5.8/12 MB | 0.7/1.1 MB | 0.3/1.9 MB
2026.03.08 16:00:54 INFO  Progress (3): 5.8/12 MB | 0.7/1.1 MB | 0.3/1.9 MB
2026.03.08 16:00:54 INFO  Progress (3): 5.8/12 MB | 0.7/1.1 MB | 0.4/1.9 MB
2026.03.08 16:00:54 INFO  Progress (4): 5.8/12 MB | 0.7/1.1 MB | 0.4/1.9 MB | 0/1.4 MB
2026.03.08 16:00:54 INFO  Progress (4): 5.8/12 MB | 0.7/1.1 MB | 0.4/1.9 MB | 0/1.4 MB
2026.03.08 16:00:54 INFO  Progress (4): 5.8/12 MB | 0.7/1.1 MB | 0.4/1.9 MB | 0/1.4 MB
2026.03.08 16:00:54 INFO  Progress (4): 5.8/12 MB | 0.7/1.1 MB | 0.4/1.9 MB | 0/1.4 MB
2026.03.08 16:00:54 INFO  Progress (4): 5.8/12 MB | 0.7/1.1 MB | 0.4/1.9 MB | 0.1/1.4 MB
2026.03.08 16:00:54 INFO  Progress (4): 5.8/12 MB | 0.7/1.1 MB | 0.4/1.9 MB | 0.1/1.4 MB
2026.03.08 16:00:54 INFO  Progress (4): 5.8/12 MB | 0.7/1.1 MB | 0.4/1.9 MB | 0.1/1.4 MB
2026.03.08 16:00:54 INFO  Progress (4): 5.8/12 MB | 0.7/1.1 MB | 0.4/1.9 MB | 0.1/1.4 MB
2026.03.08 16:00:54 INFO  Progress (4): 5.8/12 MB | 0.7/1.1 MB | 0.4/1.9 MB | 0.1/1.4 MB
2026.03.08 16:00:54 INFO  Progress (4): 5.8/12 MB | 0.7/1.1 MB | 0.4/1.9 MB | 0.1/1.4 MB
2026.03.08 16:00:54 INFO  Progress (4): 5.8/12 MB | 0.7/1.1 MB | 0.4/1.9 MB | 0.2/1.4 MB
2026.03.08 16:00:54 INFO  Progress (4): 5.8/12 MB | 0.7/1.1 MB | 0.4/1.9 MB | 0.2/1.4 MB
2026.03.08 16:00:54 INFO  Progress (4): 5.8/12 MB | 0.7/1.1 MB | 0.4/1.9 MB | 0.2/1.4 MB
2026.03.08 16:00:54 INFO  Progress (4): 5.8/12 MB | 0.7/1.1 MB | 0.4/1.9 MB | 0.2/1.4 MB
2026.03.08 16:00:54 INFO  Progress (4): 5.8/12 MB | 0.7/1.1 MB | 0.4/1.9 MB | 0.2/1.4 MB
2026.03.08 16:00:54 INFO  Progress (4): 5.8/12 MB | 0.7/1.1 MB | 0.4/1.9 MB | 0.2/1.4 MB
2026.03.08 16:00:54 INFO  Progress (4): 5.8/12 MB | 0.7/1.1 MB | 0.4/1.9 MB | 0.2/1.4 MB
2026.03.08 16:00:54 INFO  Progress (4): 5.8/12 MB | 0.7/1.1 MB | 0.4/1.9 MB | 0.3/1.4 MB
2026.03.08 16:00:54 INFO  Progress (4): 5.8/12 MB | 0.7/1.1 MB | 0.4/1.9 MB | 0.3/1.4 MB
2026.03.08 16:00:54 INFO  Progress (4): 5.8/12 MB | 0.7/1.1 MB | 0.4/1.9 MB | 0.3/1.4 MB
2026.03.08 16:00:54 INFO  Progress (4): 5.8/12 MB | 0.7/1.1 MB | 0.4/1.9 MB | 0.3/1.4 MB
2026.03.08 16:00:54 INFO  Progress (4): 5.8/12 MB | 0.7/1.1 MB | 0.4/1.9 MB | 0.3/1.4 MB
2026.03.08 16:00:54 INFO  Progress (4): 5.8/12 MB | 0.7/1.1 MB | 0.4/1.9 MB | 0.3/1.4 MB
2026.03.08 16:00:54 INFO  Progress (4): 5.8/12 MB | 0.7/1.1 MB | 0.4/1.9 MB | 0.3/1.4 MB
2026.03.08 16:00:54 INFO  Progress (4): 5.8/12 MB | 0.7/1.1 MB | 0.4/1.9 MB | 0.3/1.4 MB
2026.03.08 16:00:54 INFO  Progress (4): 5.8/12 MB | 0.7/1.1 MB | 0.4/1.9 MB | 0.3/1.4 MB
2026.03.08 16:00:54 INFO  Progress (4): 5.8/12 MB | 0.7/1.1 MB | 0.4/1.9 MB | 0.3/1.4 MB
2026.03.08 16:00:54 INFO  Progress (4): 5.8/12 MB | 0.7/1.1 MB | 0.5/1.9 MB | 0.3/1.4 MB
2026.03.08 16:00:54 INFO  Progress (4): 5.8/12 MB | 0.7/1.1 MB | 0.5/1.9 MB | 0.3/1.4 MB
2026.03.08 16:00:54 INFO  Progress (4): 5.8/12 MB | 0.7/1.1 MB | 0.5/1.9 MB | 0.3/1.4 MB
2026.03.08 16:00:54 INFO  Progress (4): 5.8/12 MB | 0.7/1.1 MB | 0.5/1.9 MB | 0.3/1.4 MB
2026.03.08 16:00:54 INFO  Progress (4): 5.8/12 MB | 0.7/1.1 MB | 0.5/1.9 MB | 0.3/1.4 MB
2026.03.08 16:00:54 INFO  Progress (4): 5.8/12 MB | 0.7/1.1 MB | 0.5/1.9 MB | 0.3/1.4 MB
2026.03.08 16:00:54 INFO  Progress (4): 5.8/12 MB | 0.7/1.1 MB | 0.5/1.9 MB | 0.3/1.4 MB
2026.03.08 16:00:54 INFO  Progress (4): 5.8/12 MB | 0.7/1.1 MB | 0.6/1.9 MB | 0.3/1.4 MB
2026.03.08 16:00:54 INFO  Progress (4): 5.8/12 MB | 0.7/1.1 MB | 0.6/1.9 MB | 0.3/1.4 MB
2026.03.08 16:00:54 INFO  Progress (4): 5.8/12 MB | 0.7/1.1 MB | 0.6/1.9 MB | 0.3/1.4 MB
2026.03.08 16:00:54 INFO  Progress (4): 5.8/12 MB | 0.7/1.1 MB | 0.6/1.9 MB | 0.3/1.4 MB
2026.03.08 16:00:54 INFO  Progress (4): 5.8/12 MB | 0.7/1.1 MB | 0.6/1.9 MB | 0.3/1.4 MB
2026.03.08 16:00:54 INFO  Progress (4): 5.8/12 MB | 0.7/1.1 MB | 0.6/1.9 MB | 0.3/1.4 MB
2026.03.08 16:00:54 INFO  Progress (4): 5.8/12 MB | 0.7/1.1 MB | 0.6/1.9 MB | 0.3/1.4 MB
2026.03.08 16:00:54 INFO  Progress (4): 5.8/12 MB | 0.7/1.1 MB | 0.7/1.9 MB | 0.3/1.4 MB
2026.03.08 16:00:54 INFO  Progress (4): 5.8/12 MB | 0.7/1.1 MB | 0.7/1.9 MB | 0.3/1.4 MB
2026.03.08 16:00:54 INFO  Progress (4): 5.8/12 MB | 0.7/1.1 MB | 0.7/1.9 MB | 0.3/1.4 MB
2026.03.08 16:00:54 INFO  Progress (4): 5.8/12 MB | 0.7/1.1 MB | 0.7/1.9 MB | 0.3/1.4 MB
2026.03.08 16:00:54 INFO  Progress (4): 5.8/12 MB | 0.7/1.1 MB | 0.7/1.9 MB | 0.3/1.4 MB
2026.03.08 16:00:54 INFO  Progress (4): 5.8/12 MB | 0.7/1.1 MB | 0.7/1.9 MB | 0.3/1.4 MB
2026.03.08 16:00:54 INFO  Progress (4): 5.8/12 MB | 0.7/1.1 MB | 0.7/1.9 MB | 0.3/1.4 MB
2026.03.08 16:00:54 INFO  Progress (5): 5.8/12 MB | 0.7/1.1 MB | 0.7/1.9 MB | 0.3/1.4 MB | 7.7/463 kB
2026.03.08 16:00:54 INFO  Progress (5): 5.8/12 MB | 0.7/1.1 MB | 0.7/1.9 MB | 0.3/1.4 MB | 12/463 kB 
2026.03.08 16:00:54 INFO  Progress (5): 5.8/12 MB | 0.7/1.1 MB | 0.7/1.9 MB | 0.3/1.4 MB | 12/463 kB
2026.03.08 16:00:54 INFO  Progress (5): 5.8/12 MB | 0.7/1.1 MB | 0.7/1.9 MB | 0.3/1.4 MB | 29/463 kB
2026.03.08 16:00:54 INFO  Progress (5): 5.8/12 MB | 0.7/1.1 MB | 0.7/1.9 MB | 0.3/1.4 MB | 29/463 kB
2026.03.08 16:00:54 INFO  Progress (5): 5.8/12 MB | 0.7/1.1 MB | 0.7/1.9 MB | 0.3/1.4 MB | 45/463 kB
2026.03.08 16:00:54 INFO  Progress (5): 5.8/12 MB | 0.7/1.1 MB | 0.7/1.9 MB | 0.3/1.4 MB | 45/463 kB
2026.03.08 16:00:54 INFO  Progress (5): 5.8/12 MB | 0.7/1.1 MB | 0.7/1.9 MB | 0.3/1.4 MB | 45/463 kB
2026.03.08 16:00:54 INFO  Progress (5): 5.8/12 MB | 0.7/1.1 MB | 0.7/1.9 MB | 0.3/1.4 MB | 61/463 kB
2026.03.08 16:00:54 INFO  Progress (5): 5.8/12 MB | 0.8/1.1 MB | 0.7/1.9 MB | 0.3/1.4 MB | 61/463 kB
2026.03.08 16:00:54 INFO  Progress (5): 5.8/12 MB | 0.8/1.1 MB | 0.7/1.9 MB | 0.3/1.4 MB | 78/463 kB
2026.03.08 16:00:54 INFO  Progress (5): 5.8/12 MB | 0.8/1.1 MB | 0.7/1.9 MB | 0.3/1.4 MB | 78/463 kB
2026.03.08 16:00:54 INFO  Progress (5): 5.8/12 MB | 0.8/1.1 MB | 0.7/1.9 MB | 0.3/1.4 MB | 94/463 kB
2026.03.08 16:00:54 INFO  Progress (5): 5.8/12 MB | 0.8/1.1 MB | 0.8/1.9 MB | 0.3/1.4 MB | 94/463 kB
2026.03.08 16:00:54 INFO  Progress (5): 5.8/12 MB | 0.8/1.1 MB | 0.8/1.9 MB | 0.3/1.4 MB | 111/463 kB
2026.03.08 16:00:54 INFO  Progress (5): 5.8/12 MB | 0.8/1.1 MB | 0.8/1.9 MB | 0.3/1.4 MB | 111/463 kB
2026.03.08 16:00:54 INFO  Progress (5): 5.8/12 MB | 0.8/1.1 MB | 0.8/1.9 MB | 0.3/1.4 MB | 127/463 kB
2026.03.08 16:00:54 INFO  Progress (5): 5.8/12 MB | 0.8/1.1 MB | 0.8/1.9 MB | 0.3/1.4 MB | 131/463 kB
2026.03.08 16:00:54 INFO  Progress (5): 5.8/12 MB | 0.8/1.1 MB | 0.8/1.9 MB | 0.3/1.4 MB | 131/463 kB
2026.03.08 16:00:54 INFO  Progress (5): 5.8/12 MB | 0.8/1.1 MB | 0.8/1.9 MB | 0.3/1.4 MB | 147/463 kB
2026.03.08 16:00:54 INFO  Progress (5): 5.8/12 MB | 0.8/1.1 MB | 0.8/1.9 MB | 0.3/1.4 MB | 164/463 kB
2026.03.08 16:00:54 INFO  Progress (5): 5.8/12 MB | 0.8/1.1 MB | 0.8/1.9 MB | 0.3/1.4 MB | 164/463 kB
2026.03.08 16:00:54 INFO  Progress (5): 5.8/12 MB | 0.8/1.1 MB | 0.8/1.9 MB | 0.3/1.4 MB | 164/463 kB
2026.03.08 16:00:54 INFO  Progress (5): 5.8/12 MB | 0.8/1.1 MB | 0.8/1.9 MB | 0.3/1.4 MB | 180/463 kB
2026.03.08 16:00:54 INFO  Progress (5): 5.8/12 MB | 0.8/1.1 MB | 0.8/1.9 MB | 0.3/1.4 MB | 180/463 kB
2026.03.08 16:00:54 INFO  Progress (5): 5.8/12 MB | 0.8/1.1 MB | 0.8/1.9 MB | 0.3/1.4 MB | 197/463 kB
2026.03.08 16:00:54 INFO  Progress (5): 5.8/12 MB | 0.8/1.1 MB | 0.8/1.9 MB | 0.3/1.4 MB | 197/463 kB
2026.03.08 16:00:54 INFO  Progress (5): 5.8/12 MB | 0.8/1.1 MB | 0.8/1.9 MB | 0.3/1.4 MB | 213/463 kB
2026.03.08 16:00:54 INFO  Progress (5): 5.8/12 MB | 0.8/1.1 MB | 0.8/1.9 MB | 0.3/1.4 MB | 213/463 kB
2026.03.08 16:00:54 INFO  Progress (5): 5.8/12 MB | 0.8/1.1 MB | 0.8/1.9 MB | 0.3/1.4 MB | 229/463 kB
2026.03.08 16:00:54 INFO  Progress (5): 5.8/12 MB | 0.8/1.1 MB | 0.8/1.9 MB | 0.3/1.4 MB | 229/463 kB
2026.03.08 16:00:54 INFO  Progress (5): 5.8/12 MB | 0.8/1.1 MB | 0.8/1.9 MB | 0.3/1.4 MB | 246/463 kB
2026.03.08 16:00:54 INFO  Progress (5): 5.8/12 MB | 0.8/1.1 MB | 0.8/1.9 MB | 0.3/1.4 MB | 246/463 kB
2026.03.08 16:00:54 INFO  Progress (5): 5.8/12 MB | 0.9/1.1 MB | 0.8/1.9 MB | 0.3/1.4 MB | 246/463 kB
2026.03.08 16:00:54 INFO  Progress (5): 5.8/12 MB | 0.9/1.1 MB | 0.8/1.9 MB | 0.3/1.4 MB | 246/463 kB
2026.03.08 16:00:54 INFO  Progress (5): 5.8/12 MB | 0.9/1.1 MB | 0.8/1.9 MB | 0.3/1.4 MB | 246/463 kB
2026.03.08 16:00:54 INFO  Progress (5): 5.8/12 MB | 0.9/1.1 MB | 0.8/1.9 MB | 0.3/1.4 MB | 246/463 kB
2026.03.08 16:00:54 INFO  Progress (5): 5.8/12 MB | 0.9/1.1 MB | 0.8/1.9 MB | 0.3/1.4 MB | 246/463 kB
2026.03.08 16:00:54 INFO  Progress (5): 5.8/12 MB | 0.9/1.1 MB | 0.9/1.9 MB | 0.3/1.4 MB | 246/463 kB
2026.03.08 16:00:54 INFO  Progress (5): 5.8/12 MB | 0.9/1.1 MB | 0.9/1.9 MB | 0.3/1.4 MB | 246/463 kB
2026.03.08 16:00:54 INFO  Progress (5): 5.9/12 MB | 0.9/1.1 MB | 0.9/1.9 MB | 0.3/1.4 MB | 246/463 kB
2026.03.08 16:00:54 INFO  Progress (5): 5.9/12 MB | 0.9/1.1 MB | 0.9/1.9 MB | 0.3/1.4 MB | 246/463 kB
2026.03.08 16:00:54 INFO  Progress (5): 5.9/12 MB | 0.9/1.1 MB | 0.9/1.9 MB | 0.3/1.4 MB | 246/463 kB
2026.03.08 16:00:54 INFO  Progress (5): 5.9/12 MB | 0.9/1.1 MB | 0.9/1.9 MB | 0.3/1.4 MB | 246/463 kB
2026.03.08 16:00:54 INFO  Progress (5): 5.9/12 MB | 0.9/1.1 MB | 0.9/1.9 MB | 0.3/1.4 MB | 246/463 kB
2026.03.08 16:00:54 INFO  Progress (5): 5.9/12 MB | 1.0/1.1 MB | 0.9/1.9 MB | 0.3/1.4 MB | 246/463 kB
2026.03.08 16:00:54 INFO  Progress (5): 5.9/12 MB | 1.0/1.1 MB | 0.9/1.9 MB | 0.3/1.4 MB | 246/463 kB
2026.03.08 16:00:54 INFO  Progress (5): 5.9/12 MB | 1.0/1.1 MB | 0.9/1.9 MB | 0.3/1.4 MB | 246/463 kB
2026.03.08 16:00:54 INFO  Progress (5): 5.9/12 MB | 1.0/1.1 MB | 0.9/1.9 MB | 0.3/1.4 MB | 246/463 kB
2026.03.08 16:00:54 INFO  Progress (5): 5.9/12 MB | 1.0/1.1 MB | 0.9/1.9 MB | 0.3/1.4 MB | 246/463 kB
2026.03.08 16:00:54 INFO  Progress (5): 5.9/12 MB | 1.0/1.1 MB | 0.9/1.9 MB | 0.3/1.4 MB | 246/463 kB
2026.03.08 16:00:54 INFO  Progress (5): 5.9/12 MB | 1.0/1.1 MB | 0.9/1.9 MB | 0.3/1.4 MB | 246/463 kB
2026.03.08 16:00:54 INFO  Progress (5): 5.9/12 MB | 1.0/1.1 MB | 1.0/1.9 MB | 0.3/1.4 MB | 246/463 kB
2026.03.08 16:00:54 INFO  Progress (5): 5.9/12 MB | 1.0/1.1 MB | 1.0/1.9 MB | 0.3/1.4 MB | 262/463 kB
2026.03.08 16:00:54 INFO  Progress (5): 5.9/12 MB | 1.0/1.1 MB | 1.0/1.9 MB | 0.3/1.4 MB | 262/463 kB
2026.03.08 16:00:54 INFO  Progress (5): 5.9/12 MB | 1.0/1.1 MB | 1.0/1.9 MB | 0.3/1.4 MB | 262/463 kB
2026.03.08 16:00:54 INFO  Progress (5): 5.9/12 MB | 1.0/1.1 MB | 1.0/1.9 MB | 0.3/1.4 MB | 279/463 kB
2026.03.08 16:00:54 INFO  Progress (5): 5.9/12 MB | 1.0/1.1 MB | 1.0/1.9 MB | 0.3/1.4 MB | 279/463 kB
2026.03.08 16:00:54 INFO  Progress (5): 5.9/12 MB | 1.0/1.1 MB | 1.0/1.9 MB | 0.3/1.4 MB | 279/463 kB
2026.03.08 16:00:54 INFO  Progress (5): 5.9/12 MB | 1.0/1.1 MB | 1.0/1.9 MB | 0.3/1.4 MB | 279/463 kB
2026.03.08 16:00:54 INFO  Progress (5): 5.9/12 MB | 1.0/1.1 MB | 1.0/1.9 MB | 0.3/1.4 MB | 295/463 kB
2026.03.08 16:00:54 INFO  Progress (5): 6.0/12 MB | 1.0/1.1 MB | 1.0/1.9 MB | 0.3/1.4 MB | 295/463 kB
2026.03.08 16:00:54 INFO  Progress (5): 6.0/12 MB | 1.0/1.1 MB | 1.0/1.9 MB | 0.3/1.4 MB | 295/463 kB
2026.03.08 16:00:54 INFO  Progress (5): 6.0/12 MB | 1.0/1.1 MB | 1.0/1.9 MB | 0.3/1.4 MB | 295/463 kB
2026.03.08 16:00:54 INFO  Progress (5): 6.0/12 MB | 1.0/1.1 MB | 1.0/1.9 MB | 0.3/1.4 MB | 295/463 kB
2026.03.08 16:00:54 INFO  Progress (5): 6.0/12 MB | 1.0/1.1 MB | 1.1/1.9 MB | 0.3/1.4 MB | 295/463 kB
2026.03.08 16:00:54 INFO  Progress (5): 6.0/12 MB | 1.0/1.1 MB | 1.1/1.9 MB | 0.3/1.4 MB | 295/463 kB
2026.03.08 16:00:54 INFO  Progress (5): 6.0/12 MB | 1.0/1.1 MB | 1.1/1.9 MB | 0.3/1.4 MB | 295/463 kB
2026.03.08 16:00:54 INFO  Progress (5): 6.0/12 MB | 1.0/1.1 MB | 1.1/1.9 MB | 0.3/1.4 MB | 295/463 kB
2026.03.08 16:00:54 INFO  Progress (5): 6.0/12 MB | 1.0/1.1 MB | 1.1/1.9 MB | 0.3/1.4 MB | 295/463 kB
2026.03.08 16:00:54 INFO  Progress (5): 6.0/12 MB | 1.0/1.1 MB | 1.1/1.9 MB | 0.3/1.4 MB | 295/463 kB
2026.03.08 16:00:54 INFO  Progress (5): 6.0/12 MB | 1.0/1.1 MB | 1.1/1.9 MB | 0.3/1.4 MB | 295/463 kB
2026.03.08 16:00:54 INFO  Progress (5): 6.0/12 MB | 1.0/1.1 MB | 1.1/1.9 MB | 0.3/1.4 MB | 295/463 kB
2026.03.08 16:00:54 INFO  Progress (5): 6.0/12 MB | 1.0/1.1 MB | 1.1/1.9 MB | 0.3/1.4 MB | 295/463 kB
2026.03.08 16:00:54 INFO  Progress (5): 6.0/12 MB | 1.0/1.1 MB | 1.1/1.9 MB | 0.3/1.4 MB | 295/463 kB
2026.03.08 16:00:54 INFO  Progress (5): 6.0/12 MB | 1.0/1.1 MB | 1.2/1.9 MB | 0.3/1.4 MB | 295/463 kB
2026.03.08 16:00:54 INFO  Progress (5): 6.0/12 MB | 1.0/1.1 MB | 1.2/1.9 MB | 0.3/1.4 MB | 295/463 kB
2026.03.08 16:00:54 INFO  Progress (5): 6.0/12 MB | 1.0/1.1 MB | 1.2/1.9 MB | 0.3/1.4 MB | 295/463 kB
2026.03.08 16:00:54 INFO  Progress (5): 6.0/12 MB | 1.0/1.1 MB | 1.2/1.9 MB | 0.3/1.4 MB | 306/463 kB
2026.03.08 16:00:54 INFO  Progress (5): 6.0/12 MB | 1.0/1.1 MB | 1.2/1.9 MB | 0.3/1.4 MB | 306/463 kB
2026.03.08 16:00:54 INFO  Progress (5): 6.0/12 MB | 1.0/1.1 MB | 1.2/1.9 MB | 0.3/1.4 MB | 306/463 kB
2026.03.08 16:00:54 INFO  Progress (5): 6.0/12 MB | 1.0/1.1 MB | 1.2/1.9 MB | 0.3/1.4 MB | 323/463 kB
2026.03.08 16:00:54 INFO  Progress (5): 6.0/12 MB | 1.0/1.1 MB | 1.2/1.9 MB | 0.3/1.4 MB | 323/463 kB
2026.03.08 16:00:54 INFO  Progress (5): 6.0/12 MB | 1.0/1.1 MB | 1.2/1.9 MB | 0.3/1.4 MB | 323/463 kB
2026.03.08 16:00:54 INFO  Progress (5): 6.0/12 MB | 1.0/1.1 MB | 1.2/1.9 MB | 0.3/1.4 MB | 323/463 kB
2026.03.08 16:00:54 INFO  Progress (5): 6.0/12 MB | 1.0/1.1 MB | 1.2/1.9 MB | 0.3/1.4 MB | 323/463 kB
2026.03.08 16:00:54 INFO  Progress (5): 6.0/12 MB | 1.0/1.1 MB | 1.2/1.9 MB | 0.3/1.4 MB | 323/463 kB
2026.03.08 16:00:54 INFO  Progress (5): 6.0/12 MB | 1.0/1.1 MB | 1.2/1.9 MB | 0.3/1.4 MB | 323/463 kB
2026.03.08 16:00:54 INFO  Progress (5): 6.0/12 MB | 1.0/1.1 MB | 1.2/1.9 MB | 0.3/1.4 MB | 323/463 kB
2026.03.08 16:00:54 INFO  Progress (5): 6.0/12 MB | 1.0/1.1 MB | 1.2/1.9 MB | 0.3/1.4 MB | 339/463 kB
2026.03.08 16:00:54 INFO  Progress (5): 6.0/12 MB | 1.0/1.1 MB | 1.3/1.9 MB | 0.3/1.4 MB | 339/463 kB
2026.03.08 16:00:54 INFO  Progress (5): 6.0/12 MB | 1.0/1.1 MB | 1.3/1.9 MB | 0.3/1.4 MB | 355/463 kB
2026.03.08 16:00:54 INFO  Progress (5): 6.0/12 MB | 1.0/1.1 MB | 1.3/1.9 MB | 0.3/1.4 MB | 355/463 kB
2026.03.08 16:00:54 INFO  Progress (5): 6.0/12 MB | 1.0/1.1 MB | 1.3/1.9 MB | 0.3/1.4 MB | 372/463 kB
2026.03.08 16:00:54 INFO  Progress (5): 6.0/12 MB | 1.0/1.1 MB | 1.3/1.9 MB | 0.3/1.4 MB | 372/463 kB
2026.03.08 16:00:54 INFO  Progress (5): 6.0/12 MB | 1.0/1.1 MB | 1.3/1.9 MB | 0.3/1.4 MB | 372/463 kB
2026.03.08 16:00:54 INFO  Progress (5): 6.0/12 MB | 1.0/1.1 MB | 1.3/1.9 MB | 0.3/1.4 MB | 372/463 kB
2026.03.08 16:00:54 INFO  Progress (5): 6.0/12 MB | 1.0/1.1 MB | 1.3/1.9 MB | 0.3/1.4 MB | 372/463 kB
2026.03.08 16:00:54 INFO  Progress (5): 6.0/12 MB | 1.0/1.1 MB | 1.3/1.9 MB | 0.3/1.4 MB | 372/463 kB
2026.03.08 16:00:54 INFO  Progress (5): 6.0/12 MB | 1.0/1.1 MB | 1.3/1.9 MB | 0.3/1.4 MB | 372/463 kB
2026.03.08 16:00:54 INFO  Progress (5): 6.0/12 MB | 1.0/1.1 MB | 1.3/1.9 MB | 0.3/1.4 MB | 372/463 kB
2026.03.08 16:00:54 INFO  Progress (5): 6.0/12 MB | 1.0/1.1 MB | 1.3/1.9 MB | 0.3/1.4 MB | 388/463 kB
2026.03.08 16:00:54 INFO  Progress (5): 6.0/12 MB | 1.0/1.1 MB | 1.4/1.9 MB | 0.3/1.4 MB | 388/463 kB
2026.03.08 16:00:54 INFO  Progress (5): 6.0/12 MB | 1.0/1.1 MB | 1.4/1.9 MB | 0.4/1.4 MB | 388/463 kB
2026.03.08 16:00:54 INFO  Progress (5): 6.0/12 MB | 1.0/1.1 MB | 1.4/1.9 MB | 0.4/1.4 MB | 388/463 kB
2026.03.08 16:00:54 INFO  Progress (5): 6.0/12 MB | 1.0/1.1 MB | 1.4/1.9 MB | 0.4/1.4 MB | 388/463 kB
2026.03.08 16:00:54 INFO  Progress (5): 6.0/12 MB | 1.0/1.1 MB | 1.4/1.9 MB | 0.4/1.4 MB | 405/463 kB
2026.03.08 16:00:54 INFO  Progress (5): 6.0/12 MB | 1.0/1.1 MB | 1.4/1.9 MB | 0.4/1.4 MB | 405/463 kB
2026.03.08 16:00:54 INFO  Progress (5): 6.0/12 MB | 1.0/1.1 MB | 1.4/1.9 MB | 0.4/1.4 MB | 405/463 kB
2026.03.08 16:00:54 INFO  Progress (5): 6.0/12 MB | 1.0/1.1 MB | 1.4/1.9 MB | 0.4/1.4 MB | 405/463 kB
2026.03.08 16:00:54 INFO  Progress (5): 6.0/12 MB | 1.0/1.1 MB | 1.4/1.9 MB | 0.4/1.4 MB | 405/463 kB
2026.03.08 16:00:54 INFO  Progress (5): 6.0/12 MB | 1.0/1.1 MB | 1.4/1.9 MB | 0.4/1.4 MB | 421/463 kB
2026.03.08 16:00:54 INFO  Progress (5): 6.0/12 MB | 1.0/1.1 MB | 1.4/1.9 MB | 0.4/1.4 MB | 421/463 kB
2026.03.08 16:00:54 INFO  Progress (5): 6.0/12 MB | 1.0/1.1 MB | 1.4/1.9 MB | 0.4/1.4 MB | 421/463 kB
2026.03.08 16:00:54 INFO  Progress (5): 6.0/12 MB | 1.0/1.1 MB | 1.4/1.9 MB | 0.4/1.4 MB | 421/463 kB
2026.03.08 16:00:54 INFO  Progress (5): 6.0/12 MB | 1.0/1.1 MB | 1.4/1.9 MB | 0.4/1.4 MB | 421/463 kB
2026.03.08 16:00:54 INFO  Progress (5): 6.0/12 MB | 1.0/1.1 MB | 1.4/1.9 MB | 0.4/1.4 MB | 437/463 kB
2026.03.08 16:00:54 INFO  Progress (5): 6.0/12 MB | 1.0/1.1 MB | 1.4/1.9 MB | 0.4/1.4 MB | 437/463 kB
2026.03.08 16:00:54 INFO  Progress (5): 6.0/12 MB | 1.0/1.1 MB | 1.4/1.9 MB | 0.4/1.4 MB | 454/463 kB
2026.03.08 16:00:54 INFO  Progress (5): 6.0/12 MB | 1.0/1.1 MB | 1.4/1.9 MB | 0.5/1.4 MB | 454/463 kB
2026.03.08 16:00:54 INFO  Progress (5): 6.0/12 MB | 1.0/1.1 MB | 1.4/1.9 MB | 0.5/1.4 MB | 454/463 kB
2026.03.08 16:00:54 INFO  Progress (5): 6.0/12 MB | 1.0/1.1 MB | 1.5/1.9 MB | 0.5/1.4 MB | 454/463 kB
2026.03.08 16:00:54 INFO  Progress (5): 6.0/12 MB | 1.0/1.1 MB | 1.5/1.9 MB | 0.5/1.4 MB | 454/463 kB
2026.03.08 16:00:54 INFO  Progress (5): 6.0/12 MB | 1.0/1.1 MB | 1.5/1.9 MB | 0.5/1.4 MB | 454/463 kB
2026.03.08 16:00:54 INFO  Progress (5): 6.0/12 MB | 1.0/1.1 MB | 1.5/1.9 MB | 0.5/1.4 MB | 463 kB    
2026.03.08 16:00:54 INFO  Progress (5): 6.1/12 MB | 1.0/1.1 MB | 1.5/1.9 MB | 0.5/1.4 MB | 463 kB
2026.03.08 16:00:54 INFO  Progress (5): 6.1/12 MB | 1.0/1.1 MB | 1.5/1.9 MB | 0.5/1.4 MB | 463 kB
2026.03.08 16:00:54 INFO  Progress (5): 6.1/12 MB | 1.0/1.1 MB | 1.5/1.9 MB | 0.5/1.4 MB | 463 kB
2026.03.08 16:00:54 INFO  Progress (5): 6.1/12 MB | 1.0/1.1 MB | 1.5/1.9 MB | 0.5/1.4 MB | 463 kB
2026.03.08 16:00:54 INFO  Progress (5): 6.1/12 MB | 1.0/1.1 MB | 1.5/1.9 MB | 0.5/1.4 MB | 463 kB
2026.03.08 16:00:54 INFO  Progress (5): 6.1/12 MB | 1.0/1.1 MB | 1.5/1.9 MB | 0.5/1.4 MB | 463 kB
2026.03.08 16:00:54 INFO  Progress (5): 6.1/12 MB | 1.0/1.1 MB | 1.5/1.9 MB | 0.5/1.4 MB | 463 kB
2026.03.08 16:00:54 INFO  Progress (5): 6.1/12 MB | 1.0/1.1 MB | 1.5/1.9 MB | 0.5/1.4 MB | 463 kB
2026.03.08 16:00:54 INFO  Progress (5): 6.1/12 MB | 1.0/1.1 MB | 1.5/1.9 MB | 0.5/1.4 MB | 463 kB
2026.03.08 16:00:54 INFO  Progress (5): 6.1/12 MB | 1.0/1.1 MB | 1.5/1.9 MB | 0.5/1.4 MB | 463 kB
2026.03.08 16:00:54 INFO  Progress (5): 6.1/12 MB | 1.0/1.1 MB | 1.5/1.9 MB | 0.5/1.4 MB | 463 kB
2026.03.08 16:00:54 INFO  Progress (5): 6.1/12 MB | 1.0/1.1 MB | 1.5/1.9 MB | 0.5/1.4 MB | 463 kB
2026.03.08 16:00:54 INFO  Progress (5): 6.1/12 MB | 1.0/1.1 MB | 1.5/1.9 MB | 0.5/1.4 MB | 463 kB
2026.03.08 16:00:54 INFO  Progress (5): 6.1/12 MB | 1.0/1.1 MB | 1.5/1.9 MB | 0.5/1.4 MB | 463 kB
2026.03.08 16:00:54 INFO  Progress (5): 6.1/12 MB | 1.0/1.1 MB | 1.5/1.9 MB | 0.6/1.4 MB | 463 kB
2026.03.08 16:00:54 INFO  Progress (5): 6.1/12 MB | 1.0/1.1 MB | 1.5/1.9 MB | 0.6/1.4 MB | 463 kB
2026.03.08 16:00:54 INFO  Progress (5): 6.1/12 MB | 1.0/1.1 MB | 1.5/1.9 MB | 0.6/1.4 MB | 463 kB
2026.03.08 16:00:54 INFO  Progress (5): 6.1/12 MB | 1.0/1.1 MB | 1.5/1.9 MB | 0.6/1.4 MB | 463 kB
2026.03.08 16:00:54 INFO  Progress (5): 6.1/12 MB | 1.0/1.1 MB | 1.5/1.9 MB | 0.6/1.4 MB | 463 kB
2026.03.08 16:00:54 INFO  Progress (5): 6.1/12 MB | 1.0/1.1 MB | 1.6/1.9 MB | 0.6/1.4 MB | 463 kB
2026.03.08 16:00:54 INFO  Progress (5): 6.2/12 MB | 1.0/1.1 MB | 1.6/1.9 MB | 0.6/1.4 MB | 463 kB
2026.03.08 16:00:54 INFO  Progress (5): 6.2/12 MB | 1.0/1.1 MB | 1.6/1.9 MB | 0.6/1.4 MB | 463 kB
2026.03.08 16:00:54 INFO  Progress (5): 6.2/12 MB | 1.0/1.1 MB | 1.6/1.9 MB | 0.6/1.4 MB | 463 kB
2026.03.08 16:00:54 INFO  Progress (5): 6.2/12 MB | 1.0/1.1 MB | 1.6/1.9 MB | 0.6/1.4 MB | 463 kB
2026.03.08 16:00:54 INFO  Progress (5): 6.2/12 MB | 1.0/1.1 MB | 1.6/1.9 MB | 0.6/1.4 MB | 463 kB
2026.03.08 16:00:54 INFO  Progress (5): 6.2/12 MB | 1.0/1.1 MB | 1.6/1.9 MB | 0.6/1.4 MB | 463 kB
2026.03.08 16:00:54 INFO  Progress (5): 6.2/12 MB | 1.0/1.1 MB | 1.6/1.9 MB | 0.6/1.4 MB | 463 kB
2026.03.08 16:00:54 INFO  Progress (5): 6.2/12 MB | 1.0/1.1 MB | 1.6/1.9 MB | 0.6/1.4 MB | 463 kB
2026.03.08 16:00:54 INFO  Progress (5): 6.2/12 MB | 1.0/1.1 MB | 1.6/1.9 MB | 0.6/1.4 MB | 463 kB
2026.03.08 16:00:54 INFO  Progress (5): 6.2/12 MB | 1.0/1.1 MB | 1.6/1.9 MB | 0.6/1.4 MB | 463 kB
2026.03.08 16:00:54 INFO  Progress (5): 6.2/12 MB | 1.0/1.1 MB | 1.6/1.9 MB | 0.7/1.4 MB | 463 kB
2026.03.08 16:00:54 INFO  Progress (5): 6.2/12 MB | 1.0/1.1 MB | 1.6/1.9 MB | 0.7/1.4 MB | 463 kB
2026.03.08 16:00:54 INFO  Progress (5): 6.2/12 MB | 1.0/1.1 MB | 1.6/1.9 MB | 0.7/1.4 MB | 463 kB
2026.03.08 16:00:54 INFO  Progress (5): 6.2/12 MB | 1.0/1.1 MB | 1.6/1.9 MB | 0.7/1.4 MB | 463 kB
2026.03.08 16:00:54 INFO  Progress (5): 6.2/12 MB | 1.0/1.1 MB | 1.6/1.9 MB | 0.7/1.4 MB | 463 kB
2026.03.08 16:00:54 INFO  Progress (5): 6.2/12 MB | 1.0/1.1 MB | 1.6/1.9 MB | 0.7/1.4 MB | 463 kB
2026.03.08 16:00:54 INFO  Progress (5): 6.2/12 MB | 1.0/1.1 MB | 1.7/1.9 MB | 0.7/1.4 MB | 463 kB
2026.03.08 16:00:54 INFO  Progress (5): 6.2/12 MB | 1.0/1.1 MB | 1.7/1.9 MB | 0.7/1.4 MB | 463 kB
2026.03.08 16:00:54 INFO                                                                         
2026.03.08 16:00:54 INFO  Downloaded from central: https://repo.maven.apache.org/maven2/org/scala-sbt/util-logging_2.13/1.8.0/util-logging_2.13-1.8.0.jar (463 kB at 1.2 MB/s)
2026.03.08 16:00:54 INFO  Downloading from central: https://repo.maven.apache.org/maven2/org/scala-sbt/collections_2.13/1.8.0/collections_2.13-1.8.0.jar
2026.03.08 16:00:54 INFO  Progress (4): 6.2/12 MB | 1.0/1.1 MB | 1.7/1.9 MB | 0.7/1.4 MB
2026.03.08 16:00:54 INFO  Progress (4): 6.2/12 MB | 1.0/1.1 MB | 1.7/1.9 MB | 0.7/1.4 MB
2026.03.08 16:00:54 INFO  Progress (4): 6.2/12 MB | 1.0/1.1 MB | 1.7/1.9 MB | 0.7/1.4 MB
2026.03.08 16:00:54 INFO  Progress (4): 6.2/12 MB | 1.0/1.1 MB | 1.7/1.9 MB | 0.7/1.4 MB
2026.03.08 16:00:54 INFO  Progress (4): 6.3/12 MB | 1.0/1.1 MB | 1.7/1.9 MB | 0.7/1.4 MB
2026.03.08 16:00:54 INFO  Progress (4): 6.3/12 MB | 1.0/1.1 MB | 1.7/1.9 MB | 0.7/1.4 MB
2026.03.08 16:00:54 INFO  Progress (4): 6.3/12 MB | 1.0/1.1 MB | 1.7/1.9 MB | 0.7/1.4 MB
2026.03.08 16:00:54 INFO  Progress (4): 6.3/12 MB | 1.0/1.1 MB | 1.7/1.9 MB | 0.7/1.4 MB
2026.03.08 16:00:54 INFO  Progress (4): 6.3/12 MB | 1.0/1.1 MB | 1.7/1.9 MB | 0.7/1.4 MB
2026.03.08 16:00:54 INFO  Progress (4): 6.3/12 MB | 1.0/1.1 MB | 1.7/1.9 MB | 0.7/1.4 MB
2026.03.08 16:00:54 INFO  Progress (4): 6.3/12 MB | 1.0/1.1 MB | 1.8/1.9 MB | 0.7/1.4 MB
2026.03.08 16:00:54 INFO  Progress (4): 6.3/12 MB | 1.0/1.1 MB | 1.8/1.9 MB | 0.7/1.4 MB
2026.03.08 16:00:54 INFO  Progress (4): 6.3/12 MB | 1.0/1.1 MB | 1.8/1.9 MB | 0.8/1.4 MB
2026.03.08 16:00:54 INFO  Progress (4): 6.3/12 MB | 1.0/1.1 MB | 1.8/1.9 MB | 0.8/1.4 MB
2026.03.08 16:00:54 INFO  Progress (4): 6.3/12 MB | 1.0/1.1 MB | 1.8/1.9 MB | 0.8/1.4 MB
2026.03.08 16:00:54 INFO  Progress (4): 6.3/12 MB | 1.0/1.1 MB | 1.8/1.9 MB | 0.8/1.4 MB
2026.03.08 16:00:54 INFO  Progress (4): 6.3/12 MB | 1.0/1.1 MB | 1.8/1.9 MB | 0.8/1.4 MB
2026.03.08 16:00:54 INFO  Progress (4): 6.3/12 MB | 1.0/1.1 MB | 1.8/1.9 MB | 0.8/1.4 MB
2026.03.08 16:00:54 INFO  Progress (4): 6.3/12 MB | 1.0/1.1 MB | 1.8/1.9 MB | 0.8/1.4 MB
2026.03.08 16:00:54 INFO  Progress (4): 6.3/12 MB | 1.0/1.1 MB | 1.8/1.9 MB | 0.8/1.4 MB
2026.03.08 16:00:54 INFO  Progress (4): 6.3/12 MB | 1.0/1.1 MB | 1.8/1.9 MB | 0.8/1.4 MB
2026.03.08 16:00:54 INFO  Progress (4): 6.3/12 MB | 1.0/1.1 MB | 1.8/1.9 MB | 0.8/1.4 MB
2026.03.08 16:00:54 INFO  Progress (4): 6.3/12 MB | 1.0/1.1 MB | 1.9/1.9 MB | 0.8/1.4 MB
2026.03.08 16:00:54 INFO  Progress (4): 6.3/12 MB | 1.0/1.1 MB | 1.9/1.9 MB | 0.8/1.4 MB
2026.03.08 16:00:54 INFO  Progress (4): 6.3/12 MB | 1.0/1.1 MB | 1.9 MB | 0.8/1.4 MB    
2026.03.08 16:00:54 INFO  Progress (4): 6.3/12 MB | 1.0/1.1 MB | 1.9 MB | 0.8/1.4 MB
2026.03.08 16:00:54 INFO  Progress (4): 6.4/12 MB | 1.0/1.1 MB | 1.9 MB | 0.8/1.4 MB
2026.03.08 16:00:54 INFO  Progress (4): 6.4/12 MB | 1.0/1.1 MB | 1.9 MB | 0.8/1.4 MB
2026.03.08 16:00:54 INFO  Progress (4): 6.4/12 MB | 1.0/1.1 MB | 1.9 MB | 0.8/1.4 MB
2026.03.08 16:00:54 INFO  Progress (4): 6.4/12 MB | 1.0/1.1 MB | 1.9 MB | 0.8/1.4 MB
2026.03.08 16:00:54 INFO  Progress (4): 6.4/12 MB | 1.0/1.1 MB | 1.9 MB | 0.8/1.4 MB
2026.03.08 16:00:54 INFO  Progress (4): 6.4/12 MB | 1.0/1.1 MB | 1.9 MB | 0.8/1.4 MB
2026.03.08 16:00:54 INFO  Progress (4): 6.4/12 MB | 1.0/1.1 MB | 1.9 MB | 0.8/1.4 MB
2026.03.08 16:00:54 INFO  Progress (4): 6.4/12 MB | 1.0/1.1 MB | 1.9 MB | 0.8/1.4 MB
2026.03.08 16:00:54 INFO  Progress (4): 6.4/12 MB | 1.0/1.1 MB | 1.9 MB | 0.9/1.4 MB
2026.03.08 16:00:54 INFO  Progress (4): 6.5/12 MB | 1.0/1.1 MB | 1.9 MB | 0.9/1.4 MB
2026.03.08 16:00:54 INFO  Progress (4): 6.5/12 MB | 1.0/1.1 MB | 1.9 MB | 0.9/1.4 MB
2026.03.08 16:00:54 INFO  Progress (4): 6.5/12 MB | 1.0/1.1 MB | 1.9 MB | 0.9/1.4 MB
2026.03.08 16:00:54 INFO                                                            
2026.03.08 16:00:54 INFO  Downloaded from central: https://repo.maven.apache.org/maven2/net/java/dev/jna/jna/5.12.0/jna-5.12.0.jar (1.9 MB at 4.7 MB/s)
2026.03.08 16:00:54 INFO  Downloading from central: https://repo.maven.apache.org/maven2/org/scala-sbt/util-position_2.13/1.8.0/util-position_2.13-1.8.0.jar
2026.03.08 16:00:54 INFO  Progress (3): 6.5/12 MB | 1.0/1.1 MB | 0.9/1.4 MB
2026.03.08 16:00:54 INFO  Progress (3): 6.5/12 MB | 1.0/1.1 MB | 0.9/1.4 MB
2026.03.08 16:00:54 INFO  Progress (3): 6.5/12 MB | 1.0/1.1 MB | 0.9/1.4 MB
2026.03.08 16:00:54 INFO  Progress (3): 6.5/12 MB | 1.0/1.1 MB | 0.9/1.4 MB
2026.03.08 16:00:54 INFO  Progress (3): 6.5/12 MB | 1.0/1.1 MB | 0.9/1.4 MB
2026.03.08 16:00:54 INFO  Progress (3): 6.5/12 MB | 1.0/1.1 MB | 0.9/1.4 MB
2026.03.08 16:00:54 INFO  Progress (3): 6.6/12 MB | 1.0/1.1 MB | 0.9/1.4 MB
2026.03.08 16:00:54 INFO  Progress (3): 6.6/12 MB | 1.0/1.1 MB | 0.9/1.4 MB
2026.03.08 16:00:54 INFO  Progress (3): 6.6/12 MB | 1.0/1.1 MB | 0.9/1.4 MB
2026.03.08 16:00:54 INFO  Progress (3): 6.6/12 MB | 1.0/1.1 MB | 0.9/1.4 MB
2026.03.08 16:00:54 INFO  Progress (3): 6.6/12 MB | 1.0/1.1 MB | 0.9/1.4 MB
2026.03.08 16:00:54 INFO  Progress (3): 6.6/12 MB | 1.0/1.1 MB | 0.9/1.4 MB
2026.03.08 16:00:54 INFO  Progress (3): 6.6/12 MB | 1.0/1.1 MB | 0.9/1.4 MB
2026.03.08 16:00:54 INFO  Progress (3): 6.6/12 MB | 1.0/1.1 MB | 1.0/1.4 MB
2026.03.08 16:00:54 INFO  Progress (3): 6.6/12 MB | 1.0/1.1 MB | 1.0/1.4 MB
2026.03.08 16:00:54 INFO  Progress (3): 6.6/12 MB | 1.0/1.1 MB | 1.0/1.4 MB
2026.03.08 16:00:54 INFO  Progress (3): 6.6/12 MB | 1.0/1.1 MB | 1.0/1.4 MB
2026.03.08 16:00:54 INFO  Progress (3): 6.6/12 MB | 1.0/1.1 MB | 1.0/1.4 MB
2026.03.08 16:00:54 INFO  Progress (3): 6.6/12 MB | 1.0/1.1 MB | 1.0/1.4 MB
2026.03.08 16:00:54 INFO  Progress (3): 6.6/12 MB | 1.0/1.1 MB | 1.0/1.4 MB
2026.03.08 16:00:54 INFO  Progress (3): 6.6/12 MB | 1.0/1.1 MB | 1.0/1.4 MB
2026.03.08 16:00:54 INFO  Progress (3): 6.6/12 MB | 1.0/1.1 MB | 1.1/1.4 MB
2026.03.08 16:00:54 INFO  Progress (3): 6.6/12 MB | 1.0/1.1 MB | 1.1/1.4 MB
2026.03.08 16:00:54 INFO  Progress (3): 6.6/12 MB | 1.0/1.1 MB | 1.1/1.4 MB
2026.03.08 16:00:54 INFO  Progress (3): 6.6/12 MB | 1.0/1.1 MB | 1.1/1.4 MB
2026.03.08 16:00:54 INFO  Progress (3): 6.7/12 MB | 1.0/1.1 MB | 1.1/1.4 MB
2026.03.08 16:00:54 INFO  Progress (3): 6.7/12 MB | 1.0/1.1 MB | 1.1/1.4 MB
2026.03.08 16:00:54 INFO  Progress (3): 6.7/12 MB | 1.0/1.1 MB | 1.1/1.4 MB
2026.03.08 16:00:54 INFO  Progress (3): 6.7/12 MB | 1.0/1.1 MB | 1.1/1.4 MB
2026.03.08 16:00:54 INFO  Progress (3): 6.7/12 MB | 1.0/1.1 MB | 1.1/1.4 MB
2026.03.08 16:00:54 INFO  Progress (3): 6.7/12 MB | 1.0/1.1 MB | 1.1/1.4 MB
2026.03.08 16:00:54 INFO  Progress (3): 6.7/12 MB | 1.0/1.1 MB | 1.1/1.4 MB
2026.03.08 16:00:54 INFO  Progress (3): 6.7/12 MB | 1.0/1.1 MB | 1.1/1.4 MB
2026.03.08 16:00:54 INFO  Progress (3): 6.7/12 MB | 1.0/1.1 MB | 1.1/1.4 MB
2026.03.08 16:00:54 INFO  Progress (3): 6.8/12 MB | 1.0/1.1 MB | 1.1/1.4 MB
2026.03.08 16:00:54 INFO  Progress (3): 6.8/12 MB | 1.0/1.1 MB | 1.2/1.4 MB
2026.03.08 16:00:54 INFO  Progress (3): 6.8/12 MB | 1.0/1.1 MB | 1.2/1.4 MB
2026.03.08 16:00:54 INFO  Progress (3): 6.8/12 MB | 1.0/1.1 MB | 1.2/1.4 MB
2026.03.08 16:00:54 INFO  Progress (3): 6.8/12 MB | 1.0/1.1 MB | 1.2/1.4 MB
2026.03.08 16:00:54 INFO  Progress (3): 6.8/12 MB | 1.0/1.1 MB | 1.2/1.4 MB
2026.03.08 16:00:54 INFO  Progress (3): 6.8/12 MB | 1.0/1.1 MB | 1.2/1.4 MB
2026.03.08 16:00:54 INFO  Progress (3): 6.8/12 MB | 1.1/1.1 MB | 1.2/1.4 MB
2026.03.08 16:00:54 INFO  Progress (3): 6.8/12 MB | 1.1/1.1 MB | 1.2/1.4 MB
2026.03.08 16:00:54 INFO  Progress (3): 6.8/12 MB | 1.1/1.1 MB | 1.2/1.4 MB
2026.03.08 16:00:54 INFO  Progress (3): 6.8/12 MB | 1.1/1.1 MB | 1.2/1.4 MB
2026.03.08 16:00:54 INFO  Progress (3): 6.8/12 MB | 1.1/1.1 MB | 1.2/1.4 MB
2026.03.08 16:00:54 INFO  Progress (3): 6.8/12 MB | 1.1/1.1 MB | 1.2/1.4 MB
2026.03.08 16:00:54 INFO  Progress (3): 6.8/12 MB | 1.1/1.1 MB | 1.2/1.4 MB
2026.03.08 16:00:54 INFO  Progress (3): 6.9/12 MB | 1.1/1.1 MB | 1.2/1.4 MB
2026.03.08 16:00:54 INFO  Progress (3): 6.9/12 MB | 1.1/1.1 MB | 1.3/1.4 MB
2026.03.08 16:00:54 INFO  Progress (3): 6.9/12 MB | 1.1/1.1 MB | 1.3/1.4 MB
2026.03.08 16:00:54 INFO  Progress (3): 6.9/12 MB | 1.1/1.1 MB | 1.3/1.4 MB
2026.03.08 16:00:54 INFO  Progress (3): 6.9/12 MB | 1.1/1.1 MB | 1.3/1.4 MB
2026.03.08 16:00:54 INFO  Progress (3): 6.9/12 MB | 1.1/1.1 MB | 1.3/1.4 MB
2026.03.08 16:00:54 INFO  Progress (3): 6.9/12 MB | 1.1/1.1 MB | 1.3/1.4 MB
2026.03.08 16:00:54 INFO  Progress (3): 6.9/12 MB | 1.1/1.1 MB | 1.3/1.4 MB
2026.03.08 16:00:54 INFO  Progress (3): 6.9/12 MB | 1.1/1.1 MB | 1.3/1.4 MB
2026.03.08 16:00:54 INFO  Progress (3): 6.9/12 MB | 1.1/1.1 MB | 1.3/1.4 MB
2026.03.08 16:00:54 INFO  Progress (3): 7.0/12 MB | 1.1/1.1 MB | 1.3/1.4 MB
2026.03.08 16:00:54 INFO  Progress (3): 7.0/12 MB | 1.1/1.1 MB | 1.3/1.4 MB
2026.03.08 16:00:54 INFO  Progress (3): 7.0/12 MB | 1.1/1.1 MB | 1.3/1.4 MB
2026.03.08 16:00:54 INFO  Progress (3): 7.0/12 MB | 1.1/1.1 MB | 1.4/1.4 MB
2026.03.08 16:00:54 INFO  Progress (3): 7.0/12 MB | 1.1/1.1 MB | 1.4/1.4 MB
2026.03.08 16:00:54 INFO  Progress (3): 7.0/12 MB | 1.1/1.1 MB | 1.4 MB    
2026.03.08 16:00:54 INFO  Progress (3): 7.0/12 MB | 1.1/1.1 MB | 1.4 MB
2026.03.08 16:00:54 INFO  Progress (3): 7.0/12 MB | 1.1/1.1 MB | 1.4 MB
2026.03.08 16:00:54 INFO  Progress (3): 7.0/12 MB | 1.1/1.1 MB | 1.4 MB
2026.03.08 16:00:54 INFO  Progress (3): 7.0/12 MB | 1.1/1.1 MB | 1.4 MB
2026.03.08 16:00:54 INFO  Progress (3): 7.0/12 MB | 1.1/1.1 MB | 1.4 MB
2026.03.08 16:00:54 INFO  Progress (3): 7.0/12 MB | 1.1/1.1 MB | 1.4 MB
2026.03.08 16:00:54 INFO  Progress (3): 7.1/12 MB | 1.1/1.1 MB | 1.4 MB
2026.03.08 16:00:54 INFO  Progress (3): 7.1/12 MB | 1.1/1.1 MB | 1.4 MB
2026.03.08 16:00:54 INFO  Progress (3): 7.1/12 MB | 1.1/1.1 MB | 1.4 MB
2026.03.08 16:00:54 INFO  Progress (3): 7.1/12 MB | 1.1/1.1 MB | 1.4 MB
2026.03.08 16:00:54 INFO                                               
2026.03.08 16:00:54 INFO  Downloaded from central: https://repo.maven.apache.org/maven2/net/java/dev/jna/jna-platform/5.12.0/jna-platform-5.12.0.jar (1.4 MB at 3.4 MB/s)
2026.03.08 16:00:54 INFO  Progress (2): 7.1/12 MB | 1.1/1.1 MB
2026.03.08 16:00:54 INFO                                      
2026.03.08 16:00:54 INFO  Downloading from central: https://repo.maven.apache.org/maven2/org/scala-sbt/core-macros_2.13/1.8.0/core-macros_2.13-1.8.0.jar
2026.03.08 16:00:54 INFO  Progress (2): 7.1/12 MB | 1.1/1.1 MB
2026.03.08 16:00:54 INFO  Progress (2): 7.2/12 MB | 1.1/1.1 MB
2026.03.08 16:00:54 INFO  Progress (2): 7.2/12 MB | 1.1/1.1 MB
2026.03.08 16:00:54 INFO  Progress (2): 7.2/12 MB | 1.1/1.1 MB
2026.03.08 16:00:54 INFO  Progress (2): 7.2/12 MB | 1.1/1.1 MB
2026.03.08 16:00:54 INFO  Progress (2): 7.2/12 MB | 1.1/1.1 MB
2026.03.08 16:00:54 INFO  Progress (2): 7.2/12 MB | 1.1/1.1 MB
2026.03.08 16:00:54 INFO  Progress (2): 7.2/12 MB | 1.1/1.1 MB
2026.03.08 16:00:54 INFO  Progress (2): 7.3/12 MB | 1.1/1.1 MB
2026.03.08 16:00:54 INFO  Progress (2): 7.3/12 MB | 1.1/1.1 MB
2026.03.08 16:00:54 INFO  Progress (2): 7.3/12 MB | 1.1/1.1 MB
2026.03.08 16:00:54 INFO  Progress (2): 7.3/12 MB | 1.1/1.1 MB
2026.03.08 16:00:54 INFO  Progress (2): 7.3/12 MB | 1.1/1.1 MB
2026.03.08 16:00:54 INFO  Progress (2): 7.3/12 MB | 1.1/1.1 MB
2026.03.08 16:00:54 INFO  Progress (2): 7.4/12 MB | 1.1/1.1 MB
2026.03.08 16:00:54 INFO  Progress (2): 7.4/12 MB | 1.1/1.1 MB
2026.03.08 16:00:54 INFO  Progress (2): 7.4/12 MB | 1.1/1.1 MB
2026.03.08 16:00:54 INFO  Progress (2): 7.4/12 MB | 1.1/1.1 MB
2026.03.08 16:00:54 INFO  Progress (2): 7.4/12 MB | 1.1 MB    
2026.03.08 16:00:54 INFO  Progress (2): 7.4/12 MB | 1.1 MB
2026.03.08 16:00:54 INFO  Progress (2): 7.4/12 MB | 1.1 MB
2026.03.08 16:00:54 INFO  Progress (2): 7.4/12 MB | 1.1 MB
2026.03.08 16:00:54 INFO  Progress (2): 7.5/12 MB | 1.1 MB
2026.03.08 16:00:54 INFO  Progress (2): 7.5/12 MB | 1.1 MB
2026.03.08 16:00:54 INFO  Progress (2): 7.5/12 MB | 1.1 MB
2026.03.08 16:00:54 INFO  Progress (2): 7.5/12 MB | 1.1 MB
2026.03.08 16:00:54 INFO  Progress (2): 7.5/12 MB | 1.1 MB
2026.03.08 16:00:54 INFO  Progress (2): 7.5/12 MB | 1.1 MB
2026.03.08 16:00:54 INFO  Progress (2): 7.6/12 MB | 1.1 MB
2026.03.08 16:00:54 INFO  Progress (2): 7.6/12 MB | 1.1 MB
2026.03.08 16:00:54 INFO  Progress (2): 7.6/12 MB | 1.1 MB
2026.03.08 16:00:54 INFO                                  
2026.03.08 16:00:54 INFO  Downloaded from central: https://repo.maven.apache.org/maven2/org/scala-lang/modules/scala-parallel-collections_2.13/0.2.0/scala-parallel-collections_2.13-0.2.0.jar (1.1 MB at 2.8 MB/s)
2026.03.08 16:00:54 INFO  Downloading from central: https://repo.maven.apache.org/maven2/org/jline/jline-terminal/3.19.0/jline-terminal-3.19.0.jar
2026.03.08 16:00:54 INFO  Progress (1): 7.6/12 MB
2026.03.08 16:00:54 INFO  Progress (1): 7.6/12 MB
2026.03.08 16:00:54 INFO  Progress (1): 7.6/12 MB
2026.03.08 16:00:54 INFO  Progress (1): 7.6/12 MB
2026.03.08 16:00:54 INFO  Progress (1): 7.7/12 MB
2026.03.08 16:00:54 INFO  Progress (1): 7.7/12 MB
2026.03.08 16:00:54 INFO  Progress (1): 7.7/12 MB
2026.03.08 16:00:54 INFO  Progress (1): 7.7/12 MB
2026.03.08 16:00:54 INFO  Progress (1): 7.7/12 MB
2026.03.08 16:00:54 INFO  Progress (1): 7.7/12 MB
2026.03.08 16:00:54 INFO  Progress (1): 7.8/12 MB
2026.03.08 16:00:54 INFO  Progress (1): 7.8/12 MB
2026.03.08 16:00:54 INFO  Progress (1): 7.8/12 MB
2026.03.08 16:00:54 INFO  Progress (1): 7.8/12 MB
2026.03.08 16:00:54 INFO  Progress (1): 7.8/12 MB
2026.03.08 16:00:54 INFO  Progress (1): 7.8/12 MB
2026.03.08 16:00:54 INFO  Progress (1): 7.9/12 MB
2026.03.08 16:00:54 INFO  Progress (1): 7.9/12 MB
2026.03.08 16:00:54 INFO  Progress (1): 7.9/12 MB
2026.03.08 16:00:54 INFO  Progress (1): 7.9/12 MB
2026.03.08 16:00:54 INFO  Progress (1): 7.9/12 MB
2026.03.08 16:00:54 INFO  Progress (1): 7.9/12 MB
2026.03.08 16:00:54 INFO  Progress (1): 8.0/12 MB
2026.03.08 16:00:54 INFO  Progress (1): 8.0/12 MB
2026.03.08 16:00:54 INFO  Progress (1): 8.0/12 MB
2026.03.08 16:00:54 INFO  Progress (1): 8.0/12 MB
2026.03.08 16:00:54 INFO  Progress (1): 8.0/12 MB
2026.03.08 16:00:54 INFO  Progress (1): 8.0/12 MB
2026.03.08 16:00:54 INFO  Progress (1): 8.1/12 MB
2026.03.08 16:00:54 INFO  Progress (1): 8.1/12 MB
2026.03.08 16:00:54 INFO  Progress (1): 8.1/12 MB
2026.03.08 16:00:54 INFO  Progress (1): 8.1/12 MB
2026.03.08 16:00:54 INFO  Progress (1): 8.1/12 MB
2026.03.08 16:00:54 INFO  Progress (1): 8.1/12 MB
2026.03.08 16:00:54 INFO  Progress (1): 8.1/12 MB
2026.03.08 16:00:54 INFO  Progress (1): 8.2/12 MB
2026.03.08 16:00:54 INFO  Progress (1): 8.2/12 MB
2026.03.08 16:00:54 INFO  Progress (1): 8.2/12 MB
2026.03.08 16:00:54 INFO  Progress (1): 8.2/12 MB
2026.03.08 16:00:54 INFO  Progress (1): 8.2/12 MB
2026.03.08 16:00:54 INFO  Progress (1): 8.2/12 MB
2026.03.08 16:00:54 INFO  Progress (1): 8.3/12 MB
2026.03.08 16:00:54 INFO  Progress (1): 8.3/12 MB
2026.03.08 16:00:54 INFO  Progress (1): 8.3/12 MB
2026.03.08 16:00:54 INFO  Progress (1): 8.3/12 MB
2026.03.08 16:00:54 INFO  Progress (1): 8.3/12 MB
2026.03.08 16:00:54 INFO  Progress (1): 8.3/12 MB
2026.03.08 16:00:54 INFO  Progress (1): 8.4/12 MB
2026.03.08 16:00:54 INFO  Progress (1): 8.4/12 MB
2026.03.08 16:00:54 INFO  Progress (1): 8.4/12 MB
2026.03.08 16:00:54 INFO  Progress (1): 8.4/12 MB
2026.03.08 16:00:54 INFO  Progress (1): 8.4/12 MB
2026.03.08 16:00:54 INFO  Progress (1): 8.4/12 MB
2026.03.08 16:00:54 INFO  Progress (1): 8.5/12 MB
2026.03.08 16:00:54 INFO  Progress (1): 8.5/12 MB
2026.03.08 16:00:54 INFO  Progress (1): 8.5/12 MB
2026.03.08 16:00:54 INFO  Progress (1): 8.5/12 MB
2026.03.08 16:00:54 INFO  Progress (1): 8.5/12 MB
2026.03.08 16:00:54 INFO  Progress (1): 8.5/12 MB
2026.03.08 16:00:54 INFO  Progress (1): 8.6/12 MB
2026.03.08 16:00:54 INFO  Progress (1): 8.6/12 MB
2026.03.08 16:00:54 INFO  Progress (1): 8.6/12 MB
2026.03.08 16:00:54 INFO  Progress (1): 8.6/12 MB
2026.03.08 16:00:54 INFO  Progress (1): 8.6/12 MB
2026.03.08 16:00:54 INFO  Progress (1): 8.6/12 MB
2026.03.08 16:00:54 INFO  Progress (1): 8.6/12 MB
2026.03.08 16:00:54 INFO  Progress (1): 8.7/12 MB
2026.03.08 16:00:54 INFO  Progress (1): 8.7/12 MB
2026.03.08 16:00:54 INFO  Progress (1): 8.7/12 MB
2026.03.08 16:00:54 INFO  Progress (1): 8.7/12 MB
2026.03.08 16:00:54 INFO  Progress (1): 8.7/12 MB
2026.03.08 16:00:54 INFO  Progress (1): 8.7/12 MB
2026.03.08 16:00:54 INFO  Progress (1): 8.8/12 MB
2026.03.08 16:00:54 INFO  Progress (1): 8.8/12 MB
2026.03.08 16:00:54 INFO  Progress (1): 8.8/12 MB
2026.03.08 16:00:54 INFO  Progress (1): 8.8/12 MB
2026.03.08 16:00:54 INFO  Progress (1): 8.8/12 MB
2026.03.08 16:00:54 INFO  Progress (1): 8.8/12 MB
2026.03.08 16:00:54 INFO  Progress (1): 8.9/12 MB
2026.03.08 16:00:54 INFO  Progress (1): 8.9/12 MB
2026.03.08 16:00:54 INFO  Progress (1): 8.9/12 MB
2026.03.08 16:00:54 INFO  Progress (1): 8.9/12 MB
2026.03.08 16:00:54 INFO  Progress (1): 8.9/12 MB
2026.03.08 16:00:54 INFO  Progress (1): 8.9/12 MB
2026.03.08 16:00:54 INFO  Progress (1): 9.0/12 MB
2026.03.08 16:00:54 INFO  Progress (1): 9.0/12 MB
2026.03.08 16:00:54 INFO  Progress (1): 9.0/12 MB
2026.03.08 16:00:54 INFO  Progress (1): 9.0/12 MB
2026.03.08 16:00:54 INFO  Progress (1): 9.0/12 MB
2026.03.08 16:00:54 INFO  Progress (1): 9.0/12 MB
2026.03.08 16:00:54 INFO  Progress (1): 9.1/12 MB
2026.03.08 16:00:54 INFO  Progress (1): 9.1/12 MB
2026.03.08 16:00:54 INFO  Progress (1): 9.1/12 MB
2026.03.08 16:00:54 INFO  Progress (1): 9.1/12 MB
2026.03.08 16:00:54 INFO  Progress (1): 9.1/12 MB
2026.03.08 16:00:54 INFO  Progress (1): 9.1/12 MB
2026.03.08 16:00:54 INFO  Progress (1): 9.1/12 MB
2026.03.08 16:00:54 INFO  Progress (1): 9.2/12 MB
2026.03.08 16:00:54 INFO  Progress (1): 9.2/12 MB
2026.03.08 16:00:54 INFO  Progress (1): 9.2/12 MB
2026.03.08 16:00:54 INFO  Progress (1): 9.2/12 MB
2026.03.08 16:00:54 INFO  Progress (1): 9.2/12 MB
2026.03.08 16:00:54 INFO  Progress (1): 9.2/12 MB
2026.03.08 16:00:54 INFO  Progress (1): 9.3/12 MB
2026.03.08 16:00:54 INFO  Progress (1): 9.3/12 MB
2026.03.08 16:00:54 INFO  Progress (1): 9.3/12 MB
2026.03.08 16:00:54 INFO  Progress (1): 9.3/12 MB
2026.03.08 16:00:54 INFO  Progress (1): 9.3/12 MB
2026.03.08 16:00:54 INFO  Progress (1): 9.3/12 MB
2026.03.08 16:00:54 INFO  Progress (1): 9.4/12 MB
2026.03.08 16:00:54 INFO  Progress (1): 9.4/12 MB
2026.03.08 16:00:54 INFO  Progress (1): 9.4/12 MB
2026.03.08 16:00:54 INFO  Progress (1): 9.4/12 MB
2026.03.08 16:00:54 INFO  Progress (1): 9.4/12 MB
2026.03.08 16:00:54 INFO  Progress (1): 9.4/12 MB
2026.03.08 16:00:54 INFO  Progress (1): 9.5/12 MB
2026.03.08 16:00:54 INFO  Progress (1): 9.5/12 MB
2026.03.08 16:00:54 INFO  Progress (1): 9.5/12 MB
2026.03.08 16:00:54 INFO  Progress (1): 9.5/12 MB
2026.03.08 16:00:54 INFO  Progress (1): 9.5/12 MB
2026.03.08 16:00:54 INFO  Progress (1): 9.5/12 MB
2026.03.08 16:00:54 INFO  Progress (2): 9.5/12 MB | 7.7/28 kB
2026.03.08 16:00:54 INFO  Progress (2): 9.5/12 MB | 16/28 kB 
2026.03.08 16:00:54 INFO  Progress (2): 9.6/12 MB | 16/28 kB
2026.03.08 16:00:54 INFO  Progress (2): 9.6/12 MB | 28/28 kB
2026.03.08 16:00:54 INFO  Progress (2): 9.6/12 MB | 28/28 kB
2026.03.08 16:00:54 INFO  Progress (2): 9.6/12 MB | 28 kB   
2026.03.08 16:00:54 INFO  Progress (2): 9.6/12 MB | 28 kB
2026.03.08 16:00:54 INFO  Progress (2): 9.6/12 MB | 28 kB
2026.03.08 16:00:54 INFO  Progress (2): 9.6/12 MB | 28 kB
2026.03.08 16:00:54 INFO  Progress (2): 9.6/12 MB | 28 kB
2026.03.08 16:00:54 INFO  Progress (2): 9.7/12 MB | 28 kB
2026.03.08 16:00:54 INFO                                 
2026.03.08 16:00:54 INFO  Downloaded from central: https://repo.maven.apache.org/maven2/org/scala-sbt/util-position_2.13/1.8.0/util-position_2.13-1.8.0.jar (28 kB at 66 kB/s)
2026.03.08 16:00:54 INFO  Downloading from central: https://repo.maven.apache.org/maven2/org/scala-sbt/util-relation_2.13/1.8.0/util-relation_2.13-1.8.0.jar
2026.03.08 16:00:54 INFO  Progress (1): 9.7/12 MB
2026.03.08 16:00:54 INFO  Progress (1): 9.7/12 MB
2026.03.08 16:00:54 INFO  Progress (1): 9.7/12 MB
2026.03.08 16:00:54 INFO  Progress (2): 9.7/12 MB | 8.2/87 kB
2026.03.08 16:00:54 INFO  Progress (2): 9.7/12 MB | 8.2/87 kB
2026.03.08 16:00:54 INFO  Progress (2): 9.7/12 MB | 8.2/87 kB
2026.03.08 16:00:54 INFO  Progress (2): 9.7/12 MB | 25/87 kB 
2026.03.08 16:00:54 INFO  Progress (2): 9.8/12 MB | 25/87 kB
2026.03.08 16:00:54 INFO  Progress (2): 9.8/12 MB | 25/87 kB
2026.03.08 16:00:54 INFO  Progress (2): 9.8/12 MB | 25/87 kB
2026.03.08 16:00:54 INFO  Progress (2): 9.8/12 MB | 25/87 kB
2026.03.08 16:00:54 INFO  Progress (2): 9.8/12 MB | 25/87 kB
2026.03.08 16:00:54 INFO  Progress (2): 9.8/12 MB | 25/87 kB
2026.03.08 16:00:54 INFO  Progress (2): 9.9/12 MB | 25/87 kB
2026.03.08 16:00:54 INFO  Progress (2): 9.9/12 MB | 25/87 kB
2026.03.08 16:00:54 INFO  Progress (2): 9.9/12 MB | 25/87 kB
2026.03.08 16:00:54 INFO  Progress (2): 9.9/12 MB | 25/87 kB
2026.03.08 16:00:54 INFO  Progress (2): 9.9/12 MB | 25/87 kB
2026.03.08 16:00:54 INFO  Progress (2): 9.9/12 MB | 25/87 kB
2026.03.08 16:00:54 INFO  Progress (2): 10.0/12 MB | 25/87 kB
2026.03.08 16:00:54 INFO  Progress (2): 10.0/12 MB | 25/87 kB
2026.03.08 16:00:54 INFO  Progress (2): 10.0/12 MB | 25/87 kB
2026.03.08 16:00:54 INFO  Progress (2): 10/12 MB | 25/87 kB  
2026.03.08 16:00:54 INFO  Progress (2): 10/12 MB | 25/87 kB
2026.03.08 16:00:54 INFO  Progress (2): 10/12 MB | 25/87 kB
2026.03.08 16:00:54 INFO  Progress (2): 10/12 MB | 25/87 kB
2026.03.08 16:00:54 INFO  Progress (2): 10/12 MB | 25/87 kB
2026.03.08 16:00:54 INFO  Progress (2): 10/12 MB | 25/87 kB
2026.03.08 16:00:54 INFO  Progress (2): 10/12 MB | 33/87 kB
2026.03.08 16:00:54 INFO  Progress (2): 10/12 MB | 33/87 kB
2026.03.08 16:00:54 INFO  Progress (2): 10/12 MB | 33/87 kB
2026.03.08 16:00:54 INFO  Progress (2): 10/12 MB | 41/87 kB
2026.03.08 16:00:54 INFO  Progress (2): 10/12 MB | 41/87 kB
2026.03.08 16:00:54 INFO  Progress (3): 10/12 MB | 41/87 kB | 7.7/365 kB
2026.03.08 16:00:54 INFO  Progress (3): 10/12 MB | 41/87 kB | 12/365 kB 
2026.03.08 16:00:54 INFO  Progress (3): 10/12 MB | 57/87 kB | 12/365 kB
2026.03.08 16:00:54 INFO  Progress (3): 10/12 MB | 57/87 kB | 29/365 kB
2026.03.08 16:00:54 INFO  Progress (3): 10/12 MB | 57/87 kB | 29/365 kB
2026.03.08 16:00:54 INFO  Progress (3): 10/12 MB | 66/87 kB | 29/365 kB
2026.03.08 16:00:54 INFO  Progress (3): 10/12 MB | 66/87 kB | 29/365 kB
2026.03.08 16:00:54 INFO  Progress (3): 10/12 MB | 66/87 kB | 45/365 kB
2026.03.08 16:00:54 INFO  Progress (3): 10/12 MB | 82/87 kB | 45/365 kB
2026.03.08 16:00:54 INFO  Progress (3): 10/12 MB | 82/87 kB | 45/365 kB
2026.03.08 16:00:54 INFO  Progress (3): 10/12 MB | 87 kB | 45/365 kB   
2026.03.08 16:00:54 INFO  Progress (3): 10/12 MB | 87 kB | 61/365 kB
2026.03.08 16:00:54 INFO  Progress (3): 10/12 MB | 87 kB | 61/365 kB
2026.03.08 16:00:54 INFO  Progress (3): 10/12 MB | 87 kB | 61/365 kB
2026.03.08 16:00:54 INFO  Progress (3): 10/12 MB | 87 kB | 61/365 kB
2026.03.08 16:00:54 INFO  Progress (3): 10/12 MB | 87 kB | 61/365 kB
2026.03.08 16:00:54 INFO  Progress (3): 10/12 MB | 87 kB | 61/365 kB
2026.03.08 16:00:54 INFO  Progress (3): 10/12 MB | 87 kB | 61/365 kB
2026.03.08 16:00:54 INFO  Progress (3): 10/12 MB | 87 kB | 61/365 kB
2026.03.08 16:00:54 INFO  Progress (3): 10/12 MB | 87 kB | 61/365 kB
2026.03.08 16:00:54 INFO  Progress (3): 10/12 MB | 87 kB | 61/365 kB
2026.03.08 16:00:54 INFO  Progress (3): 10/12 MB | 87 kB | 61/365 kB
2026.03.08 16:00:54 INFO  Progress (3): 10/12 MB | 87 kB | 61/365 kB
2026.03.08 16:00:54 INFO                                            
2026.03.08 16:00:54 INFO  Downloaded from central: https://repo.maven.apache.org/maven2/org/scala-sbt/core-macros_2.13/1.8.0/core-macros_2.13-1.8.0.jar (87 kB at 200 kB/s)
2026.03.08 16:00:54 INFO  Downloading from central: https://repo.maven.apache.org/maven2/org/scala-sbt/zinc-persist_2.13/1.8.0/zinc-persist_2.13-1.8.0.jar
2026.03.08 16:00:54 INFO  Progress (2): 10/12 MB | 61/365 kB
2026.03.08 16:00:54 INFO  Progress (2): 10/12 MB | 61/365 kB
2026.03.08 16:00:54 INFO  Progress (2): 10/12 MB | 61/365 kB
2026.03.08 16:00:54 INFO  Progress (2): 10/12 MB | 61/365 kB
2026.03.08 16:00:54 INFO  Progress (2): 10/12 MB | 61/365 kB
2026.03.08 16:00:54 INFO  Progress (2): 10/12 MB | 61/365 kB
2026.03.08 16:00:54 INFO  Progress (2): 10/12 MB | 61/365 kB
2026.03.08 16:00:54 INFO  Progress (2): 10/12 MB | 61/365 kB
2026.03.08 16:00:54 INFO  Progress (2): 11/12 MB | 61/365 kB
2026.03.08 16:00:54 INFO  Progress (2): 11/12 MB | 61/365 kB
2026.03.08 16:00:54 INFO  Progress (2): 11/12 MB | 61/365 kB
2026.03.08 16:00:54 INFO  Progress (2): 11/12 MB | 61/365 kB
2026.03.08 16:00:54 INFO  Progress (2): 11/12 MB | 78/365 kB
2026.03.08 16:00:54 INFO  Progress (2): 11/12 MB | 78/365 kB
2026.03.08 16:00:54 INFO  Progress (2): 11/12 MB | 78/365 kB
2026.03.08 16:00:54 INFO  Progress (2): 11/12 MB | 78/365 kB
2026.03.08 16:00:54 INFO  Progress (2): 11/12 MB | 78/365 kB
2026.03.08 16:00:54 INFO  Progress (2): 11/12 MB | 94/365 kB
2026.03.08 16:00:54 INFO  Progress (2): 11/12 MB | 94/365 kB
2026.03.08 16:00:54 INFO  Progress (2): 11/12 MB | 94/365 kB
2026.03.08 16:00:54 INFO  Progress (2): 11/12 MB | 94/365 kB
2026.03.08 16:00:54 INFO  Progress (2): 11/12 MB | 94/365 kB
2026.03.08 16:00:54 INFO  Progress (2): 11/12 MB | 94/365 kB
2026.03.08 16:00:54 INFO  Progress (2): 11/12 MB | 94/365 kB
2026.03.08 16:00:54 INFO  Progress (2): 11/12 MB | 94/365 kB
2026.03.08 16:00:54 INFO  Progress (2): 11/12 MB | 94/365 kB
2026.03.08 16:00:54 INFO  Progress (2): 11/12 MB | 94/365 kB
2026.03.08 16:00:54 INFO  Progress (2): 11/12 MB | 94/365 kB
2026.03.08 16:00:54 INFO  Progress (2): 11/12 MB | 94/365 kB
2026.03.08 16:00:54 INFO  Progress (2): 11/12 MB | 94/365 kB
2026.03.08 16:00:54 INFO  Progress (2): 11/12 MB | 94/365 kB
2026.03.08 16:00:54 INFO  Progress (2): 11/12 MB | 94/365 kB
2026.03.08 16:00:54 INFO  Progress (2): 11/12 MB | 94/365 kB
2026.03.08 16:00:54 INFO  Progress (2): 11/12 MB | 94/365 kB
2026.03.08 16:00:54 INFO  Progress (2): 11/12 MB | 94/365 kB
2026.03.08 16:00:54 INFO  Progress (2): 11/12 MB | 94/365 kB
2026.03.08 16:00:54 INFO  Progress (2): 11/12 MB | 94/365 kB
2026.03.08 16:00:54 INFO  Progress (2): 11/12 MB | 94/365 kB
2026.03.08 16:00:54 INFO  Progress (2): 11/12 MB | 94/365 kB
2026.03.08 16:00:54 INFO  Progress (2): 11/12 MB | 94/365 kB
2026.03.08 16:00:54 INFO  Progress (2): 11/12 MB | 94/365 kB
2026.03.08 16:00:54 INFO  Progress (2): 11/12 MB | 94/365 kB
2026.03.08 16:00:54 INFO  Progress (2): 11/12 MB | 94/365 kB
2026.03.08 16:00:54 INFO  Progress (2): 11/12 MB | 94/365 kB
2026.03.08 16:00:54 INFO  Progress (2): 11/12 MB | 94/365 kB
2026.03.08 16:00:54 INFO  Progress (2): 11/12 MB | 94/365 kB
2026.03.08 16:00:54 INFO  Progress (2): 11/12 MB | 94/365 kB
2026.03.08 16:00:54 INFO  Progress (2): 11/12 MB | 94/365 kB
2026.03.08 16:00:54 INFO  Progress (2): 11/12 MB | 94/365 kB
2026.03.08 16:00:54 INFO  Progress (2): 11/12 MB | 94/365 kB
2026.03.08 16:00:54 INFO  Progress (2): 11/12 MB | 94/365 kB
2026.03.08 16:00:54 INFO  Progress (2): 11/12 MB | 111/365 kB
2026.03.08 16:00:54 INFO  Progress (2): 11/12 MB | 111/365 kB
2026.03.08 16:00:54 INFO  Progress (2): 11/12 MB | 127/365 kB
2026.03.08 16:00:54 INFO  Progress (2): 11/12 MB | 127/365 kB
2026.03.08 16:00:54 INFO  Progress (2): 11/12 MB | 143/365 kB
2026.03.08 16:00:54 INFO  Progress (2): 11/12 MB | 143/365 kB
2026.03.08 16:00:54 INFO  Progress (2): 11/12 MB | 160/365 kB
2026.03.08 16:00:54 INFO  Progress (2): 11/12 MB | 160/365 kB
2026.03.08 16:00:54 INFO  Progress (2): 11/12 MB | 176/365 kB
2026.03.08 16:00:54 INFO  Progress (2): 11/12 MB | 176/365 kB
2026.03.08 16:00:54 INFO  Progress (2): 11/12 MB | 193/365 kB
2026.03.08 16:00:54 INFO  Progress (2): 11/12 MB | 193/365 kB
2026.03.08 16:00:54 INFO  Progress (2): 11/12 MB | 209/365 kB
2026.03.08 16:00:54 INFO  Progress (2): 11/12 MB | 209/365 kB
2026.03.08 16:00:54 INFO  Progress (2): 11/12 MB | 225/365 kB
2026.03.08 16:00:54 INFO  Progress (2): 11/12 MB | 225/365 kB
2026.03.08 16:00:54 INFO  Progress (2): 11/12 MB | 242/365 kB
2026.03.08 16:00:54 INFO  Progress (2): 11/12 MB | 242/365 kB
2026.03.08 16:00:54 INFO  Progress (2): 11/12 MB | 242/365 kB
2026.03.08 16:00:54 INFO  Progress (2): 11/12 MB | 258/365 kB
2026.03.08 16:00:54 INFO  Progress (2): 11/12 MB | 274/365 kB
2026.03.08 16:00:54 INFO  Progress (2): 11/12 MB | 274/365 kB
2026.03.08 16:00:54 INFO  Progress (2): 11/12 MB | 274/365 kB
2026.03.08 16:00:54 INFO  Progress (2): 11/12 MB | 291/365 kB
2026.03.08 16:00:54 INFO  Progress (3): 11/12 MB | 291/365 kB | 7.7/228 kB
2026.03.08 16:00:54 INFO  Progress (3): 11/12 MB | 291/365 kB | 7.7/228 kB
2026.03.08 16:00:54 INFO  Progress (3): 11/12 MB | 307/365 kB | 7.7/228 kB
2026.03.08 16:00:54 INFO  Progress (3): 11/12 MB | 307/365 kB | 16/228 kB 
2026.03.08 16:00:54 INFO  Progress (3): 11/12 MB | 307/365 kB | 16/228 kB
2026.03.08 16:00:54 INFO  Progress (3): 11/12 MB | 324/365 kB | 16/228 kB
2026.03.08 16:00:54 INFO  Progress (3): 11/12 MB | 324/365 kB | 16/228 kB
2026.03.08 16:00:54 INFO  Progress (3): 11/12 MB | 340/365 kB | 16/228 kB
2026.03.08 16:00:54 INFO  Progress (3): 11/12 MB | 340/365 kB | 25/228 kB
2026.03.08 16:00:54 INFO  Progress (3): 11/12 MB | 340/365 kB | 25/228 kB
2026.03.08 16:00:54 INFO  Progress (3): 11/12 MB | 356/365 kB | 25/228 kB
2026.03.08 16:00:54 INFO  Progress (3): 11/12 MB | 356/365 kB | 25/228 kB
2026.03.08 16:00:54 INFO  Progress (3): 11/12 MB | 365 kB | 25/228 kB    
2026.03.08 16:00:54 INFO  Progress (3): 11/12 MB | 365 kB | 25/228 kB
2026.03.08 16:00:54 INFO  Progress (3): 11/12 MB | 365 kB | 41/228 kB
2026.03.08 16:00:54 INFO  Progress (3): 11/12 MB | 365 kB | 41/228 kB
2026.03.08 16:00:54 INFO  Progress (3): 11/12 MB | 365 kB | 41/228 kB
2026.03.08 16:00:54 INFO  Progress (3): 11/12 MB | 365 kB | 57/228 kB
2026.03.08 16:00:54 INFO  Progress (3): 11/12 MB | 365 kB | 57/228 kB
2026.03.08 16:00:54 INFO  Progress (3): 12/12 MB | 365 kB | 57/228 kB
2026.03.08 16:00:54 INFO  Progress (3): 12/12 MB | 365 kB | 74/228 kB
2026.03.08 16:00:54 INFO  Progress (3): 12/12 MB | 365 kB | 74/228 kB
2026.03.08 16:00:54 INFO  Progress (3): 12/12 MB | 365 kB | 74/228 kB
2026.03.08 16:00:54 INFO  Progress (3): 12/12 MB | 365 kB | 90/228 kB
2026.03.08 16:00:54 INFO  Progress (3): 12/12 MB | 365 kB | 90/228 kB
2026.03.08 16:00:54 INFO  Progress (3): 12/12 MB | 365 kB | 90/228 kB
2026.03.08 16:00:54 INFO  Progress (3): 12/12 MB | 365 kB | 106/228 kB
2026.03.08 16:00:54 INFO  Progress (3): 12/12 MB | 365 kB | 106/228 kB
2026.03.08 16:00:54 INFO  Progress (3): 12/12 MB | 365 kB | 106/228 kB
2026.03.08 16:00:54 INFO                                              
2026.03.08 16:00:54 INFO  Downloaded from central: https://repo.maven.apache.org/maven2/org/scala-sbt/collections_2.13/1.8.0/collections_2.13-1.8.0.jar (365 kB at 801 kB/s)
2026.03.08 16:00:54 INFO  Downloading from central: https://repo.maven.apache.org/maven2/org/scala-sbt/zinc-compile-core_2.13/1.8.0/zinc-compile-core_2.13-1.8.0.jar
2026.03.08 16:00:54 INFO  Progress (2): 12/12 MB | 106/228 kB
2026.03.08 16:00:54 INFO  Progress (2): 12/12 MB | 106/228 kB
2026.03.08 16:00:54 INFO  Progress (2): 12/12 MB | 123/228 kB
2026.03.08 16:00:54 INFO  Progress (2): 12/12 MB | 123/228 kB
2026.03.08 16:00:54 INFO  Progress (2): 12/12 MB | 123/228 kB
2026.03.08 16:00:54 INFO  Progress (2): 12/12 MB | 123/228 kB
2026.03.08 16:00:54 INFO  Progress (2): 12/12 MB | 123/228 kB
2026.03.08 16:00:54 INFO  Progress (2): 12/12 MB | 123/228 kB
2026.03.08 16:00:54 INFO  Progress (2): 12/12 MB | 139/228 kB
2026.03.08 16:00:54 INFO  Progress (2): 12/12 MB | 139/228 kB
2026.03.08 16:00:54 INFO  Progress (2): 12/12 MB | 139/228 kB
2026.03.08 16:00:54 INFO  Progress (2): 12/12 MB | 156/228 kB
2026.03.08 16:00:54 INFO  Progress (2): 12/12 MB | 156/228 kB
2026.03.08 16:00:54 INFO  Progress (2): 12/12 MB | 172/228 kB
2026.03.08 16:00:54 INFO  Progress (2): 12/12 MB | 172/228 kB
2026.03.08 16:00:54 INFO  Progress (2): 12/12 MB | 188/228 kB
2026.03.08 16:00:54 INFO  Progress (2): 12/12 MB | 188/228 kB
2026.03.08 16:00:54 INFO  Progress (2): 12/12 MB | 205/228 kB
2026.03.08 16:00:54 INFO  Progress (2): 12/12 MB | 205/228 kB
2026.03.08 16:00:54 INFO  Progress (2): 12/12 MB | 221/228 kB
2026.03.08 16:00:54 INFO  Progress (2): 12/12 MB | 228 kB    
2026.03.08 16:00:54 INFO  Progress (2): 12/12 MB | 228 kB
2026.03.08 16:00:54 INFO  Progress (3): 12/12 MB | 228 kB | 7.7/15 kB
2026.03.08 16:00:54 INFO  Progress (3): 12/12 MB | 228 kB | 7.7/15 kB
2026.03.08 16:00:54 INFO  Progress (3): 12/12 MB | 228 kB | 15 kB    
2026.03.08 16:00:54 INFO  Progress (3): 12/12 MB | 228 kB | 15 kB
2026.03.08 16:00:54 INFO                                         
2026.03.08 16:00:54 INFO  Downloaded from central: https://repo.maven.apache.org/maven2/org/jline/jline-terminal/3.19.0/jline-terminal-3.19.0.jar (228 kB at 497 kB/s)
2026.03.08 16:00:54 INFO  Downloading from central: https://repo.maven.apache.org/maven2/net/openhft/zero-allocation-hashing/0.10.1/zero-allocation-hashing-0.10.1.jar
2026.03.08 16:00:54 INFO  Progress (2): 12/12 MB | 15 kB
2026.03.08 16:00:54 INFO  Progress (2): 12/12 MB | 15 kB
2026.03.08 16:00:54 INFO                                
2026.03.08 16:00:54 INFO  Downloaded from central: https://repo.maven.apache.org/maven2/org/scala-sbt/util-relation_2.13/1.8.0/util-relation_2.13-1.8.0.jar (15 kB at 33 kB/s)
2026.03.08 16:00:54 INFO  Downloading from central: https://repo.maven.apache.org/maven2/org/scala-sbt/util-control_2.13/1.8.0/util-control_2.13-1.8.0.jar
2026.03.08 16:00:54 INFO  Progress (1): 12/12 MB
2026.03.08 16:00:54 INFO  Progress (1): 12/12 MB
2026.03.08 16:00:54 INFO  Progress (1): 12/12 MB
2026.03.08 16:00:54 INFO  Progress (1): 12/12 MB
2026.03.08 16:00:54 INFO  Progress (1): 12/12 MB
2026.03.08 16:00:54 INFO  Progress (1): 12/12 MB
2026.03.08 16:00:54 INFO  Progress (1): 12/12 MB
2026.03.08 16:00:54 INFO  Progress (1): 12/12 MB
2026.03.08 16:00:54 INFO  Progress (1): 12/12 MB
2026.03.08 16:00:54 INFO  Progress (1): 12/12 MB
2026.03.08 16:00:54 INFO  Progress (1): 12/12 MB
2026.03.08 16:00:54 INFO  Progress (1): 12 MB   
2026.03.08 16:00:54 INFO                     
2026.03.08 16:00:54 INFO  Downloaded from central: https://repo.maven.apache.org/maven2/org/scala-lang/scala-compiler/2.13.8/scala-compiler-2.13.8.jar (12 MB at 26 MB/s)
2026.03.08 16:00:54 INFO  Downloading from central: https://repo.maven.apache.org/maven2/org/scala-sbt/zinc-classfile_2.13/1.8.0/zinc-classfile_2.13-1.8.0.jar
2026.03.08 16:00:54 INFO  Progress (1): 8.2/270 kB
2026.03.08 16:00:54 INFO  Progress (1): 25/270 kB 
2026.03.08 16:00:54 INFO  Progress (1): 41/270 kB
2026.03.08 16:00:54 INFO  Progress (1): 49/270 kB
2026.03.08 16:00:54 INFO  Progress (1): 57/270 kB
2026.03.08 16:00:54 INFO  Progress (1): 66/270 kB
2026.03.08 16:00:54 INFO  Progress (1): 82/270 kB
2026.03.08 16:00:54 INFO  Progress (1): 90/270 kB
2026.03.08 16:00:54 INFO  Progress (1): 98/270 kB
2026.03.08 16:00:54 INFO  Progress (1): 115/270 kB
2026.03.08 16:00:54 INFO  Progress (1): 123/270 kB
2026.03.08 16:00:54 INFO  Progress (1): 139/270 kB
2026.03.08 16:00:54 INFO  Progress (1): 147/270 kB
2026.03.08 16:00:54 INFO  Progress (1): 164/270 kB
2026.03.08 16:00:54 INFO  Progress (1): 180/270 kB
2026.03.08 16:00:54 INFO  Progress (1): 197/270 kB
2026.03.08 16:00:54 INFO  Progress (1): 213/270 kB
2026.03.08 16:00:54 INFO  Progress (1): 229/270 kB
2026.03.08 16:00:54 INFO  Progress (1): 238/270 kB
2026.03.08 16:00:54 INFO  Progress (1): 254/270 kB
2026.03.08 16:00:54 INFO  Progress (1): 262/270 kB
2026.03.08 16:00:54 INFO  Progress (1): 270 kB    
2026.03.08 16:00:54 INFO                      
2026.03.08 16:00:54 INFO  Downloaded from central: https://repo.maven.apache.org/maven2/org/scala-sbt/zinc-persist_2.13/1.8.0/zinc-persist_2.13-1.8.0.jar (270 kB at 572 kB/s)
2026.03.08 16:00:54 INFO  Progress (1): 7.7/60 kB
2026.03.08 16:00:54 INFO  Progress (1): 8.2/60 kB
2026.03.08 16:00:54 INFO  Progress (2): 8.2/60 kB | 7.7/19 kB
2026.03.08 16:00:54 INFO  Progress (2): 8.2/60 kB | 16/19 kB 
2026.03.08 16:00:54 INFO  Progress (2): 8.2/60 kB | 19 kB   
2026.03.08 16:00:54 INFO  Progress (2): 25/60 kB | 19 kB 
2026.03.08 16:00:54 INFO  Progress (2): 41/60 kB | 19 kB
2026.03.08 16:00:54 INFO                                
2026.03.08 16:00:54 INFO  Downloaded from central: https://repo.maven.apache.org/maven2/org/scala-sbt/util-control_2.13/1.8.0/util-control_2.13-1.8.0.jar (19 kB at 40 kB/s)
2026.03.08 16:00:54 INFO  Progress (1): 57/60 kB
2026.03.08 16:00:54 INFO  Progress (1): 60 kB   
2026.03.08 16:00:54 INFO                     
2026.03.08 16:00:54 INFO  Downloaded from central: https://repo.maven.apache.org/maven2/net/openhft/zero-allocation-hashing/0.10.1/zero-allocation-hashing-0.10.1.jar (60 kB at 124 kB/s)
2026.03.08 16:00:54 INFO  Progress (1): 7.7/254 kB
2026.03.08 16:00:54 INFO  Progress (1): 16/254 kB 
2026.03.08 16:00:54 INFO  Progress (1): 32/254 kB
2026.03.08 16:00:54 INFO  Progress (1): 48/254 kB
2026.03.08 16:00:54 INFO  Progress (1): 65/254 kB
2026.03.08 16:00:54 INFO  Progress (1): 81/254 kB
2026.03.08 16:00:54 INFO  Progress (1): 98/254 kB
2026.03.08 16:00:54 INFO  Progress (1): 114/254 kB
2026.03.08 16:00:54 INFO  Progress (2): 114/254 kB | 7.7/108 kB
2026.03.08 16:00:54 INFO  Progress (2): 114/254 kB | 16/108 kB 
2026.03.08 16:00:54 INFO  Progress (2): 114/254 kB | 25/108 kB
2026.03.08 16:00:54 INFO  Progress (2): 114/254 kB | 41/108 kB
2026.03.08 16:00:54 INFO  Progress (2): 114/254 kB | 57/108 kB
2026.03.08 16:00:54 INFO  Progress (2): 114/254 kB | 74/108 kB
2026.03.08 16:00:54 INFO  Progress (2): 114/254 kB | 90/108 kB
2026.03.08 16:00:54 INFO  Progress (2): 114/254 kB | 106/108 kB
2026.03.08 16:00:54 INFO  Progress (2): 114/254 kB | 108 kB    
2026.03.08 16:00:54 INFO                                   
2026.03.08 16:00:54 INFO  Downloaded from central: https://repo.maven.apache.org/maven2/org/scala-sbt/zinc-classfile_2.13/1.8.0/zinc-classfile_2.13-1.8.0.jar (108 kB at 216 kB/s)
2026.03.08 16:00:54 INFO  Progress (1): 130/254 kB
2026.03.08 16:00:54 INFO  Progress (1): 147/254 kB
2026.03.08 16:00:54 INFO  Progress (1): 163/254 kB
2026.03.08 16:00:54 INFO  Progress (1): 179/254 kB
2026.03.08 16:00:54 INFO  Progress (1): 196/254 kB
2026.03.08 16:00:54 INFO  Progress (1): 212/254 kB
2026.03.08 16:00:54 INFO  Progress (1): 229/254 kB
2026.03.08 16:00:54 INFO  Progress (1): 245/254 kB
2026.03.08 16:00:54 INFO  Progress (1): 254 kB    
2026.03.08 16:00:54 INFO                      
2026.03.08 16:00:54 INFO  Downloaded from central: https://repo.maven.apache.org/maven2/org/scala-sbt/zinc-compile-core_2.13/1.8.0/zinc-compile-core_2.13-1.8.0.jar (254 kB at 504 kB/s)
2026.03.08 16:00:54 INFO  Downloading from central: https://repo.maven.apache.org/maven2/org/scala-lang/scala3-compiler_3/3.3.3/scala3-compiler_3-3.3.3.jar
2026.03.08 16:00:54 INFO  Progress (1): 0/20 MB
2026.03.08 16:00:54 INFO  Progress (1): 0/20 MB
2026.03.08 16:00:54 INFO  Progress (1): 0/20 MB
2026.03.08 16:00:54 INFO  Progress (1): 0/20 MB
2026.03.08 16:00:54 INFO  Progress (1): 0.1/20 MB
2026.03.08 16:00:54 INFO  Progress (1): 0.1/20 MB
2026.03.08 16:00:54 INFO  Progress (1): 0.1/20 MB
2026.03.08 16:00:54 INFO  Progress (1): 0.1/20 MB
2026.03.08 16:00:54 INFO  Progress (1): 0.1/20 MB
2026.03.08 16:00:54 INFO  Progress (1): 0.1/20 MB
2026.03.08 16:00:54 INFO  Progress (1): 0.2/20 MB
2026.03.08 16:00:54 INFO  Progress (1): 0.2/20 MB
2026.03.08 16:00:54 INFO  Progress (1): 0.2/20 MB
2026.03.08 16:00:54 INFO  Progress (1): 0.2/20 MB
2026.03.08 16:00:54 INFO  Progress (1): 0.2/20 MB
2026.03.08 16:00:54 INFO  Progress (1): 0.2/20 MB
2026.03.08 16:00:54 INFO  Progress (1): 0.3/20 MB
2026.03.08 16:00:54 INFO  Progress (1): 0.3/20 MB
2026.03.08 16:00:54 INFO  Progress (1): 0.3/20 MB
2026.03.08 16:00:54 INFO  Progress (1): 0.3/20 MB
2026.03.08 16:00:54 INFO  Progress (1): 0.3/20 MB
2026.03.08 16:00:54 INFO  Progress (1): 0.3/20 MB
2026.03.08 16:00:54 INFO  Progress (1): 0.4/20 MB
2026.03.08 16:00:54 INFO  Progress (1): 0.4/20 MB
2026.03.08 16:00:54 INFO  Progress (1): 0.4/20 MB
2026.03.08 16:00:54 INFO  Progress (1): 0.4/20 MB
2026.03.08 16:00:54 INFO  Progress (1): 0.4/20 MB
2026.03.08 16:00:54 INFO  Progress (1): 0.4/20 MB
2026.03.08 16:00:54 INFO  Progress (1): 0.5/20 MB
2026.03.08 16:00:54 INFO  Progress (1): 0.5/20 MB
2026.03.08 16:00:54 INFO  Progress (1): 0.5/20 MB
2026.03.08 16:00:54 INFO  Progress (1): 0.5/20 MB
2026.03.08 16:00:54 INFO  Progress (1): 0.5/20 MB
2026.03.08 16:00:54 INFO  Progress (1): 0.5/20 MB
2026.03.08 16:00:54 INFO  Progress (1): 0.6/20 MB
2026.03.08 16:00:54 INFO  Progress (1): 0.6/20 MB
2026.03.08 16:00:54 INFO  Progress (1): 0.6/20 MB
2026.03.08 16:00:54 INFO  Progress (1): 0.6/20 MB
2026.03.08 16:00:54 INFO  Progress (1): 0.6/20 MB
2026.03.08 16:00:54 INFO  Progress (1): 0.6/20 MB
2026.03.08 16:00:54 INFO  Progress (1): 0.6/20 MB
2026.03.08 16:00:54 INFO  Progress (1): 0.7/20 MB
2026.03.08 16:00:54 INFO  Progress (1): 0.7/20 MB
2026.03.08 16:00:54 INFO  Progress (1): 0.7/20 MB
2026.03.08 16:00:54 INFO  Progress (1): 0.7/20 MB
2026.03.08 16:00:54 INFO  Progress (1): 0.7/20 MB
2026.03.08 16:00:54 INFO  Progress (1): 0.7/20 MB
2026.03.08 16:00:54 INFO  Progress (1): 0.8/20 MB
2026.03.08 16:00:54 INFO  Progress (1): 0.8/20 MB
2026.03.08 16:00:54 INFO  Progress (1): 0.8/20 MB
2026.03.08 16:00:54 INFO  Progress (1): 0.8/20 MB
2026.03.08 16:00:54 INFO  Progress (1): 0.8/20 MB
2026.03.08 16:00:54 INFO  Progress (1): 0.8/20 MB
2026.03.08 16:00:54 INFO  Progress (1): 0.9/20 MB
2026.03.08 16:00:54 INFO  Progress (1): 0.9/20 MB
2026.03.08 16:00:54 INFO  Progress (1): 0.9/20 MB
2026.03.08 16:00:54 INFO  Progress (1): 0.9/20 MB
2026.03.08 16:00:54 INFO  Progress (1): 0.9/20 MB
2026.03.08 16:00:54 INFO  Progress (1): 0.9/20 MB
2026.03.08 16:00:54 INFO  Progress (1): 1.0/20 MB
2026.03.08 16:00:54 INFO  Progress (1): 1.0/20 MB
2026.03.08 16:00:54 INFO  Progress (1): 1.0/20 MB
2026.03.08 16:00:54 INFO  Progress (1): 1.0/20 MB
2026.03.08 16:00:54 INFO  Progress (1): 1.0/20 MB
2026.03.08 16:00:54 INFO  Progress (1): 1.0/20 MB
2026.03.08 16:00:54 INFO  Progress (1): 1.0/20 MB
2026.03.08 16:00:54 INFO  Progress (1): 1.1/20 MB
2026.03.08 16:00:54 INFO  Progress (1): 1.1/20 MB
2026.03.08 16:00:54 INFO  Progress (1): 1.1/20 MB
2026.03.08 16:00:54 INFO  Progress (1): 1.1/20 MB
2026.03.08 16:00:54 INFO  Progress (1): 1.1/20 MB
2026.03.08 16:00:54 INFO  Progress (1): 1.1/20 MB
2026.03.08 16:00:54 INFO  Progress (1): 1.2/20 MB
2026.03.08 16:00:54 INFO  Progress (1): 1.2/20 MB
2026.03.08 16:00:54 INFO  Progress (1): 1.2/20 MB
2026.03.08 16:00:54 INFO  Progress (1): 1.2/20 MB
2026.03.08 16:00:54 INFO  Progress (1): 1.2/20 MB
2026.03.08 16:00:54 INFO  Progress (1): 1.2/20 MB
2026.03.08 16:00:54 INFO  Progress (1): 1.2/20 MB
2026.03.08 16:00:54 INFO  Progress (1): 1.3/20 MB
2026.03.08 16:00:54 INFO  Progress (1): 1.3/20 MB
2026.03.08 16:00:54 INFO  Progress (1): 1.3/20 MB
2026.03.08 16:00:54 INFO  Progress (1): 1.3/20 MB
2026.03.08 16:00:54 INFO  Progress (1): 1.3/20 MB
2026.03.08 16:00:54 INFO  Progress (1): 1.3/20 MB
2026.03.08 16:00:54 INFO  Progress (1): 1.4/20 MB
2026.03.08 16:00:54 INFO  Progress (1): 1.4/20 MB
2026.03.08 16:00:54 INFO  Progress (1): 1.4/20 MB
2026.03.08 16:00:54 INFO  Progress (1): 1.4/20 MB
2026.03.08 16:00:54 INFO  Progress (1): 1.4/20 MB
2026.03.08 16:00:54 INFO  Progress (1): 1.4/20 MB
2026.03.08 16:00:54 INFO  Progress (1): 1.5/20 MB
2026.03.08 16:00:54 INFO  Progress (1): 1.5/20 MB
2026.03.08 16:00:54 INFO  Progress (1): 1.5/20 MB
2026.03.08 16:00:54 INFO  Progress (1): 1.5/20 MB
2026.03.08 16:00:54 INFO  Progress (1): 1.5/20 MB
2026.03.08 16:00:54 INFO  Progress (1): 1.5/20 MB
2026.03.08 16:00:54 INFO  Progress (1): 1.6/20 MB
2026.03.08 16:00:54 INFO  Progress (1): 1.6/20 MB
2026.03.08 16:00:54 INFO  Progress (1): 1.6/20 MB
2026.03.08 16:00:54 INFO  Progress (1): 1.6/20 MB
2026.03.08 16:00:54 INFO  Progress (1): 1.6/20 MB
2026.03.08 16:00:54 INFO  Progress (1): 1.6/20 MB
2026.03.08 16:00:54 INFO  Progress (1): 1.6/20 MB
2026.03.08 16:00:54 INFO  Progress (1): 1.7/20 MB
2026.03.08 16:00:54 INFO  Progress (1): 1.7/20 MB
2026.03.08 16:00:54 INFO  Progress (1): 1.7/20 MB
2026.03.08 16:00:54 INFO  Progress (1): 1.7/20 MB
2026.03.08 16:00:54 INFO  Progress (1): 1.7/20 MB
2026.03.08 16:00:54 INFO  Progress (1): 1.7/20 MB
2026.03.08 16:00:54 INFO  Progress (1): 1.8/20 MB
2026.03.08 16:00:54 INFO  Progress (1): 1.8/20 MB
2026.03.08 16:00:54 INFO  Progress (1): 1.8/20 MB
2026.03.08 16:00:54 INFO  Progress (1): 1.8/20 MB
2026.03.08 16:00:54 INFO  Progress (1): 1.8/20 MB
2026.03.08 16:00:54 INFO  Progress (1): 1.8/20 MB
2026.03.08 16:00:54 INFO  Progress (1): 1.9/20 MB
2026.03.08 16:00:54 INFO  Progress (1): 1.9/20 MB
2026.03.08 16:00:54 INFO  Progress (1): 1.9/20 MB
2026.03.08 16:00:54 INFO  Progress (1): 1.9/20 MB
2026.03.08 16:00:54 INFO  Progress (1): 1.9/20 MB
2026.03.08 16:00:54 INFO  Progress (1): 1.9/20 MB
2026.03.08 16:00:54 INFO  Progress (1): 2.0/20 MB
2026.03.08 16:00:54 INFO  Progress (1): 2.0/20 MB
2026.03.08 16:00:54 INFO  Progress (1): 2.0/20 MB
2026.03.08 16:00:54 INFO  Progress (1): 2.0/20 MB
2026.03.08 16:00:54 INFO  Progress (1): 2.0/20 MB
2026.03.08 16:00:54 INFO  Progress (1): 2.0/20 MB
2026.03.08 16:00:54 INFO  Progress (1): 2.1/20 MB
2026.03.08 16:00:54 INFO  Progress (1): 2.1/20 MB
2026.03.08 16:00:54 INFO  Progress (1): 2.1/20 MB
2026.03.08 16:00:54 INFO  Progress (1): 2.1/20 MB
2026.03.08 16:00:54 INFO  Progress (1): 2.1/20 MB
2026.03.08 16:00:54 INFO  Progress (1): 2.1/20 MB
2026.03.08 16:00:54 INFO  Progress (1): 2.2/20 MB
2026.03.08 16:00:54 INFO  Progress (1): 2.2/20 MB
2026.03.08 16:00:54 INFO  Progress (1): 2.2/20 MB
2026.03.08 16:00:54 INFO  Progress (1): 2.2/20 MB
2026.03.08 16:00:54 INFO  Progress (1): 2.2/20 MB
2026.03.08 16:00:54 INFO  Progress (1): 2.2/20 MB
2026.03.08 16:00:54 INFO  Progress (1): 2.3/20 MB
2026.03.08 16:00:54 INFO  Progress (1): 2.3/20 MB
2026.03.08 16:00:54 INFO  Progress (1): 2.3/20 MB
2026.03.08 16:00:54 INFO  Progress (1): 2.3/20 MB
2026.03.08 16:00:54 INFO  Progress (1): 2.3/20 MB
2026.03.08 16:00:54 INFO  Progress (1): 2.3/20 MB
2026.03.08 16:00:54 INFO  Progress (1): 2.4/20 MB
2026.03.08 16:00:54 INFO  Progress (1): 2.4/20 MB
2026.03.08 16:00:54 INFO  Progress (1): 2.4/20 MB
2026.03.08 16:00:54 INFO  Progress (1): 2.4/20 MB
2026.03.08 16:00:54 INFO  Progress (1): 2.4/20 MB
2026.03.08 16:00:54 INFO  Progress (1): 2.4/20 MB
2026.03.08 16:00:54 INFO  Progress (1): 2.5/20 MB
2026.03.08 16:00:54 INFO  Progress (1): 2.5/20 MB
2026.03.08 16:00:54 INFO  Progress (1): 2.5/20 MB
2026.03.08 16:00:54 INFO  Progress (1): 2.5/20 MB
2026.03.08 16:00:54 INFO  Progress (1): 2.5/20 MB
2026.03.08 16:00:54 INFO  Progress (1): 2.5/20 MB
2026.03.08 16:00:54 INFO  Progress (1): 2.5/20 MB
2026.03.08 16:00:54 INFO  Progress (1): 2.6/20 MB
2026.03.08 16:00:54 INFO  Progress (1): 2.6/20 MB
2026.03.08 16:00:54 INFO  Progress (1): 2.6/20 MB
2026.03.08 16:00:54 INFO  Progress (1): 2.6/20 MB
2026.03.08 16:00:54 INFO  Progress (1): 2.6/20 MB
2026.03.08 16:00:54 INFO  Progress (1): 2.6/20 MB
2026.03.08 16:00:54 INFO  Progress (1): 2.7/20 MB
2026.03.08 16:00:54 INFO  Progress (1): 2.7/20 MB
2026.03.08 16:00:54 INFO  Progress (1): 2.7/20 MB
2026.03.08 16:00:54 INFO  Progress (1): 2.7/20 MB
2026.03.08 16:00:54 INFO  Progress (1): 2.7/20 MB
2026.03.08 16:00:54 INFO  Progress (1): 2.7/20 MB
2026.03.08 16:00:54 INFO  Progress (1): 2.8/20 MB
2026.03.08 16:00:54 INFO  Progress (1): 2.8/20 MB
2026.03.08 16:00:54 INFO  Progress (1): 2.8/20 MB
2026.03.08 16:00:54 INFO  Progress (1): 2.8/20 MB
2026.03.08 16:00:54 INFO  Progress (1): 2.8/20 MB
2026.03.08 16:00:54 INFO  Progress (1): 2.8/20 MB
2026.03.08 16:00:54 INFO  Progress (1): 2.8/20 MB
2026.03.08 16:00:54 INFO  Progress (1): 2.9/20 MB
2026.03.08 16:00:54 INFO  Progress (1): 2.9/20 MB
2026.03.08 16:00:54 INFO  Progress (1): 2.9/20 MB
2026.03.08 16:00:54 INFO  Progress (1): 2.9/20 MB
2026.03.08 16:00:54 INFO  Progress (1): 2.9/20 MB
2026.03.08 16:00:54 INFO  Progress (1): 2.9/20 MB
2026.03.08 16:00:54 INFO  Progress (1): 3.0/20 MB
2026.03.08 16:00:54 INFO  Progress (1): 3.0/20 MB
2026.03.08 16:00:54 INFO  Progress (1): 3.0/20 MB
2026.03.08 16:00:54 INFO  Progress (1): 3.0/20 MB
2026.03.08 16:00:54 INFO  Progress (1): 3.0/20 MB
2026.03.08 16:00:54 INFO  Progress (1): 3.0/20 MB
2026.03.08 16:00:54 INFO  Progress (1): 3.1/20 MB
2026.03.08 16:00:54 INFO  Progress (1): 3.1/20 MB
2026.03.08 16:00:54 INFO  Progress (1): 3.1/20 MB
2026.03.08 16:00:54 INFO  Progress (1): 3.1/20 MB
2026.03.08 16:00:54 INFO  Progress (1): 3.1/20 MB
2026.03.08 16:00:54 INFO  Progress (1): 3.1/20 MB
2026.03.08 16:00:54 INFO  Progress (1): 3.2/20 MB
2026.03.08 16:00:54 INFO  Progress (1): 3.2/20 MB
2026.03.08 16:00:54 INFO  Progress (1): 3.2/20 MB
2026.03.08 16:00:54 INFO  Progress (1): 3.2/20 MB
2026.03.08 16:00:54 INFO  Progress (1): 3.2/20 MB
2026.03.08 16:00:54 INFO  Progress (1): 3.2/20 MB
2026.03.08 16:00:54 INFO  Progress (1): 3.2/20 MB
2026.03.08 16:00:54 INFO  Progress (1): 3.3/20 MB
2026.03.08 16:00:54 INFO  Progress (1): 3.3/20 MB
2026.03.08 16:00:54 INFO  Progress (1): 3.3/20 MB
2026.03.08 16:00:55 INFO  Progress (1): 3.3/20 MB
2026.03.08 16:00:55 INFO  Progress (1): 3.3/20 MB
2026.03.08 16:00:55 INFO  Progress (1): 3.3/20 MB
2026.03.08 16:00:55 INFO  Progress (1): 3.4/20 MB
2026.03.08 16:00:55 INFO  Progress (1): 3.4/20 MB
2026.03.08 16:00:55 INFO  Progress (1): 3.4/20 MB
2026.03.08 16:00:55 INFO  Progress (1): 3.4/20 MB
2026.03.08 16:00:55 INFO  Progress (1): 3.4/20 MB
2026.03.08 16:00:55 INFO  Progress (1): 3.4/20 MB
2026.03.08 16:00:55 INFO  Progress (1): 3.4/20 MB
2026.03.08 16:00:55 INFO  Progress (1): 3.5/20 MB
2026.03.08 16:00:55 INFO  Progress (1): 3.5/20 MB
2026.03.08 16:00:55 INFO  Progress (1): 3.5/20 MB
2026.03.08 16:00:55 INFO  Progress (1): 3.5/20 MB
2026.03.08 16:00:55 INFO  Progress (1): 3.5/20 MB
2026.03.08 16:00:55 INFO  Progress (1): 3.5/20 MB
2026.03.08 16:00:55 INFO  Progress (1): 3.6/20 MB
2026.03.08 16:00:55 INFO  Progress (1): 3.6/20 MB
2026.03.08 16:00:55 INFO  Progress (1): 3.6/20 MB
2026.03.08 16:00:55 INFO  Progress (1): 3.6/20 MB
2026.03.08 16:00:55 INFO  Progress (1): 3.6/20 MB
2026.03.08 16:00:55 INFO  Progress (1): 3.6/20 MB
2026.03.08 16:00:55 INFO  Progress (1): 3.7/20 MB
2026.03.08 16:00:55 INFO  Progress (1): 3.7/20 MB
2026.03.08 16:00:55 INFO  Progress (1): 3.7/20 MB
2026.03.08 16:00:55 INFO  Progress (1): 3.7/20 MB
2026.03.08 16:00:55 INFO  Progress (1): 3.7/20 MB
2026.03.08 16:00:55 INFO  Progress (1): 3.7/20 MB
2026.03.08 16:00:55 INFO  Progress (1): 3.8/20 MB
2026.03.08 16:00:55 INFO  Progress (1): 3.8/20 MB
2026.03.08 16:00:55 INFO  Progress (1): 3.8/20 MB
2026.03.08 16:00:55 INFO  Progress (1): 3.8/20 MB
2026.03.08 16:00:55 INFO  Progress (1): 3.8/20 MB
2026.03.08 16:00:55 INFO  Progress (1): 3.8/20 MB
2026.03.08 16:00:55 INFO  Progress (1): 3.9/20 MB
2026.03.08 16:00:55 INFO  Progress (1): 3.9/20 MB
2026.03.08 16:00:55 INFO  Progress (1): 3.9/20 MB
2026.03.08 16:00:55 INFO  Progress (1): 3.9/20 MB
2026.03.08 16:00:55 INFO  Progress (1): 3.9/20 MB
2026.03.08 16:00:55 INFO  Progress (1): 3.9/20 MB
2026.03.08 16:00:55 INFO  Progress (1): 4.0/20 MB
2026.03.08 16:00:55 INFO  Progress (1): 4.0/20 MB
2026.03.08 16:00:55 INFO  Progress (1): 4.0/20 MB
2026.03.08 16:00:55 INFO  Progress (1): 4.0/20 MB
2026.03.08 16:00:55 INFO  Progress (1): 4.0/20 MB
2026.03.08 16:00:55 INFO  Progress (1): 4.0/20 MB
2026.03.08 16:00:55 INFO  Progress (1): 4.1/20 MB
2026.03.08 16:00:55 INFO  Progress (1): 4.1/20 MB
2026.03.08 16:00:55 INFO  Progress (1): 4.1/20 MB
2026.03.08 16:00:55 INFO  Progress (1): 4.1/20 MB
2026.03.08 16:00:55 INFO  Progress (1): 4.1/20 MB
2026.03.08 16:00:55 INFO  Progress (1): 4.1/20 MB
2026.03.08 16:00:55 INFO  Progress (1): 4.2/20 MB
2026.03.08 16:00:55 INFO  Progress (1): 4.2/20 MB
2026.03.08 16:00:55 INFO  Progress (1): 4.2/20 MB
2026.03.08 16:00:55 INFO  Progress (1): 4.2/20 MB
2026.03.08 16:00:55 INFO  Progress (1): 4.2/20 MB
2026.03.08 16:00:55 INFO  Progress (1): 4.2/20 MB
2026.03.08 16:00:55 INFO  Progress (1): 4.2/20 MB
2026.03.08 16:00:55 INFO  Progress (1): 4.3/20 MB
2026.03.08 16:00:55 INFO  Progress (1): 4.3/20 MB
2026.03.08 16:00:55 INFO  Progress (1): 4.3/20 MB
2026.03.08 16:00:55 INFO  Progress (1): 4.3/20 MB
2026.03.08 16:00:55 INFO  Progress (1): 4.3/20 MB
2026.03.08 16:00:55 INFO  Progress (1): 4.3/20 MB
2026.03.08 16:00:55 INFO  Progress (1): 4.4/20 MB
2026.03.08 16:00:55 INFO  Progress (1): 4.4/20 MB
2026.03.08 16:00:55 INFO  Progress (1): 4.4/20 MB
2026.03.08 16:00:55 INFO  Progress (1): 4.4/20 MB
2026.03.08 16:00:55 INFO  Progress (1): 4.4/20 MB
2026.03.08 16:00:55 INFO  Progress (1): 4.4/20 MB
2026.03.08 16:00:55 INFO  Progress (1): 4.4/20 MB
2026.03.08 16:00:55 INFO  Progress (1): 4.5/20 MB
2026.03.08 16:00:55 INFO  Progress (1): 4.5/20 MB
2026.03.08 16:00:55 INFO  Progress (1): 4.5/20 MB
2026.03.08 16:00:55 INFO  Progress (1): 4.5/20 MB
2026.03.08 16:00:55 INFO  Progress (1): 4.5/20 MB
2026.03.08 16:00:55 INFO  Progress (1): 4.5/20 MB
2026.03.08 16:00:55 INFO  Progress (1): 4.5/20 MB
2026.03.08 16:00:55 INFO  Progress (1): 4.6/20 MB
2026.03.08 16:00:55 INFO  Progress (1): 4.6/20 MB
2026.03.08 16:00:55 INFO  Progress (1): 4.6/20 MB
2026.03.08 16:00:55 INFO  Progress (1): 4.6/20 MB
2026.03.08 16:00:55 INFO  Progress (1): 4.6/20 MB
2026.03.08 16:00:55 INFO  Progress (1): 4.6/20 MB
2026.03.08 16:00:55 INFO  Progress (1): 4.7/20 MB
2026.03.08 16:00:55 INFO  Progress (1): 4.7/20 MB
2026.03.08 16:00:55 INFO  Progress (1): 4.7/20 MB
2026.03.08 16:00:55 INFO  Progress (1): 4.7/20 MB
2026.03.08 16:00:55 INFO  Progress (1): 4.7/20 MB
2026.03.08 16:00:55 INFO  Progress (1): 4.7/20 MB
2026.03.08 16:00:55 INFO  Progress (1): 4.8/20 MB
2026.03.08 16:00:55 INFO  Progress (1): 4.8/20 MB
2026.03.08 16:00:55 INFO  Progress (1): 4.8/20 MB
2026.03.08 16:00:55 INFO  Progress (1): 4.8/20 MB
2026.03.08 16:00:55 INFO  Progress (1): 4.8/20 MB
2026.03.08 16:00:55 INFO  Progress (1): 4.8/20 MB
2026.03.08 16:00:55 INFO  Progress (1): 4.8/20 MB
2026.03.08 16:00:55 INFO  Progress (1): 4.9/20 MB
2026.03.08 16:00:55 INFO  Progress (1): 4.9/20 MB
2026.03.08 16:00:55 INFO  Progress (1): 4.9/20 MB
2026.03.08 16:00:55 INFO  Progress (1): 4.9/20 MB
2026.03.08 16:00:55 INFO  Progress (1): 4.9/20 MB
2026.03.08 16:00:55 INFO  Progress (1): 4.9/20 MB
2026.03.08 16:00:55 INFO  Progress (1): 5.0/20 MB
2026.03.08 16:00:55 INFO  Progress (1): 5.0/20 MB
2026.03.08 16:00:55 INFO  Progress (1): 5.0/20 MB
2026.03.08 16:00:55 INFO  Progress (1): 5.0/20 MB
2026.03.08 16:00:55 INFO  Progress (1): 5.0/20 MB
2026.03.08 16:00:55 INFO  Progress (1): 5.0/20 MB
2026.03.08 16:00:55 INFO  Progress (1): 5.1/20 MB
2026.03.08 16:00:55 INFO  Progress (1): 5.1/20 MB
2026.03.08 16:00:55 INFO  Progress (1): 5.1/20 MB
2026.03.08 16:00:55 INFO  Progress (1): 5.1/20 MB
2026.03.08 16:00:55 INFO  Progress (1): 5.1/20 MB
2026.03.08 16:00:55 INFO  Progress (1): 5.1/20 MB
2026.03.08 16:00:55 INFO  Progress (1): 5.2/20 MB
2026.03.08 16:00:55 INFO  Progress (1): 5.2/20 MB
2026.03.08 16:00:55 INFO  Progress (1): 5.2/20 MB
2026.03.08 16:00:55 INFO  Progress (1): 5.2/20 MB
2026.03.08 16:00:55 INFO  Progress (1): 5.2/20 MB
2026.03.08 16:00:55 INFO  Progress (1): 5.2/20 MB
2026.03.08 16:00:55 INFO  Progress (1): 5.2/20 MB
2026.03.08 16:00:55 INFO  Progress (1): 5.3/20 MB
2026.03.08 16:00:55 INFO  Progress (1): 5.3/20 MB
2026.03.08 16:00:55 INFO  Progress (1): 5.3/20 MB
2026.03.08 16:00:55 INFO  Progress (1): 5.3/20 MB
2026.03.08 16:00:55 INFO  Progress (1): 5.3/20 MB
2026.03.08 16:00:55 INFO  Progress (1): 5.3/20 MB
2026.03.08 16:00:55 INFO  Progress (1): 5.4/20 MB
2026.03.08 16:00:55 INFO  Progress (1): 5.4/20 MB
2026.03.08 16:00:55 INFO  Progress (1): 5.4/20 MB
2026.03.08 16:00:55 INFO  Progress (1): 5.4/20 MB
2026.03.08 16:00:55 INFO  Progress (1): 5.4/20 MB
2026.03.08 16:00:55 INFO  Progress (1): 5.4/20 MB
2026.03.08 16:00:55 INFO  Progress (1): 5.5/20 MB
2026.03.08 16:00:55 INFO  Progress (1): 5.5/20 MB
2026.03.08 16:00:55 INFO  Progress (1): 5.5/20 MB
2026.03.08 16:00:55 INFO  Progress (1): 5.5/20 MB
2026.03.08 16:00:55 INFO  Progress (1): 5.5/20 MB
2026.03.08 16:00:55 INFO  Progress (1): 5.5/20 MB
2026.03.08 16:00:55 INFO  Progress (1): 5.6/20 MB
2026.03.08 16:00:55 INFO  Progress (1): 5.6/20 MB
2026.03.08 16:00:55 INFO  Progress (1): 5.6/20 MB
2026.03.08 16:00:55 INFO  Progress (1): 5.6/20 MB
2026.03.08 16:00:55 INFO  Progress (1): 5.6/20 MB
2026.03.08 16:00:55 INFO  Progress (1): 5.6/20 MB
2026.03.08 16:00:55 INFO  Progress (1): 5.7/20 MB
2026.03.08 16:00:55 INFO  Progress (1): 5.7/20 MB
2026.03.08 16:00:55 INFO  Progress (1): 5.7/20 MB
2026.03.08 16:00:55 INFO  Progress (1): 5.7/20 MB
2026.03.08 16:00:55 INFO  Progress (1): 5.7/20 MB
2026.03.08 16:00:55 INFO  Progress (1): 5.7/20 MB
2026.03.08 16:00:55 INFO  Progress (1): 5.8/20 MB
2026.03.08 16:00:55 INFO  Progress (1): 5.8/20 MB
2026.03.08 16:00:55 INFO  Progress (1): 5.8/20 MB
2026.03.08 16:00:55 INFO  Progress (1): 5.8/20 MB
2026.03.08 16:00:55 INFO  Progress (1): 5.8/20 MB
2026.03.08 16:00:55 INFO  Progress (1): 5.8/20 MB
2026.03.08 16:00:55 INFO  Progress (1): 5.9/20 MB
2026.03.08 16:00:55 INFO  Progress (1): 5.9/20 MB
2026.03.08 16:00:55 INFO  Progress (1): 5.9/20 MB
2026.03.08 16:00:55 INFO  Progress (1): 5.9/20 MB
2026.03.08 16:00:55 INFO  Progress (1): 5.9/20 MB
2026.03.08 16:00:55 INFO  Progress (1): 5.9/20 MB
2026.03.08 16:00:55 INFO  Progress (1): 5.9/20 MB
2026.03.08 16:00:55 INFO  Progress (1): 6.0/20 MB
2026.03.08 16:00:55 INFO  Progress (1): 6.0/20 MB
2026.03.08 16:00:55 INFO  Progress (1): 6.0/20 MB
2026.03.08 16:00:55 INFO  Progress (1): 6.0/20 MB
2026.03.08 16:00:55 INFO  Progress (1): 6.0/20 MB
2026.03.08 16:00:55 INFO  Progress (1): 6.0/20 MB
2026.03.08 16:00:55 INFO  Progress (1): 6.1/20 MB
2026.03.08 16:00:55 INFO  Progress (1): 6.1/20 MB
2026.03.08 16:00:55 INFO  Progress (1): 6.1/20 MB
2026.03.08 16:00:55 INFO  Progress (1): 6.1/20 MB
2026.03.08 16:00:55 INFO  Progress (1): 6.1/20 MB
2026.03.08 16:00:55 INFO  Progress (1): 6.1/20 MB
2026.03.08 16:00:55 INFO  Progress (1): 6.2/20 MB
2026.03.08 16:00:55 INFO  Progress (1): 6.2/20 MB
2026.03.08 16:00:55 INFO  Progress (1): 6.2/20 MB
2026.03.08 16:00:55 INFO  Progress (1): 6.2/20 MB
2026.03.08 16:00:55 INFO  Progress (1): 6.2/20 MB
2026.03.08 16:00:55 INFO  Progress (1): 6.2/20 MB
2026.03.08 16:00:55 INFO  Progress (1): 6.3/20 MB
2026.03.08 16:00:55 INFO  Progress (1): 6.3/20 MB
2026.03.08 16:00:55 INFO  Progress (1): 6.3/20 MB
2026.03.08 16:00:55 INFO  Progress (1): 6.3/20 MB
2026.03.08 16:00:55 INFO  Progress (1): 6.3/20 MB
2026.03.08 16:00:55 INFO  Progress (1): 6.3/20 MB
2026.03.08 16:00:55 INFO  Progress (1): 6.3/20 MB
2026.03.08 16:00:55 INFO  Progress (1): 6.4/20 MB
2026.03.08 16:00:55 INFO  Progress (1): 6.4/20 MB
2026.03.08 16:00:55 INFO  Progress (1): 6.4/20 MB
2026.03.08 16:00:55 INFO  Progress (1): 6.4/20 MB
2026.03.08 16:00:55 INFO  Progress (1): 6.4/20 MB
2026.03.08 16:00:55 INFO  Progress (1): 6.4/20 MB
2026.03.08 16:00:55 INFO  Progress (1): 6.5/20 MB
2026.03.08 16:00:55 INFO  Progress (1): 6.5/20 MB
2026.03.08 16:00:55 INFO  Progress (1): 6.5/20 MB
2026.03.08 16:00:55 INFO  Progress (1): 6.5/20 MB
2026.03.08 16:00:55 INFO  Progress (1): 6.5/20 MB
2026.03.08 16:00:55 INFO  Progress (1): 6.5/20 MB
2026.03.08 16:00:55 INFO  Progress (1): 6.6/20 MB
2026.03.08 16:00:55 INFO  Progress (1): 6.6/20 MB
2026.03.08 16:00:55 INFO  Progress (1): 6.6/20 MB
2026.03.08 16:00:55 INFO  Progress (1): 6.6/20 MB
2026.03.08 16:00:55 INFO  Progress (1): 6.6/20 MB
2026.03.08 16:00:55 INFO  Progress (1): 6.6/20 MB
2026.03.08 16:00:55 INFO  Progress (1): 6.7/20 MB
2026.03.08 16:00:55 INFO  Progress (1): 6.7/20 MB
2026.03.08 16:00:55 INFO  Progress (1): 6.7/20 MB
2026.03.08 16:00:55 INFO  Progress (1): 6.7/20 MB
2026.03.08 16:00:55 INFO  Progress (1): 6.7/20 MB
2026.03.08 16:00:55 INFO  Progress (1): 6.7/20 MB
2026.03.08 16:00:55 INFO  Progress (1): 6.7/20 MB
2026.03.08 16:00:55 INFO  Progress (1): 6.8/20 MB
2026.03.08 16:00:55 INFO  Progress (1): 6.8/20 MB
2026.03.08 16:00:55 INFO  Progress (1): 6.8/20 MB
2026.03.08 16:00:55 INFO  Progress (1): 6.8/20 MB
2026.03.08 16:00:55 INFO  Progress (1): 6.8/20 MB
2026.03.08 16:00:55 INFO  Progress (1): 6.8/20 MB
2026.03.08 16:00:55 INFO  Progress (1): 6.9/20 MB
2026.03.08 16:00:55 INFO  Progress (1): 6.9/20 MB
2026.03.08 16:00:55 INFO  Progress (1): 6.9/20 MB
2026.03.08 16:00:55 INFO  Progress (1): 6.9/20 MB
2026.03.08 16:00:55 INFO  Progress (1): 6.9/20 MB
2026.03.08 16:00:55 INFO  Progress (1): 6.9/20 MB
2026.03.08 16:00:55 INFO  Progress (1): 7.0/20 MB
2026.03.08 16:00:55 INFO  Progress (1): 7.0/20 MB
2026.03.08 16:00:55 INFO  Progress (1): 7.0/20 MB
2026.03.08 16:00:55 INFO  Progress (1): 7.0/20 MB
2026.03.08 16:00:55 INFO  Progress (1): 7.0/20 MB
2026.03.08 16:00:55 INFO  Progress (1): 7.0/20 MB
2026.03.08 16:00:55 INFO  Progress (1): 7.1/20 MB
2026.03.08 16:00:55 INFO  Progress (1): 7.1/20 MB
2026.03.08 16:00:55 INFO  Progress (1): 7.1/20 MB
2026.03.08 16:00:55 INFO  Progress (1): 7.1/20 MB
2026.03.08 16:00:55 INFO  Progress (1): 7.1/20 MB
2026.03.08 16:00:55 INFO  Progress (1): 7.1/20 MB
2026.03.08 16:00:55 INFO  Progress (1): 7.2/20 MB
2026.03.08 16:00:55 INFO  Progress (1): 7.2/20 MB
2026.03.08 16:00:55 INFO  Progress (1): 7.2/20 MB
2026.03.08 16:00:55 INFO  Progress (1): 7.2/20 MB
2026.03.08 16:00:55 INFO  Progress (1): 7.2/20 MB
2026.03.08 16:00:55 INFO  Progress (1): 7.2/20 MB
2026.03.08 16:00:55 INFO  Progress (1): 7.3/20 MB
2026.03.08 16:00:55 INFO  Progress (1): 7.3/20 MB
2026.03.08 16:00:55 INFO  Progress (1): 7.3/20 MB
2026.03.08 16:00:55 INFO  Progress (1): 7.3/20 MB
2026.03.08 16:00:55 INFO  Progress (1): 7.3/20 MB
2026.03.08 16:00:55 INFO  Progress (1): 7.3/20 MB
2026.03.08 16:00:55 INFO  Progress (1): 7.4/20 MB
2026.03.08 16:00:55 INFO  Progress (1): 7.4/20 MB
2026.03.08 16:00:55 INFO  Progress (1): 7.4/20 MB
2026.03.08 16:00:55 INFO  Progress (1): 7.4/20 MB
2026.03.08 16:00:55 INFO  Progress (1): 7.4/20 MB
2026.03.08 16:00:55 INFO  Progress (1): 7.4/20 MB
2026.03.08 16:00:55 INFO  Progress (1): 7.4/20 MB
2026.03.08 16:00:55 INFO  Progress (1): 7.5/20 MB
2026.03.08 16:00:55 INFO  Progress (1): 7.5/20 MB
2026.03.08 16:00:55 INFO  Progress (1): 7.5/20 MB
2026.03.08 16:00:55 INFO  Progress (1): 7.5/20 MB
2026.03.08 16:00:55 INFO  Progress (1): 7.5/20 MB
2026.03.08 16:00:55 INFO  Progress (1): 7.5/20 MB
2026.03.08 16:00:55 INFO  Progress (1): 7.6/20 MB
2026.03.08 16:00:55 INFO  Progress (1): 7.6/20 MB
2026.03.08 16:00:55 INFO  Progress (1): 7.6/20 MB
2026.03.08 16:00:55 INFO  Progress (1): 7.6/20 MB
2026.03.08 16:00:55 INFO  Progress (1): 7.6/20 MB
2026.03.08 16:00:55 INFO  Progress (1): 7.6/20 MB
2026.03.08 16:00:55 INFO  Progress (1): 7.7/20 MB
2026.03.08 16:00:55 INFO  Progress (1): 7.7/20 MB
2026.03.08 16:00:55 INFO  Progress (1): 7.7/20 MB
2026.03.08 16:00:55 INFO  Progress (1): 7.7/20 MB
2026.03.08 16:00:55 INFO  Progress (1): 7.7/20 MB
2026.03.08 16:00:55 INFO  Progress (1): 7.7/20 MB
2026.03.08 16:00:55 INFO  Progress (1): 7.7/20 MB
2026.03.08 16:00:55 INFO  Progress (1): 7.8/20 MB
2026.03.08 16:00:55 INFO  Progress (1): 7.8/20 MB
2026.03.08 16:00:55 INFO  Progress (1): 7.8/20 MB
2026.03.08 16:00:55 INFO  Progress (1): 7.8/20 MB
2026.03.08 16:00:55 INFO  Progress (1): 7.8/20 MB
2026.03.08 16:00:55 INFO  Progress (1): 7.8/20 MB
2026.03.08 16:00:55 INFO  Progress (1): 7.9/20 MB
2026.03.08 16:00:55 INFO  Progress (1): 7.9/20 MB
2026.03.08 16:00:55 INFO  Progress (1): 7.9/20 MB
2026.03.08 16:00:55 INFO  Progress (1): 7.9/20 MB
2026.03.08 16:00:55 INFO  Progress (1): 7.9/20 MB
2026.03.08 16:00:55 INFO  Progress (1): 7.9/20 MB
2026.03.08 16:00:55 INFO  Progress (1): 8.0/20 MB
2026.03.08 16:00:55 INFO  Progress (1): 8.0/20 MB
2026.03.08 16:00:55 INFO  Progress (1): 8.0/20 MB
2026.03.08 16:00:55 INFO  Progress (1): 8.0/20 MB
2026.03.08 16:00:55 INFO  Progress (1): 8.0/20 MB
2026.03.08 16:00:55 INFO  Progress (1): 8.0/20 MB
2026.03.08 16:00:55 INFO  Progress (1): 8.1/20 MB
2026.03.08 16:00:55 INFO  Progress (1): 8.1/20 MB
2026.03.08 16:00:55 INFO  Progress (1): 8.1/20 MB
2026.03.08 16:00:55 INFO  Progress (1): 8.1/20 MB
2026.03.08 16:00:55 INFO  Progress (1): 8.1/20 MB
2026.03.08 16:00:55 INFO  Progress (1): 8.1/20 MB
2026.03.08 16:00:55 INFO  Progress (1): 8.2/20 MB
2026.03.08 16:00:55 INFO  Progress (1): 8.2/20 MB
2026.03.08 16:00:55 INFO  Progress (1): 8.2/20 MB
2026.03.08 16:00:55 INFO  Progress (1): 8.2/20 MB
2026.03.08 16:00:55 INFO  Progress (1): 8.2/20 MB
2026.03.08 16:00:55 INFO  Progress (1): 8.2/20 MB
2026.03.08 16:00:55 INFO  Progress (1): 8.3/20 MB
2026.03.08 16:00:55 INFO  Progress (1): 8.3/20 MB
2026.03.08 16:00:55 INFO  Progress (1): 8.3/20 MB
2026.03.08 16:00:55 INFO  Progress (1): 8.3/20 MB
2026.03.08 16:00:55 INFO  Progress (1): 8.3/20 MB
2026.03.08 16:00:55 INFO  Progress (1): 8.3/20 MB
2026.03.08 16:00:55 INFO  Progress (1): 8.3/20 MB
2026.03.08 16:00:55 INFO  Progress (1): 8.4/20 MB
2026.03.08 16:00:55 INFO  Progress (1): 8.4/20 MB
2026.03.08 16:00:55 INFO  Progress (1): 8.4/20 MB
2026.03.08 16:00:55 INFO  Progress (1): 8.4/20 MB
2026.03.08 16:00:55 INFO  Progress (1): 8.4/20 MB
2026.03.08 16:00:55 INFO  Progress (1): 8.4/20 MB
2026.03.08 16:00:55 INFO  Progress (1): 8.5/20 MB
2026.03.08 16:00:55 INFO  Progress (1): 8.5/20 MB
2026.03.08 16:00:55 INFO  Progress (1): 8.5/20 MB
2026.03.08 16:00:55 INFO  Progress (1): 8.5/20 MB
2026.03.08 16:00:55 INFO  Progress (1): 8.5/20 MB
2026.03.08 16:00:55 INFO  Progress (1): 8.5/20 MB
2026.03.08 16:00:55 INFO  Progress (1): 8.6/20 MB
2026.03.08 16:00:55 INFO  Progress (1): 8.6/20 MB
2026.03.08 16:00:55 INFO  Progress (1): 8.6/20 MB
2026.03.08 16:00:55 INFO  Progress (1): 8.6/20 MB
2026.03.08 16:00:55 INFO  Progress (1): 8.6/20 MB
2026.03.08 16:00:55 INFO  Progress (1): 8.6/20 MB
2026.03.08 16:00:55 INFO  Progress (1): 8.7/20 MB
2026.03.08 16:00:55 INFO  Progress (1): 8.7/20 MB
2026.03.08 16:00:55 INFO  Progress (1): 8.7/20 MB
2026.03.08 16:00:55 INFO  Progress (1): 8.7/20 MB
2026.03.08 16:00:55 INFO  Progress (1): 8.7/20 MB
2026.03.08 16:00:55 INFO  Progress (1): 8.7/20 MB
2026.03.08 16:00:55 INFO  Progress (1): 8.8/20 MB
2026.03.08 16:00:55 INFO  Progress (1): 8.8/20 MB
2026.03.08 16:00:55 INFO  Progress (1): 8.8/20 MB
2026.03.08 16:00:55 INFO  Progress (1): 8.8/20 MB
2026.03.08 16:00:55 INFO  Progress (1): 8.8/20 MB
2026.03.08 16:00:55 INFO  Progress (1): 8.8/20 MB
2026.03.08 16:00:55 INFO  Progress (1): 8.9/20 MB
2026.03.08 16:00:55 INFO  Progress (1): 8.9/20 MB
2026.03.08 16:00:55 INFO  Progress (1): 8.9/20 MB
2026.03.08 16:00:55 INFO  Progress (1): 8.9/20 MB
2026.03.08 16:00:55 INFO  Progress (1): 8.9/20 MB
2026.03.08 16:00:55 INFO  Progress (1): 8.9/20 MB
2026.03.08 16:00:55 INFO  Progress (1): 9.0/20 MB
2026.03.08 16:00:55 INFO  Progress (1): 9.0/20 MB
2026.03.08 16:00:55 INFO  Progress (1): 9.0/20 MB
2026.03.08 16:00:55 INFO  Progress (1): 9.0/20 MB
2026.03.08 16:00:55 INFO  Progress (1): 9.0/20 MB
2026.03.08 16:00:55 INFO  Progress (1): 9.0/20 MB
2026.03.08 16:00:55 INFO  Progress (1): 9.1/20 MB
2026.03.08 16:00:55 INFO  Progress (1): 9.1/20 MB
2026.03.08 16:00:55 INFO  Progress (1): 9.1/20 MB
2026.03.08 16:00:55 INFO  Progress (1): 9.1/20 MB
2026.03.08 16:00:55 INFO  Progress (1): 9.1/20 MB
2026.03.08 16:00:55 INFO  Progress (1): 9.1/20 MB
2026.03.08 16:00:55 INFO  Progress (1): 9.2/20 MB
2026.03.08 16:00:55 INFO  Progress (1): 9.2/20 MB
2026.03.08 16:00:55 INFO  Progress (1): 9.2/20 MB
2026.03.08 16:00:55 INFO  Progress (1): 9.2/20 MB
2026.03.08 16:00:55 INFO  Progress (1): 9.2/20 MB
2026.03.08 16:00:55 INFO  Progress (1): 9.2/20 MB
2026.03.08 16:00:55 INFO  Progress (1): 9.2/20 MB
2026.03.08 16:00:55 INFO  Progress (1): 9.3/20 MB
2026.03.08 16:00:55 INFO  Progress (1): 9.3/20 MB
2026.03.08 16:00:55 INFO  Progress (1): 9.3/20 MB
2026.03.08 16:00:55 INFO  Progress (1): 9.3/20 MB
2026.03.08 16:00:55 INFO  Progress (1): 9.3/20 MB
2026.03.08 16:00:55 INFO  Progress (1): 9.3/20 MB
2026.03.08 16:00:55 INFO  Progress (1): 9.4/20 MB
2026.03.08 16:00:55 INFO  Progress (1): 9.4/20 MB
2026.03.08 16:00:55 INFO  Progress (1): 9.4/20 MB
2026.03.08 16:00:55 INFO  Progress (1): 9.4/20 MB
2026.03.08 16:00:55 INFO  Progress (1): 9.4/20 MB
2026.03.08 16:00:55 INFO  Progress (1): 9.4/20 MB
2026.03.08 16:00:55 INFO  Progress (1): 9.5/20 MB
2026.03.08 16:00:55 INFO  Progress (1): 9.5/20 MB
2026.03.08 16:00:55 INFO  Progress (1): 9.5/20 MB
2026.03.08 16:00:55 INFO  Progress (1): 9.5/20 MB
2026.03.08 16:00:55 INFO  Progress (1): 9.5/20 MB
2026.03.08 16:00:55 INFO  Progress (1): 9.5/20 MB
2026.03.08 16:00:55 INFO  Progress (1): 9.6/20 MB
2026.03.08 16:00:55 INFO  Progress (1): 9.6/20 MB
2026.03.08 16:00:55 INFO  Progress (1): 9.6/20 MB
2026.03.08 16:00:55 INFO  Progress (1): 9.6/20 MB
2026.03.08 16:00:55 INFO  Progress (1): 9.6/20 MB
2026.03.08 16:00:55 INFO  Progress (1): 9.6/20 MB
2026.03.08 16:00:55 INFO  Progress (1): 9.7/20 MB
2026.03.08 16:00:55 INFO  Progress (1): 9.7/20 MB
2026.03.08 16:00:55 INFO  Progress (1): 9.7/20 MB
2026.03.08 16:00:55 INFO  Progress (1): 9.7/20 MB
2026.03.08 16:00:55 INFO  Progress (1): 9.7/20 MB
2026.03.08 16:00:55 INFO  Progress (1): 9.7/20 MB
2026.03.08 16:00:55 INFO  Progress (1): 9.7/20 MB
2026.03.08 16:00:55 INFO  Progress (1): 9.8/20 MB
2026.03.08 16:00:55 INFO  Progress (1): 9.8/20 MB
2026.03.08 16:00:55 INFO  Progress (1): 9.8/20 MB
2026.03.08 16:00:55 INFO  Progress (1): 9.8/20 MB
2026.03.08 16:00:55 INFO  Progress (1): 9.8/20 MB
2026.03.08 16:00:55 INFO  Progress (1): 9.8/20 MB
2026.03.08 16:00:55 INFO  Progress (1): 9.9/20 MB
2026.03.08 16:00:55 INFO  Progress (1): 9.9/20 MB
2026.03.08 16:00:55 INFO  Progress (1): 9.9/20 MB
2026.03.08 16:00:55 INFO  Progress (1): 9.9/20 MB
2026.03.08 16:00:55 INFO  Progress (1): 9.9/20 MB
2026.03.08 16:00:55 INFO  Progress (1): 9.9/20 MB
2026.03.08 16:00:55 INFO  Progress (1): 10.0/20 MB
2026.03.08 16:00:55 INFO  Progress (1): 10.0/20 MB
2026.03.08 16:00:55 INFO  Progress (1): 10.0/20 MB
2026.03.08 16:00:55 INFO  Progress (1): 10/20 MB  
2026.03.08 16:00:55 INFO  Progress (1): 10/20 MB
2026.03.08 16:00:55 INFO  Progress (1): 10/20 MB
2026.03.08 16:00:55 INFO  Progress (1): 10/20 MB
2026.03.08 16:00:55 INFO  Progress (1): 10/20 MB
2026.03.08 16:00:55 INFO  Progress (1): 10/20 MB
2026.03.08 16:00:55 INFO  Progress (1): 10/20 MB
2026.03.08 16:00:55 INFO  Progress (1): 10/20 MB
2026.03.08 16:00:55 INFO  Progress (1): 10/20 MB
2026.03.08 16:00:55 INFO  Progress (1): 10/20 MB
2026.03.08 16:00:55 INFO  Progress (1): 10/20 MB
2026.03.08 16:00:55 INFO  Progress (1): 10/20 MB
2026.03.08 16:00:55 INFO  Progress (1): 10/20 MB
2026.03.08 16:00:55 INFO  Progress (1): 10/20 MB
2026.03.08 16:00:55 INFO  Progress (1): 10/20 MB
2026.03.08 16:00:55 INFO  Progress (1): 10/20 MB
2026.03.08 16:00:55 INFO  Progress (1): 10/20 MB
2026.03.08 16:00:55 INFO  Progress (1): 10/20 MB
2026.03.08 16:00:55 INFO  Progress (1): 10/20 MB
2026.03.08 16:00:55 INFO  Progress (1): 10/20 MB
2026.03.08 16:00:55 INFO  Progress (1): 10/20 MB
2026.03.08 16:00:55 INFO  Progress (1): 10/20 MB
2026.03.08 16:00:55 INFO  Progress (1): 10/20 MB
2026.03.08 16:00:55 INFO  Progress (1): 10/20 MB
2026.03.08 16:00:55 INFO  Progress (1): 10/20 MB
2026.03.08 16:00:55 INFO  Progress (1): 10/20 MB
2026.03.08 16:00:55 INFO  Progress (1): 10/20 MB
2026.03.08 16:00:55 INFO  Progress (1): 10/20 MB
2026.03.08 16:00:55 INFO  Progress (1): 10/20 MB
2026.03.08 16:00:55 INFO  Progress (1): 10/20 MB
2026.03.08 16:00:55 INFO  Progress (1): 10/20 MB
2026.03.08 16:00:55 INFO  Progress (1): 11/20 MB
2026.03.08 16:00:55 INFO  Progress (1): 11/20 MB
2026.03.08 16:00:55 INFO  Progress (1): 11/20 MB
2026.03.08 16:00:55 INFO  Progress (1): 11/20 MB
2026.03.08 16:00:55 INFO  Progress (1): 11/20 MB
2026.03.08 16:00:55 INFO  Progress (1): 11/20 MB
2026.03.08 16:00:55 INFO  Progress (1): 11/20 MB
2026.03.08 16:00:55 INFO  Progress (1): 11/20 MB
2026.03.08 16:00:55 INFO  Progress (1): 11/20 MB
2026.03.08 16:00:55 INFO  Progress (1): 11/20 MB
2026.03.08 16:00:55 INFO  Progress (1): 11/20 MB
2026.03.08 16:00:55 INFO  Progress (1): 11/20 MB
2026.03.08 16:00:55 INFO  Progress (1): 11/20 MB
2026.03.08 16:00:55 INFO  Progress (1): 11/20 MB
2026.03.08 16:00:55 INFO  Progress (1): 11/20 MB
2026.03.08 16:00:55 INFO  Progress (1): 11/20 MB
2026.03.08 16:00:55 INFO  Progress (1): 11/20 MB
2026.03.08 16:00:55 INFO  Progress (1): 11/20 MB
2026.03.08 16:00:55 INFO  Progress (1): 11/20 MB
2026.03.08 16:00:55 INFO  Progress (1): 11/20 MB
2026.03.08 16:00:55 INFO  Progress (1): 11/20 MB
2026.03.08 16:00:55 INFO  Progress (1): 11/20 MB
2026.03.08 16:00:55 INFO  Progress (1): 11/20 MB
2026.03.08 16:00:55 INFO  Progress (1): 11/20 MB
2026.03.08 16:00:55 INFO  Progress (1): 11/20 MB
2026.03.08 16:00:55 INFO  Progress (1): 11/20 MB
2026.03.08 16:00:55 INFO  Progress (1): 11/20 MB
2026.03.08 16:00:55 INFO  Progress (1): 11/20 MB
2026.03.08 16:00:55 INFO  Progress (1): 11/20 MB
2026.03.08 16:00:55 INFO  Progress (1): 11/20 MB
2026.03.08 16:00:55 INFO  Progress (1): 11/20 MB
2026.03.08 16:00:55 INFO  Progress (1): 11/20 MB
2026.03.08 16:00:55 INFO  Progress (1): 11/20 MB
2026.03.08 16:00:55 INFO  Progress (1): 11/20 MB
2026.03.08 16:00:55 INFO  Progress (1): 11/20 MB
2026.03.08 16:00:55 INFO  Progress (1): 11/20 MB
2026.03.08 16:00:55 INFO  Progress (1): 11/20 MB
2026.03.08 16:00:55 INFO  Progress (1): 11/20 MB
2026.03.08 16:00:55 INFO  Progress (1): 11/20 MB
2026.03.08 16:00:55 INFO  Progress (1): 11/20 MB
2026.03.08 16:00:55 INFO  Progress (1): 11/20 MB
2026.03.08 16:00:55 INFO  Progress (1): 11/20 MB
2026.03.08 16:00:55 INFO  Progress (1): 11/20 MB
2026.03.08 16:00:55 INFO  Progress (1): 11/20 MB
2026.03.08 16:00:55 INFO  Progress (1): 11/20 MB
2026.03.08 16:00:55 INFO  Progress (1): 11/20 MB
2026.03.08 16:00:55 INFO  Progress (1): 11/20 MB
2026.03.08 16:00:55 INFO  Progress (1): 11/20 MB
2026.03.08 16:00:55 INFO  Progress (1): 11/20 MB
2026.03.08 16:00:55 INFO  Progress (1): 11/20 MB
2026.03.08 16:00:55 INFO  Progress (1): 11/20 MB
2026.03.08 16:00:55 INFO  Progress (1): 11/20 MB
2026.03.08 16:00:55 INFO  Progress (1): 11/20 MB
2026.03.08 16:00:55 INFO  Progress (1): 11/20 MB
2026.03.08 16:00:55 INFO  Progress (1): 11/20 MB
2026.03.08 16:00:55 INFO  Progress (1): 11/20 MB
2026.03.08 16:00:55 INFO  Progress (1): 11/20 MB
2026.03.08 16:00:55 INFO  Progress (1): 11/20 MB
2026.03.08 16:00:55 INFO  Progress (1): 11/20 MB
2026.03.08 16:00:55 INFO  Progress (1): 11/20 MB
2026.03.08 16:00:55 INFO  Progress (1): 11/20 MB
2026.03.08 16:00:55 INFO  Progress (1): 12/20 MB
2026.03.08 16:00:55 INFO  Progress (1): 12/20 MB
2026.03.08 16:00:55 INFO  Progress (1): 12/20 MB
2026.03.08 16:00:55 INFO  Progress (1): 12/20 MB
2026.03.08 16:00:55 INFO  Progress (1): 12/20 MB
2026.03.08 16:00:55 INFO  Progress (1): 12/20 MB
2026.03.08 16:00:55 INFO  Progress (1): 12/20 MB
2026.03.08 16:00:55 INFO  Progress (1): 12/20 MB
2026.03.08 16:00:55 INFO  Progress (1): 12/20 MB
2026.03.08 16:00:55 INFO  Progress (1): 12/20 MB
2026.03.08 16:00:55 INFO  Progress (1): 12/20 MB
2026.03.08 16:00:55 INFO  Progress (1): 12/20 MB
2026.03.08 16:00:55 INFO  Progress (1): 12/20 MB
2026.03.08 16:00:55 INFO  Progress (1): 12/20 MB
2026.03.08 16:00:55 INFO  Progress (1): 12/20 MB
2026.03.08 16:00:55 INFO  Progress (1): 12/20 MB
2026.03.08 16:00:55 INFO  Progress (1): 12/20 MB
2026.03.08 16:00:55 INFO  Progress (1): 12/20 MB
2026.03.08 16:00:55 INFO  Progress (1): 12/20 MB
2026.03.08 16:00:55 INFO  Progress (1): 12/20 MB
2026.03.08 16:00:55 INFO  Progress (1): 12/20 MB
2026.03.08 16:00:55 INFO  Progress (1): 12/20 MB
2026.03.08 16:00:55 INFO  Progress (1): 12/20 MB
2026.03.08 16:00:55 INFO  Progress (1): 12/20 MB
2026.03.08 16:00:55 INFO  Progress (1): 12/20 MB
2026.03.08 16:00:55 INFO  Progress (1): 12/20 MB
2026.03.08 16:00:55 INFO  Progress (1): 12/20 MB
2026.03.08 16:00:55 INFO  Progress (1): 12/20 MB
2026.03.08 16:00:55 INFO  Progress (1): 12/20 MB
2026.03.08 16:00:55 INFO  Progress (1): 12/20 MB
2026.03.08 16:00:55 INFO  Progress (1): 12/20 MB
2026.03.08 16:00:55 INFO  Progress (1): 12/20 MB
2026.03.08 16:00:55 INFO  Progress (1): 12/20 MB
2026.03.08 16:00:55 INFO  Progress (1): 12/20 MB
2026.03.08 16:00:55 INFO  Progress (1): 12/20 MB
2026.03.08 16:00:55 INFO  Progress (1): 12/20 MB
2026.03.08 16:00:55 INFO  Progress (1): 12/20 MB
2026.03.08 16:00:55 INFO  Progress (1): 12/20 MB
2026.03.08 16:00:55 INFO  Progress (1): 12/20 MB
2026.03.08 16:00:55 INFO  Progress (1): 12/20 MB
2026.03.08 16:00:55 INFO  Progress (1): 12/20 MB
2026.03.08 16:00:55 INFO  Progress (1): 12/20 MB
2026.03.08 16:00:55 INFO  Progress (1): 12/20 MB
2026.03.08 16:00:55 INFO  Progress (1): 12/20 MB
2026.03.08 16:00:55 INFO  Progress (1): 12/20 MB
2026.03.08 16:00:55 INFO  Progress (1): 12/20 MB
2026.03.08 16:00:55 INFO  Progress (1): 12/20 MB
2026.03.08 16:00:55 INFO  Progress (1): 12/20 MB
2026.03.08 16:00:55 INFO  Progress (1): 12/20 MB
2026.03.08 16:00:55 INFO  Progress (1): 12/20 MB
2026.03.08 16:00:55 INFO  Progress (1): 12/20 MB
2026.03.08 16:00:55 INFO  Progress (1): 12/20 MB
2026.03.08 16:00:55 INFO  Progress (1): 12/20 MB
2026.03.08 16:00:55 INFO  Progress (1): 12/20 MB
2026.03.08 16:00:55 INFO  Progress (1): 12/20 MB
2026.03.08 16:00:55 INFO  Progress (1): 12/20 MB
2026.03.08 16:00:55 INFO  Progress (1): 12/20 MB
2026.03.08 16:00:55 INFO  Progress (1): 12/20 MB
2026.03.08 16:00:55 INFO  Progress (1): 12/20 MB
2026.03.08 16:00:55 INFO  Progress (1): 12/20 MB
2026.03.08 16:00:55 INFO  Progress (1): 12/20 MB
2026.03.08 16:00:55 INFO  Progress (1): 12/20 MB
2026.03.08 16:00:55 INFO  Progress (1): 13/20 MB
2026.03.08 16:00:55 INFO  Progress (1): 13/20 MB
2026.03.08 16:00:55 INFO  Progress (1): 13/20 MB
2026.03.08 16:00:55 INFO  Progress (1): 13/20 MB
2026.03.08 16:00:55 INFO  Progress (1): 13/20 MB
2026.03.08 16:00:55 INFO  Progress (1): 13/20 MB
2026.03.08 16:00:55 INFO  Progress (1): 13/20 MB
2026.03.08 16:00:55 INFO  Progress (1): 13/20 MB
2026.03.08 16:00:55 INFO  Progress (1): 13/20 MB
2026.03.08 16:00:55 INFO  Progress (1): 13/20 MB
2026.03.08 16:00:55 INFO  Progress (1): 13/20 MB
2026.03.08 16:00:55 INFO  Progress (1): 13/20 MB
2026.03.08 16:00:55 INFO  Progress (1): 13/20 MB
2026.03.08 16:00:55 INFO  Progress (1): 13/20 MB
2026.03.08 16:00:55 INFO  Progress (1): 13/20 MB
2026.03.08 16:00:55 INFO  Progress (1): 13/20 MB
2026.03.08 16:00:55 INFO  Progress (1): 13/20 MB
2026.03.08 16:00:55 INFO  Progress (1): 13/20 MB
2026.03.08 16:00:55 INFO  Progress (1): 13/20 MB
2026.03.08 16:00:55 INFO  Progress (1): 13/20 MB
2026.03.08 16:00:55 INFO  Progress (1): 13/20 MB
2026.03.08 16:00:55 INFO  Progress (1): 13/20 MB
2026.03.08 16:00:55 INFO  Progress (1): 13/20 MB
2026.03.08 16:00:55 INFO  Progress (1): 13/20 MB
2026.03.08 16:00:55 INFO  Progress (1): 13/20 MB
2026.03.08 16:00:55 INFO  Progress (1): 13/20 MB
2026.03.08 16:00:55 INFO  Progress (1): 13/20 MB
2026.03.08 16:00:55 INFO  Progress (1): 13/20 MB
2026.03.08 16:00:55 INFO  Progress (1): 13/20 MB
2026.03.08 16:00:55 INFO  Progress (1): 13/20 MB
2026.03.08 16:00:55 INFO  Progress (1): 13/20 MB
2026.03.08 16:00:55 INFO  Progress (1): 13/20 MB
2026.03.08 16:00:55 INFO  Progress (1): 13/20 MB
2026.03.08 16:00:55 INFO  Progress (1): 13/20 MB
2026.03.08 16:00:55 INFO  Progress (1): 13/20 MB
2026.03.08 16:00:55 INFO  Progress (1): 13/20 MB
2026.03.08 16:00:55 INFO  Progress (1): 13/20 MB
2026.03.08 16:00:55 INFO  Progress (1): 13/20 MB
2026.03.08 16:00:55 INFO  Progress (1): 13/20 MB
2026.03.08 16:00:55 INFO  Progress (1): 13/20 MB
2026.03.08 16:00:55 INFO  Progress (1): 13/20 MB
2026.03.08 16:00:55 INFO  Progress (1): 13/20 MB
2026.03.08 16:00:55 INFO  Progress (1): 13/20 MB
2026.03.08 16:00:55 INFO  Progress (1): 13/20 MB
2026.03.08 16:00:55 INFO  Progress (1): 13/20 MB
2026.03.08 16:00:55 INFO  Progress (1): 13/20 MB
2026.03.08 16:00:55 INFO  Progress (1): 13/20 MB
2026.03.08 16:00:55 INFO  Progress (1): 13/20 MB
2026.03.08 16:00:55 INFO  Progress (1): 13/20 MB
2026.03.08 16:00:55 INFO  Progress (1): 13/20 MB
2026.03.08 16:00:55 INFO  Progress (1): 13/20 MB
2026.03.08 16:00:55 INFO  Progress (1): 13/20 MB
2026.03.08 16:00:55 INFO  Progress (1): 13/20 MB
2026.03.08 16:00:55 INFO  Progress (1): 13/20 MB
2026.03.08 16:00:55 INFO  Progress (1): 13/20 MB
2026.03.08 16:00:55 INFO  Progress (1): 13/20 MB
2026.03.08 16:00:55 INFO  Progress (1): 13/20 MB
2026.03.08 16:00:55 INFO  Progress (1): 13/20 MB
2026.03.08 16:00:55 INFO  Progress (1): 13/20 MB
2026.03.08 16:00:55 INFO  Progress (1): 13/20 MB
2026.03.08 16:00:55 INFO  Progress (1): 13/20 MB
2026.03.08 16:00:55 INFO  Progress (1): 13/20 MB
2026.03.08 16:00:55 INFO  Progress (1): 14/20 MB
2026.03.08 16:00:55 INFO  Progress (1): 14/20 MB
2026.03.08 16:00:55 INFO  Progress (1): 14/20 MB
2026.03.08 16:00:55 INFO  Progress (1): 14/20 MB
2026.03.08 16:00:55 INFO  Progress (1): 14/20 MB
2026.03.08 16:00:55 INFO  Progress (1): 14/20 MB
2026.03.08 16:00:55 INFO  Progress (1): 14/20 MB
2026.03.08 16:00:55 INFO  Progress (1): 14/20 MB
2026.03.08 16:00:55 INFO  Progress (1): 14/20 MB
2026.03.08 16:00:55 INFO  Progress (1): 14/20 MB
2026.03.08 16:00:55 INFO  Progress (1): 14/20 MB
2026.03.08 16:00:55 INFO  Progress (1): 14/20 MB
2026.03.08 16:00:55 INFO  Progress (1): 14/20 MB
2026.03.08 16:00:55 INFO  Progress (1): 14/20 MB
2026.03.08 16:00:55 INFO  Progress (1): 14/20 MB
2026.03.08 16:00:55 INFO  Progress (1): 14/20 MB
2026.03.08 16:00:55 INFO  Progress (1): 14/20 MB
2026.03.08 16:00:55 INFO  Progress (1): 14/20 MB
2026.03.08 16:00:55 INFO  Progress (1): 14/20 MB
2026.03.08 16:00:55 INFO  Progress (1): 14/20 MB
2026.03.08 16:00:55 INFO  Progress (1): 14/20 MB
2026.03.08 16:00:55 INFO  Progress (1): 14/20 MB
2026.03.08 16:00:55 INFO  Progress (1): 14/20 MB
2026.03.08 16:00:55 INFO  Progress (1): 14/20 MB
2026.03.08 16:00:55 INFO  Progress (1): 14/20 MB
2026.03.08 16:00:55 INFO  Progress (1): 14/20 MB
2026.03.08 16:00:55 INFO  Progress (1): 14/20 MB
2026.03.08 16:00:55 INFO  Progress (1): 14/20 MB
2026.03.08 16:00:55 INFO  Progress (1): 14/20 MB
2026.03.08 16:00:55 INFO  Progress (1): 14/20 MB
2026.03.08 16:00:55 INFO  Progress (1): 14/20 MB
2026.03.08 16:00:55 INFO  Progress (1): 14/20 MB
2026.03.08 16:00:55 INFO  Progress (1): 14/20 MB
2026.03.08 16:00:55 INFO  Progress (1): 14/20 MB
2026.03.08 16:00:55 INFO  Progress (1): 14/20 MB
2026.03.08 16:00:55 INFO  Progress (1): 14/20 MB
2026.03.08 16:00:55 INFO  Progress (1): 14/20 MB
2026.03.08 16:00:55 INFO  Progress (1): 14/20 MB
2026.03.08 16:00:55 INFO  Progress (1): 14/20 MB
2026.03.08 16:00:55 INFO  Progress (1): 14/20 MB
2026.03.08 16:00:55 INFO  Progress (1): 14/20 MB
2026.03.08 16:00:55 INFO  Progress (1): 14/20 MB
2026.03.08 16:00:55 INFO  Progress (1): 14/20 MB
2026.03.08 16:00:55 INFO  Progress (1): 14/20 MB
2026.03.08 16:00:55 INFO  Progress (1): 14/20 MB
2026.03.08 16:00:55 INFO  Progress (1): 14/20 MB
2026.03.08 16:00:55 INFO  Progress (1): 14/20 MB
2026.03.08 16:00:55 INFO  Progress (1): 14/20 MB
2026.03.08 16:00:55 INFO  Progress (1): 14/20 MB
2026.03.08 16:00:55 INFO  Progress (1): 14/20 MB
2026.03.08 16:00:55 INFO  Progress (1): 14/20 MB
2026.03.08 16:00:55 INFO  Progress (1): 14/20 MB
2026.03.08 16:00:55 INFO  Progress (1): 14/20 MB
2026.03.08 16:00:55 INFO  Progress (1): 14/20 MB
2026.03.08 16:00:55 INFO  Progress (1): 14/20 MB
2026.03.08 16:00:55 INFO  Progress (1): 14/20 MB
2026.03.08 16:00:55 INFO  Progress (1): 14/20 MB
2026.03.08 16:00:55 INFO  Progress (1): 14/20 MB
2026.03.08 16:00:55 INFO  Progress (1): 14/20 MB
2026.03.08 16:00:55 INFO  Progress (1): 14/20 MB
2026.03.08 16:00:55 INFO  Progress (1): 14/20 MB
2026.03.08 16:00:55 INFO  Progress (1): 14/20 MB
2026.03.08 16:00:55 INFO  Progress (1): 15/20 MB
2026.03.08 16:00:55 INFO  Progress (1): 15/20 MB
2026.03.08 16:00:55 INFO  Progress (1): 15/20 MB
2026.03.08 16:00:55 INFO  Progress (1): 15/20 MB
2026.03.08 16:00:55 INFO  Progress (1): 15/20 MB
2026.03.08 16:00:55 INFO  Progress (1): 15/20 MB
2026.03.08 16:00:55 INFO  Progress (1): 15/20 MB
2026.03.08 16:00:55 INFO  Progress (1): 15/20 MB
2026.03.08 16:00:55 INFO  Progress (1): 15/20 MB
2026.03.08 16:00:55 INFO  Progress (1): 15/20 MB
2026.03.08 16:00:55 INFO  Progress (1): 15/20 MB
2026.03.08 16:00:55 INFO  Progress (1): 15/20 MB
2026.03.08 16:00:55 INFO  Progress (1): 15/20 MB
2026.03.08 16:00:55 INFO  Progress (1): 15/20 MB
2026.03.08 16:00:55 INFO  Progress (1): 15/20 MB
2026.03.08 16:00:55 INFO  Progress (1): 15/20 MB
2026.03.08 16:00:55 INFO  Progress (1): 15/20 MB
2026.03.08 16:00:55 INFO  Progress (1): 15/20 MB
2026.03.08 16:00:55 INFO  Progress (1): 15/20 MB
2026.03.08 16:00:55 INFO  Progress (1): 15/20 MB
2026.03.08 16:00:55 INFO  Progress (1): 15/20 MB
2026.03.08 16:00:55 INFO  Progress (1): 15/20 MB
2026.03.08 16:00:55 INFO  Progress (1): 15/20 MB
2026.03.08 16:00:55 INFO  Progress (1): 15/20 MB
2026.03.08 16:00:55 INFO  Progress (1): 15/20 MB
2026.03.08 16:00:55 INFO  Progress (1): 15/20 MB
2026.03.08 16:00:55 INFO  Progress (1): 15/20 MB
2026.03.08 16:00:55 INFO  Progress (1): 15/20 MB
2026.03.08 16:00:55 INFO  Progress (1): 15/20 MB
2026.03.08 16:00:55 INFO  Progress (1): 15/20 MB
2026.03.08 16:00:55 INFO  Progress (1): 15/20 MB
2026.03.08 16:00:55 INFO  Progress (1): 15/20 MB
2026.03.08 16:00:55 INFO  Progress (1): 15/20 MB
2026.03.08 16:00:55 INFO  Progress (1): 15/20 MB
2026.03.08 16:00:55 INFO  Progress (1): 15/20 MB
2026.03.08 16:00:55 INFO  Progress (1): 15/20 MB
2026.03.08 16:00:55 INFO  Progress (1): 15/20 MB
2026.03.08 16:00:55 INFO  Progress (1): 15/20 MB
2026.03.08 16:00:55 INFO  Progress (1): 15/20 MB
2026.03.08 16:00:55 INFO  Progress (1): 15/20 MB
2026.03.08 16:00:55 INFO  Progress (1): 15/20 MB
2026.03.08 16:00:55 INFO  Progress (1): 15/20 MB
2026.03.08 16:00:55 INFO  Progress (1): 15/20 MB
2026.03.08 16:00:55 INFO  Progress (1): 15/20 MB
2026.03.08 16:00:55 INFO  Progress (1): 15/20 MB
2026.03.08 16:00:55 INFO  Progress (1): 15/20 MB
2026.03.08 16:00:55 INFO  Progress (1): 15/20 MB
2026.03.08 16:00:55 INFO  Progress (1): 15/20 MB
2026.03.08 16:00:55 INFO  Progress (1): 15/20 MB
2026.03.08 16:00:55 INFO  Progress (1): 15/20 MB
2026.03.08 16:00:55 INFO  Progress (1): 15/20 MB
2026.03.08 16:00:55 INFO  Progress (1): 15/20 MB
2026.03.08 16:00:55 INFO  Progress (1): 15/20 MB
2026.03.08 16:00:55 INFO  Progress (1): 15/20 MB
2026.03.08 16:00:55 INFO  Progress (1): 15/20 MB
2026.03.08 16:00:55 INFO  Progress (1): 15/20 MB
2026.03.08 16:00:55 INFO  Progress (1): 15/20 MB
2026.03.08 16:00:55 INFO  Progress (1): 15/20 MB
2026.03.08 16:00:55 INFO  Progress (1): 15/20 MB
2026.03.08 16:00:55 INFO  Progress (1): 15/20 MB
2026.03.08 16:00:55 INFO  Progress (1): 15/20 MB
2026.03.08 16:00:55 INFO  Progress (1): 16/20 MB
2026.03.08 16:00:55 INFO  Progress (1): 16/20 MB
2026.03.08 16:00:55 INFO  Progress (1): 16/20 MB
2026.03.08 16:00:55 INFO  Progress (1): 16/20 MB
2026.03.08 16:00:55 INFO  Progress (1): 16/20 MB
2026.03.08 16:00:55 INFO  Progress (1): 16/20 MB
2026.03.08 16:00:55 INFO  Progress (1): 16/20 MB
2026.03.08 16:00:55 INFO  Progress (1): 16/20 MB
2026.03.08 16:00:55 INFO  Progress (1): 16/20 MB
2026.03.08 16:00:55 INFO  Progress (1): 16/20 MB
2026.03.08 16:00:55 INFO  Progress (1): 16/20 MB
2026.03.08 16:00:55 INFO  Progress (1): 16/20 MB
2026.03.08 16:00:55 INFO  Progress (1): 16/20 MB
2026.03.08 16:00:55 INFO  Progress (1): 16/20 MB
2026.03.08 16:00:55 INFO  Progress (1): 16/20 MB
2026.03.08 16:00:55 INFO  Progress (1): 16/20 MB
2026.03.08 16:00:55 INFO  Progress (1): 16/20 MB
2026.03.08 16:00:55 INFO  Progress (1): 16/20 MB
2026.03.08 16:00:55 INFO  Progress (1): 16/20 MB
2026.03.08 16:00:55 INFO  Progress (1): 16/20 MB
2026.03.08 16:00:55 INFO  Progress (1): 16/20 MB
2026.03.08 16:00:55 INFO  Progress (1): 16/20 MB
2026.03.08 16:00:55 INFO  Progress (1): 16/20 MB
2026.03.08 16:00:55 INFO  Progress (1): 16/20 MB
2026.03.08 16:00:55 INFO  Progress (1): 16/20 MB
2026.03.08 16:00:55 INFO  Progress (1): 16/20 MB
2026.03.08 16:00:55 INFO  Progress (1): 16/20 MB
2026.03.08 16:00:55 INFO  Progress (1): 16/20 MB
2026.03.08 16:00:55 INFO  Progress (1): 16/20 MB
2026.03.08 16:00:55 INFO  Progress (1): 16/20 MB
2026.03.08 16:00:55 INFO  Progress (1): 16/20 MB
2026.03.08 16:00:55 INFO  Progress (1): 16/20 MB
2026.03.08 16:00:55 INFO  Progress (1): 16/20 MB
2026.03.08 16:00:55 INFO  Progress (1): 16/20 MB
2026.03.08 16:00:55 INFO  Progress (1): 16/20 MB
2026.03.08 16:00:55 INFO  Progress (1): 16/20 MB
2026.03.08 16:00:55 INFO  Progress (1): 16/20 MB
2026.03.08 16:00:55 INFO  Progress (1): 16/20 MB
2026.03.08 16:00:55 INFO  Progress (1): 16/20 MB
2026.03.08 16:00:55 INFO  Progress (1): 16/20 MB
2026.03.08 16:00:55 INFO  Progress (1): 16/20 MB
2026.03.08 16:00:55 INFO  Progress (1): 16/20 MB
2026.03.08 16:00:55 INFO  Progress (1): 16/20 MB
2026.03.08 16:00:55 INFO  Progress (1): 16/20 MB
2026.03.08 16:00:55 INFO  Progress (1): 16/20 MB
2026.03.08 16:00:55 INFO  Progress (1): 16/20 MB
2026.03.08 16:00:55 INFO  Progress (1): 16/20 MB
2026.03.08 16:00:55 INFO  Progress (1): 16/20 MB
2026.03.08 16:00:55 INFO  Progress (1): 16/20 MB
2026.03.08 16:00:55 INFO  Progress (1): 16/20 MB
2026.03.08 16:00:55 INFO  Progress (1): 16/20 MB
2026.03.08 16:00:55 INFO  Progress (1): 16/20 MB
2026.03.08 16:00:55 INFO  Progress (1): 16/20 MB
2026.03.08 16:00:55 INFO  Progress (1): 16/20 MB
2026.03.08 16:00:55 INFO  Progress (1): 16/20 MB
2026.03.08 16:00:55 INFO  Progress (1): 16/20 MB
2026.03.08 16:00:55 INFO  Progress (1): 16/20 MB
2026.03.08 16:00:55 INFO  Progress (1): 16/20 MB
2026.03.08 16:00:55 INFO  Progress (1): 16/20 MB
2026.03.08 16:00:55 INFO  Progress (1): 16/20 MB
2026.03.08 16:00:55 INFO  Progress (1): 16/20 MB
2026.03.08 16:00:55 INFO  Progress (1): 16/20 MB
2026.03.08 16:00:55 INFO  Progress (1): 17/20 MB
2026.03.08 16:00:55 INFO  Progress (1): 17/20 MB
2026.03.08 16:00:55 INFO  Progress (1): 17/20 MB
2026.03.08 16:00:55 INFO  Progress (1): 17/20 MB
2026.03.08 16:00:55 INFO  Progress (1): 17/20 MB
2026.03.08 16:00:55 INFO  Progress (1): 17/20 MB
2026.03.08 16:00:55 INFO  Progress (1): 17/20 MB
2026.03.08 16:00:55 INFO  Progress (1): 17/20 MB
2026.03.08 16:00:55 INFO  Progress (1): 17/20 MB
2026.03.08 16:00:55 INFO  Progress (1): 17/20 MB
2026.03.08 16:00:55 INFO  Progress (1): 17/20 MB
2026.03.08 16:00:55 INFO  Progress (1): 17/20 MB
2026.03.08 16:00:55 INFO  Progress (1): 17/20 MB
2026.03.08 16:00:55 INFO  Progress (1): 17/20 MB
2026.03.08 16:00:55 INFO  Progress (1): 17/20 MB
2026.03.08 16:00:55 INFO  Progress (1): 17/20 MB
2026.03.08 16:00:55 INFO  Progress (1): 17/20 MB
2026.03.08 16:00:55 INFO  Progress (1): 17/20 MB
2026.03.08 16:00:55 INFO  Progress (1): 17/20 MB
2026.03.08 16:00:55 INFO  Progress (1): 17/20 MB
2026.03.08 16:00:55 INFO  Progress (1): 17/20 MB
2026.03.08 16:00:55 INFO  Progress (1): 17/20 MB
2026.03.08 16:00:55 INFO  Progress (1): 17/20 MB
2026.03.08 16:00:55 INFO  Progress (1): 17/20 MB
2026.03.08 16:00:55 INFO  Progress (1): 17/20 MB
2026.03.08 16:00:55 INFO  Progress (1): 17/20 MB
2026.03.08 16:00:55 INFO  Progress (1): 17/20 MB
2026.03.08 16:00:55 INFO  Progress (1): 17/20 MB
2026.03.08 16:00:55 INFO  Progress (1): 17/20 MB
2026.03.08 16:00:55 INFO  Progress (1): 17/20 MB
2026.03.08 16:00:55 INFO  Progress (1): 17/20 MB
2026.03.08 16:00:55 INFO  Progress (1): 17/20 MB
2026.03.08 16:00:55 INFO  Progress (1): 17/20 MB
2026.03.08 16:00:55 INFO  Progress (1): 17/20 MB
2026.03.08 16:00:55 INFO  Progress (1): 17/20 MB
2026.03.08 16:00:55 INFO  Progress (1): 17/20 MB
2026.03.08 16:00:55 INFO  Progress (1): 17/20 MB
2026.03.08 16:00:55 INFO  Progress (1): 17/20 MB
2026.03.08 16:00:55 INFO  Progress (1): 17/20 MB
2026.03.08 16:00:55 INFO  Progress (1): 17/20 MB
2026.03.08 16:00:55 INFO  Progress (1): 17/20 MB
2026.03.08 16:00:55 INFO  Progress (1): 17/20 MB
2026.03.08 16:00:55 INFO  Progress (1): 17/20 MB
2026.03.08 16:00:55 INFO  Progress (1): 17/20 MB
2026.03.08 16:00:55 INFO  Progress (1): 17/20 MB
2026.03.08 16:00:55 INFO  Progress (1): 17/20 MB
2026.03.08 16:00:55 INFO  Progress (1): 17/20 MB
2026.03.08 16:00:55 INFO  Progress (1): 17/20 MB
2026.03.08 16:00:55 INFO  Progress (1): 17/20 MB
2026.03.08 16:00:55 INFO  Progress (1): 17/20 MB
2026.03.08 16:00:55 INFO  Progress (1): 17/20 MB
2026.03.08 16:00:55 INFO  Progress (1): 17/20 MB
2026.03.08 16:00:55 INFO  Progress (1): 17/20 MB
2026.03.08 16:00:55 INFO  Progress (1): 17/20 MB
2026.03.08 16:00:55 INFO  Progress (1): 17/20 MB
2026.03.08 16:00:55 INFO  Progress (1): 17/20 MB
2026.03.08 16:00:55 INFO  Progress (1): 17/20 MB
2026.03.08 16:00:55 INFO  Progress (1): 17/20 MB
2026.03.08 16:00:55 INFO  Progress (1): 17/20 MB
2026.03.08 16:00:55 INFO  Progress (1): 17/20 MB
2026.03.08 16:00:55 INFO  Progress (1): 17/20 MB
2026.03.08 16:00:55 INFO  Progress (1): 17/20 MB
2026.03.08 16:00:55 INFO  Progress (1): 17/20 MB
2026.03.08 16:00:55 INFO  Progress (1): 18/20 MB
2026.03.08 16:00:55 INFO  Progress (1): 18/20 MB
2026.03.08 16:00:55 INFO  Progress (1): 18/20 MB
2026.03.08 16:00:55 INFO  Progress (1): 18/20 MB
2026.03.08 16:00:55 INFO  Progress (1): 18/20 MB
2026.03.08 16:00:55 INFO  Progress (1): 18/20 MB
2026.03.08 16:00:55 INFO  Progress (1): 18/20 MB
2026.03.08 16:00:55 INFO  Progress (1): 18/20 MB
2026.03.08 16:00:55 INFO  Progress (1): 18/20 MB
2026.03.08 16:00:55 INFO  Progress (1): 18/20 MB
2026.03.08 16:00:55 INFO  Progress (1): 18/20 MB
2026.03.08 16:00:55 INFO  Progress (1): 18/20 MB
2026.03.08 16:00:55 INFO  Progress (1): 18/20 MB
2026.03.08 16:00:55 INFO  Progress (1): 18/20 MB
2026.03.08 16:00:55 INFO  Progress (1): 18/20 MB
2026.03.08 16:00:55 INFO  Progress (1): 18/20 MB
2026.03.08 16:00:55 INFO  Progress (1): 18/20 MB
2026.03.08 16:00:55 INFO  Progress (1): 18/20 MB
2026.03.08 16:00:55 INFO  Progress (1): 18/20 MB
2026.03.08 16:00:55 INFO  Progress (1): 18/20 MB
2026.03.08 16:00:55 INFO  Progress (1): 18/20 MB
2026.03.08 16:00:55 INFO  Progress (1): 18/20 MB
2026.03.08 16:00:55 INFO  Progress (1): 18/20 MB
2026.03.08 16:00:55 INFO  Progress (1): 18/20 MB
2026.03.08 16:00:55 INFO  Progress (1): 18/20 MB
2026.03.08 16:00:55 INFO  Progress (1): 18/20 MB
2026.03.08 16:00:55 INFO  Progress (1): 18/20 MB
2026.03.08 16:00:55 INFO  Progress (1): 18/20 MB
2026.03.08 16:00:55 INFO  Progress (1): 18/20 MB
2026.03.08 16:00:55 INFO  Progress (1): 18/20 MB
2026.03.08 16:00:55 INFO  Progress (1): 18/20 MB
2026.03.08 16:00:55 INFO  Progress (1): 18/20 MB
2026.03.08 16:00:55 INFO  Progress (1): 18/20 MB
2026.03.08 16:00:55 INFO  Progress (1): 18/20 MB
2026.03.08 16:00:55 INFO  Progress (1): 18/20 MB
2026.03.08 16:00:55 INFO  Progress (1): 18/20 MB
2026.03.08 16:00:55 INFO  Progress (1): 18/20 MB
2026.03.08 16:00:55 INFO  Progress (1): 18/20 MB
2026.03.08 16:00:55 INFO  Progress (1): 18/20 MB
2026.03.08 16:00:55 INFO  Progress (1): 18/20 MB
2026.03.08 16:00:55 INFO  Progress (1): 18/20 MB
2026.03.08 16:00:55 INFO  Progress (1): 18/20 MB
2026.03.08 16:00:55 INFO  Progress (1): 18/20 MB
2026.03.08 16:00:55 INFO  Progress (1): 18/20 MB
2026.03.08 16:00:55 INFO  Progress (1): 18/20 MB
2026.03.08 16:00:55 INFO  Progress (1): 18/20 MB
2026.03.08 16:00:55 INFO  Progress (1): 18/20 MB
2026.03.08 16:00:55 INFO  Progress (1): 18/20 MB
2026.03.08 16:00:55 INFO  Progress (1): 18/20 MB
2026.03.08 16:00:55 INFO  Progress (1): 18/20 MB
2026.03.08 16:00:55 INFO  Progress (1): 18/20 MB
2026.03.08 16:00:55 INFO  Progress (1): 18/20 MB
2026.03.08 16:00:55 INFO  Progress (1): 18/20 MB
2026.03.08 16:00:55 INFO  Progress (1): 18/20 MB
2026.03.08 16:00:55 INFO  Progress (1): 18/20 MB
2026.03.08 16:00:55 INFO  Progress (1): 18/20 MB
2026.03.08 16:00:55 INFO  Progress (1): 18/20 MB
2026.03.08 16:00:55 INFO  Progress (1): 18/20 MB
2026.03.08 16:00:55 INFO  Progress (1): 18/20 MB
2026.03.08 16:00:55 INFO  Progress (1): 18/20 MB
2026.03.08 16:00:55 INFO  Progress (1): 18/20 MB
2026.03.08 16:00:55 INFO  Progress (1): 18/20 MB
2026.03.08 16:00:55 INFO  Progress (1): 19/20 MB
2026.03.08 16:00:55 INFO  Progress (1): 19/20 MB
2026.03.08 16:00:55 INFO  Progress (1): 19/20 MB
2026.03.08 16:00:55 INFO  Progress (1): 19/20 MB
2026.03.08 16:00:55 INFO  Progress (1): 19/20 MB
2026.03.08 16:00:55 INFO  Progress (1): 19/20 MB
2026.03.08 16:00:55 INFO  Progress (1): 19/20 MB
2026.03.08 16:00:55 INFO  Progress (1): 19/20 MB
2026.03.08 16:00:55 INFO  Progress (1): 19/20 MB
2026.03.08 16:00:55 INFO  Progress (1): 19/20 MB
2026.03.08 16:00:55 INFO  Progress (1): 19/20 MB
2026.03.08 16:00:55 INFO  Progress (1): 19/20 MB
2026.03.08 16:00:55 INFO  Progress (1): 19/20 MB
2026.03.08 16:00:55 INFO  Progress (1): 19/20 MB
2026.03.08 16:00:55 INFO  Progress (1): 19/20 MB
2026.03.08 16:00:55 INFO  Progress (1): 19/20 MB
2026.03.08 16:00:55 INFO  Progress (1): 19/20 MB
2026.03.08 16:00:55 INFO  Progress (1): 19/20 MB
2026.03.08 16:00:55 INFO  Progress (1): 19/20 MB
2026.03.08 16:00:55 INFO  Progress (1): 19/20 MB
2026.03.08 16:00:55 INFO  Progress (1): 19/20 MB
2026.03.08 16:00:55 INFO  Progress (1): 19/20 MB
2026.03.08 16:00:55 INFO  Progress (1): 19/20 MB
2026.03.08 16:00:55 INFO  Progress (1): 19/20 MB
2026.03.08 16:00:55 INFO  Progress (1): 19/20 MB
2026.03.08 16:00:55 INFO  Progress (1): 19/20 MB
2026.03.08 16:00:55 INFO  Progress (1): 19/20 MB
2026.03.08 16:00:55 INFO  Progress (1): 19/20 MB
2026.03.08 16:00:55 INFO  Progress (1): 19/20 MB
2026.03.08 16:00:55 INFO  Progress (1): 19/20 MB
2026.03.08 16:00:55 INFO  Progress (1): 19/20 MB
2026.03.08 16:00:55 INFO  Progress (1): 19/20 MB
2026.03.08 16:00:55 INFO  Progress (1): 19/20 MB
2026.03.08 16:00:55 INFO  Progress (1): 19/20 MB
2026.03.08 16:00:55 INFO  Progress (1): 19/20 MB
2026.03.08 16:00:55 INFO  Progress (1): 19/20 MB
2026.03.08 16:00:55 INFO  Progress (1): 19/20 MB
2026.03.08 16:00:55 INFO  Progress (1): 19/20 MB
2026.03.08 16:00:55 INFO  Progress (1): 19/20 MB
2026.03.08 16:00:55 INFO  Progress (1): 19/20 MB
2026.03.08 16:00:55 INFO  Progress (1): 19/20 MB
2026.03.08 16:00:55 INFO  Progress (1): 19/20 MB
2026.03.08 16:00:55 INFO  Progress (1): 19/20 MB
2026.03.08 16:00:55 INFO  Progress (1): 19/20 MB
2026.03.08 16:00:55 INFO  Progress (1): 19/20 MB
2026.03.08 16:00:55 INFO  Progress (1): 19/20 MB
2026.03.08 16:00:55 INFO  Progress (1): 19/20 MB
2026.03.08 16:00:55 INFO  Progress (1): 19/20 MB
2026.03.08 16:00:55 INFO  Progress (1): 19/20 MB
2026.03.08 16:00:55 INFO  Progress (1): 19/20 MB
2026.03.08 16:00:55 INFO  Progress (1): 19/20 MB
2026.03.08 16:00:55 INFO  Progress (1): 19/20 MB
2026.03.08 16:00:55 INFO  Progress (1): 19/20 MB
2026.03.08 16:00:55 INFO  Progress (1): 19/20 MB
2026.03.08 16:00:55 INFO  Progress (1): 19/20 MB
2026.03.08 16:00:55 INFO  Progress (1): 19/20 MB
2026.03.08 16:00:55 INFO  Progress (1): 19/20 MB
2026.03.08 16:00:55 INFO  Progress (1): 19/20 MB
2026.03.08 16:00:55 INFO  Progress (1): 19/20 MB
2026.03.08 16:00:55 INFO  Progress (1): 19/20 MB
2026.03.08 16:00:55 INFO  Progress (1): 19/20 MB
2026.03.08 16:00:55 INFO  Progress (1): 20/20 MB
2026.03.08 16:00:55 INFO  Progress (1): 20/20 MB
2026.03.08 16:00:55 INFO  Progress (1): 20 MB   
2026.03.08 16:00:55 INFO                     
2026.03.08 16:00:55 INFO  Downloaded from central: https://repo.maven.apache.org/maven2/org/scala-lang/scala3-compiler_3/3.3.3/scala3-compiler_3-3.3.3.jar (20 MB at 29 MB/s)
2026.03.08 16:00:55 INFO  Downloading from central: https://repo.maven.apache.org/maven2/org/scala-lang/scala3-compiler_3/3.3.3/scala3-compiler_3-3.3.3.pom
2026.03.08 16:00:55 INFO  Progress (1): 1.2 kB
2026.03.08 16:00:55 INFO  Progress (1): 5.0 kB
2026.03.08 16:00:55 INFO  Progress (1): 5.1 kB
2026.03.08 16:00:55 INFO                      
2026.03.08 16:00:55 INFO  Downloaded from central: https://repo.maven.apache.org/maven2/org/scala-lang/scala3-compiler_3/3.3.3/scala3-compiler_3-3.3.3.pom (5.1 kB at 138 kB/s)
2026.03.08 16:00:55 INFO  Downloading from central: https://repo.maven.apache.org/maven2/org/scala-lang/scala3-interfaces/3.3.3/scala3-interfaces-3.3.3.pom
2026.03.08 16:00:55 INFO  Progress (1): 1.3 kB
2026.03.08 16:00:55 INFO  Progress (1): 3.5 kB
2026.03.08 16:00:55 INFO                      
2026.03.08 16:00:55 INFO  Downloaded from central: https://repo.maven.apache.org/maven2/org/scala-lang/scala3-interfaces/3.3.3/scala3-interfaces-3.3.3.pom (3.5 kB at 86 kB/s)
2026.03.08 16:00:55 INFO  Downloading from central: https://repo.maven.apache.org/maven2/org/scala-lang/tasty-core_3/3.3.3/tasty-core_3-3.3.3.pom
2026.03.08 16:00:55 INFO  Progress (1): 1.2 kB
2026.03.08 16:00:55 INFO  Progress (1): 3.7 kB
2026.03.08 16:00:55 INFO                      
2026.03.08 16:00:55 INFO  Downloaded from central: https://repo.maven.apache.org/maven2/org/scala-lang/tasty-core_3/3.3.3/tasty-core_3-3.3.3.pom (3.7 kB at 65 kB/s)
2026.03.08 16:00:55 INFO  Downloading from central: https://repo.maven.apache.org/maven2/com/github/sbt/junit-interface/0.13.3/junit-interface-0.13.3.pom
2026.03.08 16:00:55 INFO  Progress (1): 1.3 kB
2026.03.08 16:00:55 INFO  Progress (1): 2.0 kB
2026.03.08 16:00:55 INFO                      
2026.03.08 16:00:55 INFO  Downloaded from central: https://repo.maven.apache.org/maven2/com/github/sbt/junit-interface/0.13.3/junit-interface-0.13.3.pom (2.0 kB at 64 kB/s)
2026.03.08 16:00:55 INFO  Downloading from central: https://repo.maven.apache.org/maven2/org/scala-lang/modules/scala-asm/9.5.0-scala-1/scala-asm-9.5.0-scala-1.pom
2026.03.08 16:00:55 INFO  Progress (1): 1.3 kB
2026.03.08 16:00:55 INFO  Progress (1): 1.5 kB
2026.03.08 16:00:55 INFO                      
2026.03.08 16:00:55 INFO  Downloaded from central: https://repo.maven.apache.org/maven2/org/scala-lang/modules/scala-asm/9.5.0-scala-1/scala-asm-9.5.0-scala-1.pom (1.5 kB at 46 kB/s)
2026.03.08 16:00:55 INFO  Downloading from central: https://repo.maven.apache.org/maven2/org/scala-sbt/compiler-interface/1.9.3/compiler-interface-1.9.3.pom
2026.03.08 16:00:55 INFO  Progress (1): 1.3 kB
2026.03.08 16:00:55 INFO  Progress (1): 3.0 kB
2026.03.08 16:00:55 INFO                      
2026.03.08 16:00:55 INFO  Downloaded from central: https://repo.maven.apache.org/maven2/org/scala-sbt/compiler-interface/1.9.3/compiler-interface-1.9.3.pom (3.0 kB at 97 kB/s)
2026.03.08 16:00:55 INFO  Downloading from central: https://repo.maven.apache.org/maven2/org/scala-sbt/util-interface/1.9.2/util-interface-1.9.2.pom
2026.03.08 16:00:55 INFO  Progress (1): 1.3 kB
2026.03.08 16:00:55 INFO  Progress (1): 2.6 kB
2026.03.08 16:00:55 INFO                      
2026.03.08 16:00:55 INFO  Downloaded from central: https://repo.maven.apache.org/maven2/org/scala-sbt/util-interface/1.9.2/util-interface-1.9.2.pom (2.6 kB at 80 kB/s)
2026.03.08 16:00:55 INFO  Downloading from central: https://repo.maven.apache.org/maven2/org/jline/jline-reader/3.19.0/jline-reader-3.19.0.pom
2026.03.08 16:00:55 INFO  Progress (1): 1.2 kB
2026.03.08 16:00:55 INFO                      
2026.03.08 16:00:55 INFO  Downloaded from central: https://repo.maven.apache.org/maven2/org/jline/jline-reader/3.19.0/jline-reader-3.19.0.pom (1.2 kB at 30 kB/s)
2026.03.08 16:00:55 INFO  Downloading from central: https://repo.maven.apache.org/maven2/org/jline/jline-terminal-jna/3.19.0/jline-terminal-jna-3.19.0.pom
2026.03.08 16:00:55 INFO  Progress (1): 1.2 kB
2026.03.08 16:00:55 INFO  Progress (1): 1.9 kB
2026.03.08 16:00:55 INFO                      
2026.03.08 16:00:55 INFO  Downloaded from central: https://repo.maven.apache.org/maven2/org/jline/jline-terminal-jna/3.19.0/jline-terminal-jna-3.19.0.pom (1.9 kB at 59 kB/s)
2026.03.08 16:00:55 INFO  Downloading from central: https://repo.maven.apache.org/maven2/net/java/dev/jna/jna/5.3.1/jna-5.3.1.pom
2026.03.08 16:00:55 INFO  Progress (1): 1.4 kB
2026.03.08 16:00:55 INFO  Progress (1): 1.6 kB
2026.03.08 16:00:55 INFO                      
2026.03.08 16:00:55 INFO  Downloaded from central: https://repo.maven.apache.org/maven2/net/java/dev/jna/jna/5.3.1/jna-5.3.1.pom (1.6 kB at 46 kB/s)
2026.03.08 16:00:55 INFO  Downloading from central: https://repo.maven.apache.org/maven2/io/get-coursier/coursier_2.13/2.0.16/coursier_2.13-2.0.16.pom
2026.03.08 16:00:55 INFO  Progress (1): 1.4 kB
2026.03.08 16:00:55 INFO  Progress (1): 3.3 kB
2026.03.08 16:00:55 INFO                      
2026.03.08 16:00:55 INFO  Downloaded from central: https://repo.maven.apache.org/maven2/io/get-coursier/coursier_2.13/2.0.16/coursier_2.13-2.0.16.pom (3.3 kB at 65 kB/s)
2026.03.08 16:00:55 INFO  Downloading from central: https://repo.maven.apache.org/maven2/io/get-coursier/coursier-core_2.13/2.0.16/coursier-core_2.13-2.0.16.pom
2026.03.08 16:00:56 INFO  Progress (1): 1.4 kB
2026.03.08 16:00:56 INFO  Progress (1): 3.1 kB
2026.03.08 16:00:56 INFO                      
2026.03.08 16:00:56 INFO  Downloaded from central: https://repo.maven.apache.org/maven2/io/get-coursier/coursier-core_2.13/2.0.16/coursier-core_2.13-2.0.16.pom (3.1 kB at 61 kB/s)
2026.03.08 16:00:56 INFO  Downloading from central: https://repo.maven.apache.org/maven2/io/get-coursier/coursier-util_2.13/2.0.16/coursier-util_2.13-2.0.16.pom
2026.03.08 16:00:56 INFO  Progress (1): 1.4 kB
2026.03.08 16:00:56 INFO  Progress (1): 2.5 kB
2026.03.08 16:00:56 INFO                      
2026.03.08 16:00:56 INFO  Downloaded from central: https://repo.maven.apache.org/maven2/io/get-coursier/coursier-util_2.13/2.0.16/coursier-util_2.13-2.0.16.pom (2.5 kB at 25 kB/s)
2026.03.08 16:00:56 INFO  Downloading from central: https://repo.maven.apache.org/maven2/org/scala-lang/modules/scala-collection-compat_2.13/2.2.0/scala-collection-compat_2.13-2.2.0.pom
2026.03.08 16:00:56 INFO  Progress (1): 1.4 kB
2026.03.08 16:00:56 INFO  Progress (1): 2.0 kB
2026.03.08 16:00:56 INFO                      
2026.03.08 16:00:56 INFO  Downloaded from central: https://repo.maven.apache.org/maven2/org/scala-lang/modules/scala-collection-compat_2.13/2.2.0/scala-collection-compat_2.13-2.2.0.pom (2.0 kB at 62 kB/s)
2026.03.08 16:00:56 INFO  Downloading from central: https://repo.maven.apache.org/maven2/io/github/alexarchambault/concurrent-reference-hash-map/1.0.0/concurrent-reference-hash-map-1.0.0.pom
2026.03.08 16:00:56 INFO  Progress (1): 1.6 kB
2026.03.08 16:00:56 INFO                      
2026.03.08 16:00:56 INFO  Downloaded from central: https://repo.maven.apache.org/maven2/io/github/alexarchambault/concurrent-reference-hash-map/1.0.0/concurrent-reference-hash-map-1.0.0.pom (1.6 kB at 35 kB/s)
2026.03.08 16:00:56 INFO  Downloading from central: https://repo.maven.apache.org/maven2/org/scala-lang/modules/scala-xml_2.13/1.3.0/scala-xml_2.13-1.3.0.pom
2026.03.08 16:00:56 INFO  Progress (1): 1.3 kB
2026.03.08 16:00:56 INFO  Progress (1): 2.9 kB
2026.03.08 16:00:56 INFO                      
2026.03.08 16:00:56 INFO  Downloaded from central: https://repo.maven.apache.org/maven2/org/scala-lang/modules/scala-xml_2.13/1.3.0/scala-xml_2.13-1.3.0.pom (2.9 kB at 96 kB/s)
2026.03.08 16:00:56 INFO  Downloading from central: https://repo.maven.apache.org/maven2/io/get-coursier/coursier-cache_2.13/2.0.16/coursier-cache_2.13-2.0.16.pom
2026.03.08 16:00:56 INFO  Progress (1): 1.4 kB
2026.03.08 16:00:56 INFO  Progress (1): 2.7 kB
2026.03.08 16:00:56 INFO                      
2026.03.08 16:00:56 INFO  Downloaded from central: https://repo.maven.apache.org/maven2/io/get-coursier/coursier-cache_2.13/2.0.16/coursier-cache_2.13-2.0.16.pom (2.7 kB at 87 kB/s)
2026.03.08 16:00:56 INFO  Downloading from central: https://repo.maven.apache.org/maven2/io/github/alexarchambault/windows-ansi/windows-ansi/0.0.3/windows-ansi-0.0.3.pom
2026.03.08 16:00:56 INFO  Progress (1): 1.6 kB
2026.03.08 16:00:56 INFO  Progress (1): 1.9 kB
2026.03.08 16:00:56 INFO                      
2026.03.08 16:00:56 INFO  Downloaded from central: https://repo.maven.apache.org/maven2/io/github/alexarchambault/windows-ansi/windows-ansi/0.0.3/windows-ansi-0.0.3.pom (1.9 kB at 61 kB/s)
2026.03.08 16:00:56 INFO  Downloading from central: https://repo.maven.apache.org/maven2/org/fusesource/jansi/jansi/1.18/jansi-1.18.pom
2026.03.08 16:00:56 INFO  Progress (1): 1.3 kB
2026.03.08 16:00:56 INFO  Progress (1): 3.8 kB
2026.03.08 16:00:56 INFO                      
2026.03.08 16:00:56 INFO  Downloaded from central: https://repo.maven.apache.org/maven2/org/fusesource/jansi/jansi/1.18/jansi-1.18.pom (3.8 kB at 126 kB/s)
2026.03.08 16:00:56 INFO  Downloading from central: https://repo.maven.apache.org/maven2/org/fusesource/jansi/jansi-project/1.18/jansi-project-1.18.pom
2026.03.08 16:00:56 INFO  Progress (1): 729 B
2026.03.08 16:00:56 INFO  Progress (1): 2.2 kB
2026.03.08 16:00:56 INFO  Progress (1): 4.7 kB
2026.03.08 16:00:56 INFO  Progress (1): 7.1 kB
2026.03.08 16:00:56 INFO  Progress (1): 10 kB 
2026.03.08 16:00:56 INFO  Progress (1): 10 kB
2026.03.08 16:00:56 INFO                     
2026.03.08 16:00:56 INFO  Downloaded from central: https://repo.maven.apache.org/maven2/org/fusesource/jansi/jansi-project/1.18/jansi-project-1.18.pom (10 kB at 337 kB/s)
2026.03.08 16:00:56 INFO  Downloading from central: https://repo.maven.apache.org/maven2/com/github/alexarchambault/argonaut-shapeless_6.2_2.13/1.2.0/argonaut-shapeless_6.2_2.13-1.2.0.pom
2026.03.08 16:00:56 INFO  Progress (1): 1.6 kB
2026.03.08 16:00:56 INFO  Progress (1): 2.1 kB
2026.03.08 16:00:56 INFO                      
2026.03.08 16:00:56 INFO  Downloaded from central: https://repo.maven.apache.org/maven2/com/github/alexarchambault/argonaut-shapeless_6.2_2.13/1.2.0/argonaut-shapeless_6.2_2.13-1.2.0.pom (2.1 kB at 64 kB/s)
2026.03.08 16:00:56 INFO  Downloading from central: https://repo.maven.apache.org/maven2/org/scala-lang/scala-library/2.13.2/scala-library-2.13.2.pom
2026.03.08 16:00:56 INFO  Progress (1): 1.2 kB
2026.03.08 16:00:56 INFO  Progress (1): 1.6 kB
2026.03.08 16:00:56 INFO                      
2026.03.08 16:00:56 INFO  Downloaded from central: https://repo.maven.apache.org/maven2/org/scala-lang/scala-library/2.13.2/scala-library-2.13.2.pom (1.6 kB at 52 kB/s)
2026.03.08 16:00:56 INFO  Downloading from central: https://repo.maven.apache.org/maven2/io/argonaut/argonaut_2.13/6.2.5/argonaut_2.13-6.2.5.pom
2026.03.08 16:00:56 INFO  Progress (1): 1.4 kB
2026.03.08 16:00:56 INFO  Progress (1): 2.4 kB
2026.03.08 16:00:56 INFO                      
2026.03.08 16:00:56 INFO  Downloaded from central: https://repo.maven.apache.org/maven2/io/argonaut/argonaut_2.13/6.2.5/argonaut_2.13-6.2.5.pom (2.4 kB at 78 kB/s)
2026.03.08 16:00:56 INFO  Downloading from central: https://repo.maven.apache.org/maven2/com/chuusai/shapeless_2.13/2.3.3/shapeless_2.13-2.3.3.pom
2026.03.08 16:00:56 INFO  Progress (1): 1.3 kB
2026.03.08 16:00:56 INFO  Progress (1): 2.1 kB
2026.03.08 16:00:56 INFO                      
2026.03.08 16:00:56 INFO  Downloaded from central: https://repo.maven.apache.org/maven2/com/chuusai/shapeless_2.13/2.3.3/shapeless_2.13-2.3.3.pom (2.1 kB at 73 kB/s)
2026.03.08 16:00:56 INFO  Downloading from central: https://repo.maven.apache.org/maven2/org/scala-lang/scala3-interfaces/3.3.3/scala3-interfaces-3.3.3.jar
2026.03.08 16:00:56 INFO  Downloading from central: https://repo.maven.apache.org/maven2/org/scala-lang/tasty-core_3/3.3.3/tasty-core_3-3.3.3.jar
2026.03.08 16:00:56 INFO  Downloading from central: https://repo.maven.apache.org/maven2/com/github/sbt/junit-interface/0.13.3/junit-interface-0.13.3.jar
2026.03.08 16:00:56 INFO  Downloading from central: https://repo.maven.apache.org/maven2/org/scala-lang/modules/scala-asm/9.5.0-scala-1/scala-asm-9.5.0-scala-1.jar
2026.03.08 16:00:56 INFO  Downloading from central: https://repo.maven.apache.org/maven2/org/scala-sbt/compiler-interface/1.9.3/compiler-interface-1.9.3.jar
2026.03.08 16:00:56 INFO  Progress (1): 7.7/113 kB
2026.03.08 16:00:56 INFO  Progress (1): 8.2/113 kB
2026.03.08 16:00:56 INFO  Progress (1): 25/113 kB 
2026.03.08 16:00:56 INFO  Progress (1): 41/113 kB
2026.03.08 16:00:56 INFO  Progress (1): 57/113 kB
2026.03.08 16:00:56 INFO  Progress (1): 74/113 kB
2026.03.08 16:00:56 INFO  Progress (1): 82/113 kB
2026.03.08 16:00:56 INFO  Progress (1): 98/113 kB
2026.03.08 16:00:56 INFO  Progress (1): 106/113 kB
2026.03.08 16:00:56 INFO  Progress (1): 113 kB    
2026.03.08 16:00:56 INFO  Progress (2): 113 kB | 7.7/35 kB
2026.03.08 16:00:56 INFO  Progress (3): 113 kB | 7.7/35 kB | 4.0 kB
2026.03.08 16:00:56 INFO  Progress (3): 113 kB | 12/35 kB | 4.0 kB 
2026.03.08 16:00:56 INFO                                          
2026.03.08 16:00:56 INFO  Downloaded from central: https://repo.maven.apache.org/maven2/org/scala-sbt/compiler-interface/1.9.3/compiler-interface-1.9.3.jar (113 kB at 3.8 MB/s)
2026.03.08 16:00:56 INFO  Downloaded from central: https://repo.maven.apache.org/maven2/org/scala-lang/scala3-interfaces/3.3.3/scala3-interfaces-3.3.3.jar (4.0 kB at 128 kB/s)
2026.03.08 16:00:56 INFO  Progress (1): 29/35 kB
2026.03.08 16:00:56 INFO  Progress (1): 35 kB   
2026.03.08 16:00:56 INFO                     
2026.03.08 16:00:56 INFO  Downloading from central: https://repo.maven.apache.org/maven2/org/scala-sbt/util-interface/1.9.2/util-interface-1.9.2.jar
2026.03.08 16:00:56 INFO  Downloading from central: https://repo.maven.apache.org/maven2/org/jline/jline-reader/3.19.0/jline-reader-3.19.0.jar
2026.03.08 16:00:56 INFO  Downloaded from central: https://repo.maven.apache.org/maven2/com/github/sbt/junit-interface/0.13.3/junit-interface-0.13.3.jar (35 kB at 1.1 MB/s)
2026.03.08 16:00:56 INFO  Downloading from central: https://repo.maven.apache.org/maven2/org/jline/jline-terminal-jna/3.19.0/jline-terminal-jna-3.19.0.jar
2026.03.08 16:00:56 INFO  Progress (1): 7.7/74 kB
2026.03.08 16:00:56 INFO  Progress (1): 16/74 kB 
2026.03.08 16:00:56 INFO  Progress (1): 32/74 kB
2026.03.08 16:00:56 INFO  Progress (1): 48/74 kB
2026.03.08 16:00:56 INFO  Progress (1): 65/74 kB
2026.03.08 16:00:56 INFO  Progress (1): 74 kB   
2026.03.08 16:00:56 INFO                     
2026.03.08 16:00:56 INFO  Downloaded from central: https://repo.maven.apache.org/maven2/org/scala-lang/tasty-core_3/3.3.3/tasty-core_3-3.3.3.jar (74 kB at 1.8 MB/s)
2026.03.08 16:00:56 INFO  Downloading from central: https://repo.maven.apache.org/maven2/net/java/dev/jna/jna/5.3.1/jna-5.3.1.jar
2026.03.08 16:00:56 INFO  Progress (1): 4.4 kB
2026.03.08 16:00:56 INFO                      
2026.03.08 16:00:56 INFO  Downloaded from central: https://repo.maven.apache.org/maven2/org/scala-sbt/util-interface/1.9.2/util-interface-1.9.2.jar (4.4 kB at 175 kB/s)
2026.03.08 16:00:56 INFO  Downloading from central: https://repo.maven.apache.org/maven2/io/get-coursier/coursier_2.13/2.0.16/coursier_2.13-2.0.16.jar
2026.03.08 16:00:56 INFO  Progress (1): 7.7/63 kB
2026.03.08 16:00:56 INFO  Progress (1): 12/63 kB 
2026.03.08 16:00:56 INFO  Progress (1): 28/63 kB
2026.03.08 16:00:56 INFO  Progress (1): 44/63 kB
2026.03.08 16:00:56 INFO  Progress (1): 61/63 kB
2026.03.08 16:00:56 INFO  Progress (1): 63 kB   
2026.03.08 16:00:56 INFO                     
2026.03.08 16:00:56 INFO  Downloaded from central: https://repo.maven.apache.org/maven2/org/jline/jline-terminal-jna/3.19.0/jline-terminal-jna-3.19.0.jar (63 kB at 2.2 MB/s)
2026.03.08 16:00:56 INFO  Downloading from central: https://repo.maven.apache.org/maven2/io/get-coursier/coursier-core_2.13/2.0.16/coursier-core_2.13-2.0.16.jar
2026.03.08 16:00:56 INFO  Progress (1): 0/1.5 MB
2026.03.08 16:00:56 INFO  Progress (1): 0/1.5 MB
2026.03.08 16:00:56 INFO  Progress (1): 0/1.5 MB
2026.03.08 16:00:56 INFO  Progress (1): 0/1.5 MB
2026.03.08 16:00:56 INFO  Progress (1): 0.1/1.5 MB
2026.03.08 16:00:56 INFO  Progress (1): 0.1/1.5 MB
2026.03.08 16:00:56 INFO  Progress (1): 0.1/1.5 MB
2026.03.08 16:00:56 INFO  Progress (1): 0.1/1.5 MB
2026.03.08 16:00:56 INFO  Progress (1): 0.1/1.5 MB
2026.03.08 16:00:56 INFO  Progress (1): 0.1/1.5 MB
2026.03.08 16:00:56 INFO  Progress (1): 0.2/1.5 MB
2026.03.08 16:00:56 INFO  Progress (1): 0.2/1.5 MB
2026.03.08 16:00:56 INFO  Progress (1): 0.2/1.5 MB
2026.03.08 16:00:56 INFO  Progress (1): 0.2/1.5 MB
2026.03.08 16:00:56 INFO  Progress (1): 0.2/1.5 MB
2026.03.08 16:00:56 INFO  Progress (1): 0.2/1.5 MB
2026.03.08 16:00:56 INFO  Progress (1): 0.3/1.5 MB
2026.03.08 16:00:56 INFO  Progress (1): 0.3/1.5 MB
2026.03.08 16:00:56 INFO  Progress (1): 0.3/1.5 MB
2026.03.08 16:00:56 INFO  Progress (1): 0.3/1.5 MB
2026.03.08 16:00:56 INFO  Progress (1): 0.3/1.5 MB
2026.03.08 16:00:56 INFO  Progress (1): 0.3/1.5 MB
2026.03.08 16:00:56 INFO  Progress (1): 0.3/1.5 MB
2026.03.08 16:00:56 INFO  Progress (1): 0.4/1.5 MB
2026.03.08 16:00:56 INFO  Progress (1): 0.4/1.5 MB
2026.03.08 16:00:56 INFO  Progress (1): 0.4/1.5 MB
2026.03.08 16:00:56 INFO  Progress (1): 0.4/1.5 MB
2026.03.08 16:00:56 INFO  Progress (1): 0.4/1.5 MB
2026.03.08 16:00:56 INFO  Progress (1): 0.4/1.5 MB
2026.03.08 16:00:56 INFO  Progress (1): 0.5/1.5 MB
2026.03.08 16:00:56 INFO  Progress (1): 0.5/1.5 MB
2026.03.08 16:00:56 INFO  Progress (1): 0.5/1.5 MB
2026.03.08 16:00:56 INFO  Progress (1): 0.5/1.5 MB
2026.03.08 16:00:56 INFO  Progress (1): 0.5/1.5 MB
2026.03.08 16:00:56 INFO  Progress (1): 0.5/1.5 MB
2026.03.08 16:00:56 INFO  Progress (1): 0.6/1.5 MB
2026.03.08 16:00:56 INFO  Progress (1): 0.6/1.5 MB
2026.03.08 16:00:56 INFO  Progress (1): 0.6/1.5 MB
2026.03.08 16:00:56 INFO  Progress (1): 0.6/1.5 MB
2026.03.08 16:00:56 INFO  Progress (1): 0.6/1.5 MB
2026.03.08 16:00:56 INFO  Progress (1): 0.6/1.5 MB
2026.03.08 16:00:56 INFO  Progress (1): 0.6/1.5 MB
2026.03.08 16:00:56 INFO  Progress (1): 0.7/1.5 MB
2026.03.08 16:00:56 INFO  Progress (1): 0.7/1.5 MB
2026.03.08 16:00:56 INFO  Progress (1): 0.7/1.5 MB
2026.03.08 16:00:56 INFO  Progress (1): 0.7/1.5 MB
2026.03.08 16:00:56 INFO  Progress (1): 0.7/1.5 MB
2026.03.08 16:00:56 INFO  Progress (1): 0.7/1.5 MB
2026.03.08 16:00:56 INFO  Progress (1): 0.8/1.5 MB
2026.03.08 16:00:56 INFO  Progress (1): 0.8/1.5 MB
2026.03.08 16:00:56 INFO  Progress (1): 0.8/1.5 MB
2026.03.08 16:00:56 INFO  Progress (1): 0.8/1.5 MB
2026.03.08 16:00:56 INFO  Progress (1): 0.8/1.5 MB
2026.03.08 16:00:56 INFO  Progress (1): 0.8/1.5 MB
2026.03.08 16:00:56 INFO  Progress (1): 0.9/1.5 MB
2026.03.08 16:00:56 INFO  Progress (1): 0.9/1.5 MB
2026.03.08 16:00:56 INFO  Progress (1): 0.9/1.5 MB
2026.03.08 16:00:56 INFO  Progress (1): 0.9/1.5 MB
2026.03.08 16:00:56 INFO  Progress (1): 0.9/1.5 MB
2026.03.08 16:00:56 INFO  Progress (1): 0.9/1.5 MB
2026.03.08 16:00:56 INFO  Progress (1): 1.0/1.5 MB
2026.03.08 16:00:56 INFO  Progress (1): 1.0/1.5 MB
2026.03.08 16:00:56 INFO  Progress (1): 1.0/1.5 MB
2026.03.08 16:00:56 INFO  Progress (1): 1.0/1.5 MB
2026.03.08 16:00:56 INFO  Progress (1): 1.0/1.5 MB
2026.03.08 16:00:56 INFO  Progress (1): 1.0/1.5 MB
2026.03.08 16:00:56 INFO  Progress (1): 1.1/1.5 MB
2026.03.08 16:00:56 INFO  Progress (1): 1.1/1.5 MB
2026.03.08 16:00:56 INFO  Progress (1): 1.1/1.5 MB
2026.03.08 16:00:56 INFO  Progress (1): 1.1/1.5 MB
2026.03.08 16:00:56 INFO  Progress (1): 1.1/1.5 MB
2026.03.08 16:00:56 INFO  Progress (1): 1.1/1.5 MB
2026.03.08 16:00:56 INFO  Progress (1): 1.2/1.5 MB
2026.03.08 16:00:56 INFO  Progress (1): 1.2/1.5 MB
2026.03.08 16:00:56 INFO  Progress (1): 1.2/1.5 MB
2026.03.08 16:00:56 INFO  Progress (1): 1.2/1.5 MB
2026.03.08 16:00:56 INFO  Progress (1): 1.2/1.5 MB
2026.03.08 16:00:56 INFO  Progress (1): 1.2/1.5 MB
2026.03.08 16:00:56 INFO  Progress (1): 1.2/1.5 MB
2026.03.08 16:00:56 INFO  Progress (1): 1.3/1.5 MB
2026.03.08 16:00:56 INFO  Progress (2): 1.3/1.5 MB | 8.2/171 kB
2026.03.08 16:00:56 INFO  Progress (2): 1.3/1.5 MB | 25/171 kB 
2026.03.08 16:00:56 INFO  Progress (2): 1.3/1.5 MB | 41/171 kB
2026.03.08 16:00:56 INFO  Progress (2): 1.3/1.5 MB | 57/171 kB
2026.03.08 16:00:56 INFO  Progress (2): 1.3/1.5 MB | 66/171 kB
2026.03.08 16:00:56 INFO  Progress (2): 1.3/1.5 MB | 82/171 kB
2026.03.08 16:00:56 INFO  Progress (2): 1.3/1.5 MB | 90/171 kB
2026.03.08 16:00:56 INFO  Progress (2): 1.3/1.5 MB | 90/171 kB
2026.03.08 16:00:56 INFO  Progress (2): 1.3/1.5 MB | 106/171 kB
2026.03.08 16:00:56 INFO  Progress (2): 1.3/1.5 MB | 106/171 kB
2026.03.08 16:00:56 INFO  Progress (2): 1.3/1.5 MB | 106/171 kB
2026.03.08 16:00:56 INFO  Progress (2): 1.3/1.5 MB | 123/171 kB
2026.03.08 16:00:56 INFO  Progress (2): 1.3/1.5 MB | 123/171 kB
2026.03.08 16:00:56 INFO  Progress (3): 1.3/1.5 MB | 123/171 kB | 0/1.3 MB
2026.03.08 16:00:56 INFO  Progress (3): 1.3/1.5 MB | 127/171 kB | 0/1.3 MB
2026.03.08 16:00:56 INFO  Progress (3): 1.3/1.5 MB | 131/171 kB | 0/1.3 MB
2026.03.08 16:00:56 INFO  Progress (3): 1.3/1.5 MB | 131/171 kB | 0/1.3 MB
2026.03.08 16:00:56 INFO  Progress (3): 1.4/1.5 MB | 131/171 kB | 0/1.3 MB
2026.03.08 16:00:56 INFO  Progress (3): 1.4/1.5 MB | 139/171 kB | 0/1.3 MB
2026.03.08 16:00:56 INFO  Progress (3): 1.4/1.5 MB | 139/171 kB | 0/1.3 MB
2026.03.08 16:00:56 INFO  Progress (3): 1.4/1.5 MB | 156/171 kB | 0/1.3 MB
2026.03.08 16:00:56 INFO  Progress (3): 1.4/1.5 MB | 156/171 kB | 0/1.3 MB
2026.03.08 16:00:56 INFO  Progress (3): 1.4/1.5 MB | 156/171 kB | 0/1.3 MB
2026.03.08 16:00:56 INFO  Progress (3): 1.4/1.5 MB | 171 kB | 0/1.3 MB    
2026.03.08 16:00:56 INFO  Progress (3): 1.4/1.5 MB | 171 kB | 0.1/1.3 MB
2026.03.08 16:00:56 INFO  Progress (3): 1.4/1.5 MB | 171 kB | 0.1/1.3 MB
2026.03.08 16:00:56 INFO  Progress (3): 1.4/1.5 MB | 171 kB | 0.1/1.3 MB
2026.03.08 16:00:56 INFO  Progress (3): 1.4/1.5 MB | 171 kB | 0.1/1.3 MB
2026.03.08 16:00:56 INFO  Progress (3): 1.4/1.5 MB | 171 kB | 0.1/1.3 MB
2026.03.08 16:00:56 INFO  Progress (3): 1.4/1.5 MB | 171 kB | 0.1/1.3 MB
2026.03.08 16:00:56 INFO  Progress (3): 1.4/1.5 MB | 171 kB | 0.1/1.3 MB
2026.03.08 16:00:56 INFO  Progress (3): 1.4/1.5 MB | 171 kB | 0.1/1.3 MB
2026.03.08 16:00:56 INFO  Progress (3): 1.4/1.5 MB | 171 kB | 0.1/1.3 MB
2026.03.08 16:00:56 INFO  Progress (3): 1.4/1.5 MB | 171 kB | 0.2/1.3 MB
2026.03.08 16:00:56 INFO                                                
2026.03.08 16:00:56 INFO  Downloaded from central: https://repo.maven.apache.org/maven2/org/jline/jline-reader/3.19.0/jline-reader-3.19.0.jar (171 kB at 2.6 MB/s)
2026.03.08 16:00:56 INFO  Progress (2): 1.4/1.5 MB | 0.2/1.3 MB
2026.03.08 16:00:56 INFO  Progress (2): 1.4/1.5 MB | 0.2/1.3 MB
2026.03.08 16:00:56 INFO  Progress (2): 1.5/1.5 MB | 0.2/1.3 MB
2026.03.08 16:00:56 INFO  Progress (2): 1.5/1.5 MB | 0.2/1.3 MB
2026.03.08 16:00:56 INFO  Progress (2): 1.5/1.5 MB | 0.2/1.3 MB
2026.03.08 16:00:56 INFO  Progress (2): 1.5/1.5 MB | 0.2/1.3 MB
2026.03.08 16:00:56 INFO  Progress (2): 1.5/1.5 MB | 0.2/1.3 MB
2026.03.08 16:00:56 INFO  Progress (2): 1.5/1.5 MB | 0.2/1.3 MB
2026.03.08 16:00:56 INFO  Progress (2): 1.5/1.5 MB | 0.2/1.3 MB
2026.03.08 16:00:56 INFO                                       
2026.03.08 16:00:56 INFO  Downloading from central: https://repo.maven.apache.org/maven2/io/get-coursier/coursier-util_2.13/2.0.16/coursier-util_2.13-2.0.16.jar
2026.03.08 16:00:56 INFO  Progress (2): 1.5/1.5 MB | 0.3/1.3 MB
2026.03.08 16:00:56 INFO  Progress (2): 1.5/1.5 MB | 0.3/1.3 MB
2026.03.08 16:00:56 INFO  Progress (2): 1.5/1.5 MB | 0.3/1.3 MB
2026.03.08 16:00:56 INFO  Progress (2): 1.5/1.5 MB | 0.3/1.3 MB
2026.03.08 16:00:56 INFO  Progress (2): 1.5/1.5 MB | 0.3/1.3 MB
2026.03.08 16:00:56 INFO  Progress (2): 1.5/1.5 MB | 0.3/1.3 MB
2026.03.08 16:00:56 INFO  Progress (2): 1.5/1.5 MB | 0.3/1.3 MB
2026.03.08 16:00:56 INFO  Progress (2): 1.5/1.5 MB | 0.3/1.3 MB
2026.03.08 16:00:56 INFO  Progress (2): 1.5 MB | 0.3/1.3 MB    
2026.03.08 16:00:56 INFO  Progress (2): 1.5 MB | 0.3/1.3 MB
2026.03.08 16:00:56 INFO  Progress (2): 1.5 MB | 0.3/1.3 MB
2026.03.08 16:00:56 INFO                                   
2026.03.08 16:00:56 INFO  Downloaded from central: https://repo.maven.apache.org/maven2/net/java/dev/jna/jna/5.3.1/jna-5.3.1.jar (1.5 MB at 26 MB/s)
2026.03.08 16:00:56 INFO  Progress (1): 0.4/1.3 MB
2026.03.08 16:00:56 INFO  Progress (1): 0.4/1.3 MB
2026.03.08 16:00:56 INFO  Progress (1): 0.4/1.3 MB
2026.03.08 16:00:56 INFO                          
2026.03.08 16:00:56 INFO  Downloading from central: https://repo.maven.apache.org/maven2/org/scala-lang/modules/scala-collection-compat_2.13/2.2.0/scala-collection-compat_2.13-2.2.0.jar
2026.03.08 16:00:56 INFO  Progress (1): 0.4/1.3 MB
2026.03.08 16:00:56 INFO  Progress (1): 0.4/1.3 MB
2026.03.08 16:00:56 INFO  Progress (2): 0.4/1.3 MB | 7.7/320 kB
2026.03.08 16:00:56 INFO  Progress (2): 0.4/1.3 MB | 16/320 kB 
2026.03.08 16:00:56 INFO  Progress (2): 0.4/1.3 MB | 25/320 kB
2026.03.08 16:00:56 INFO  Progress (2): 0.4/1.3 MB | 41/320 kB
2026.03.08 16:00:56 INFO  Progress (2): 0.4/1.3 MB | 57/320 kB
2026.03.08 16:00:56 INFO  Progress (2): 0.4/1.3 MB | 74/320 kB
2026.03.08 16:00:56 INFO  Progress (2): 0.4/1.3 MB | 90/320 kB
2026.03.08 16:00:56 INFO  Progress (2): 0.4/1.3 MB | 106/320 kB
2026.03.08 16:00:56 INFO  Progress (2): 0.4/1.3 MB | 123/320 kB
2026.03.08 16:00:56 INFO  Progress (2): 0.4/1.3 MB | 139/320 kB
2026.03.08 16:00:56 INFO  Progress (2): 0.4/1.3 MB | 156/320 kB
2026.03.08 16:00:56 INFO  Progress (2): 0.4/1.3 MB | 172/320 kB
2026.03.08 16:00:56 INFO  Progress (2): 0.4/1.3 MB | 180/320 kB
2026.03.08 16:00:56 INFO  Progress (2): 0.4/1.3 MB | 188/320 kB
2026.03.08 16:00:56 INFO  Progress (2): 0.4/1.3 MB | 205/320 kB
2026.03.08 16:00:56 INFO  Progress (2): 0.4/1.3 MB | 221/320 kB
2026.03.08 16:00:56 INFO  Progress (3): 0.4/1.3 MB | 221/320 kB | 7.7/496 kB
2026.03.08 16:00:56 INFO  Progress (3): 0.4/1.3 MB | 221/320 kB | 16/496 kB 
2026.03.08 16:00:56 INFO  Progress (3): 0.4/1.3 MB | 229/320 kB | 16/496 kB
2026.03.08 16:00:56 INFO  Progress (3): 0.4/1.3 MB | 246/320 kB | 16/496 kB
2026.03.08 16:00:56 INFO  Progress (3): 0.4/1.3 MB | 254/320 kB | 16/496 kB
2026.03.08 16:00:56 INFO  Progress (3): 0.4/1.3 MB | 262/320 kB | 16/496 kB
2026.03.08 16:00:56 INFO  Progress (3): 0.4/1.3 MB | 270/320 kB | 16/496 kB
2026.03.08 16:00:56 INFO  Progress (3): 0.4/1.3 MB | 287/320 kB | 16/496 kB
2026.03.08 16:00:56 INFO  Progress (3): 0.4/1.3 MB | 295/320 kB | 16/496 kB
2026.03.08 16:00:56 INFO  Progress (3): 0.4/1.3 MB | 311/320 kB | 16/496 kB
2026.03.08 16:00:56 INFO  Progress (3): 0.4/1.3 MB | 320 kB | 16/496 kB    
2026.03.08 16:00:56 INFO  Progress (3): 0.4/1.3 MB | 320 kB | 32/496 kB
2026.03.08 16:00:56 INFO                                               
2026.03.08 16:00:56 INFO  Downloaded from central: https://repo.maven.apache.org/maven2/org/scala-lang/modules/scala-asm/9.5.0-scala-1/scala-asm-9.5.0-scala-1.jar (320 kB at 2.8 MB/s)
2026.03.08 16:00:56 INFO  Progress (2): 0.4/1.3 MB | 48/496 kB
2026.03.08 16:00:56 INFO  Progress (2): 0.4/1.3 MB | 65/496 kB
2026.03.08 16:00:56 INFO  Progress (2): 0.4/1.3 MB | 65/496 kB
2026.03.08 16:00:56 INFO  Progress (2): 0.4/1.3 MB | 66/496 kB
2026.03.08 16:00:56 INFO  Progress (2): 0.4/1.3 MB | 66/496 kB
2026.03.08 16:00:56 INFO  Progress (2): 0.4/1.3 MB | 82/496 kB
2026.03.08 16:00:56 INFO  Progress (2): 0.5/1.3 MB | 82/496 kB
2026.03.08 16:00:56 INFO  Progress (2): 0.5/1.3 MB | 82/496 kB
2026.03.08 16:00:56 INFO  Progress (2): 0.5/1.3 MB | 82/496 kB
2026.03.08 16:00:56 INFO  Progress (2): 0.5/1.3 MB | 82/496 kB
2026.03.08 16:00:56 INFO  Progress (2): 0.5/1.3 MB | 82/496 kB
2026.03.08 16:00:56 INFO  Progress (2): 0.5/1.3 MB | 82/496 kB
2026.03.08 16:00:56 INFO  Progress (2): 0.5/1.3 MB | 82/496 kB
2026.03.08 16:00:56 INFO  Progress (2): 0.5/1.3 MB | 82/496 kB
2026.03.08 16:00:56 INFO  Progress (2): 0.6/1.3 MB | 82/496 kB
2026.03.08 16:00:56 INFO  Progress (2): 0.6/1.3 MB | 98/496 kB
2026.03.08 16:00:56 INFO  Progress (2): 0.6/1.3 MB | 98/496 kB
2026.03.08 16:00:56 INFO                                      
2026.03.08 16:00:56 INFO  Downloading from central: https://repo.maven.apache.org/maven2/io/github/alexarchambault/concurrent-reference-hash-map/1.0.0/concurrent-reference-hash-map-1.0.0.jar
2026.03.08 16:00:56 INFO  Progress (2): 0.6/1.3 MB | 98/496 kB
2026.03.08 16:00:56 INFO  Progress (2): 0.6/1.3 MB | 98/496 kB
2026.03.08 16:00:56 INFO  Progress (2): 0.6/1.3 MB | 98/496 kB
2026.03.08 16:00:56 INFO  Progress (2): 0.6/1.3 MB | 98/496 kB
2026.03.08 16:00:56 INFO  Progress (2): 0.7/1.3 MB | 98/496 kB
2026.03.08 16:00:56 INFO  Progress (2): 0.7/1.3 MB | 98/496 kB
2026.03.08 16:00:56 INFO  Progress (2): 0.7/1.3 MB | 98/496 kB
2026.03.08 16:00:56 INFO  Progress (2): 0.7/1.3 MB | 98/496 kB
2026.03.08 16:00:56 INFO  Progress (2): 0.7/1.3 MB | 98/496 kB
2026.03.08 16:00:56 INFO  Progress (2): 0.7/1.3 MB | 98/496 kB
2026.03.08 16:00:56 INFO  Progress (2): 0.8/1.3 MB | 98/496 kB
2026.03.08 16:00:56 INFO  Progress (2): 0.8/1.3 MB | 98/496 kB
2026.03.08 16:00:56 INFO  Progress (2): 0.8/1.3 MB | 98/496 kB
2026.03.08 16:00:56 INFO  Progress (2): 0.8/1.3 MB | 98/496 kB
2026.03.08 16:00:56 INFO  Progress (2): 0.8/1.3 MB | 98/496 kB
2026.03.08 16:00:56 INFO  Progress (2): 0.8/1.3 MB | 98/496 kB
2026.03.08 16:00:56 INFO  Progress (2): 0.9/1.3 MB | 98/496 kB
2026.03.08 16:00:56 INFO  Progress (2): 0.9/1.3 MB | 98/496 kB
2026.03.08 16:00:56 INFO  Progress (2): 0.9/1.3 MB | 98/496 kB
2026.03.08 16:00:56 INFO  Progress (2): 0.9/1.3 MB | 98/496 kB
2026.03.08 16:00:56 INFO  Progress (2): 0.9/1.3 MB | 98/496 kB
2026.03.08 16:00:56 INFO  Progress (2): 0.9/1.3 MB | 98/496 kB
2026.03.08 16:00:56 INFO  Progress (2): 1.0/1.3 MB | 98/496 kB
2026.03.08 16:00:56 INFO  Progress (2): 1.0/1.3 MB | 98/496 kB
2026.03.08 16:00:56 INFO  Progress (2): 1.0/1.3 MB | 98/496 kB
2026.03.08 16:00:56 INFO  Progress (2): 1.0/1.3 MB | 98/496 kB
2026.03.08 16:00:56 INFO  Progress (2): 1.0/1.3 MB | 98/496 kB
2026.03.08 16:00:56 INFO  Progress (2): 1.0/1.3 MB | 98/496 kB
2026.03.08 16:00:56 INFO  Progress (2): 1.0/1.3 MB | 98/496 kB
2026.03.08 16:00:56 INFO  Progress (2): 1.1/1.3 MB | 98/496 kB
2026.03.08 16:00:56 INFO  Progress (2): 1.1/1.3 MB | 98/496 kB
2026.03.08 16:00:56 INFO  Progress (2): 1.1/1.3 MB | 98/496 kB
2026.03.08 16:00:56 INFO  Progress (2): 1.1/1.3 MB | 98/496 kB
2026.03.08 16:00:56 INFO  Progress (2): 1.1/1.3 MB | 98/496 kB
2026.03.08 16:00:56 INFO  Progress (2): 1.1/1.3 MB | 98/496 kB
2026.03.08 16:00:56 INFO  Progress (2): 1.2/1.3 MB | 98/496 kB
2026.03.08 16:00:56 INFO  Progress (2): 1.2/1.3 MB | 98/496 kB
2026.03.08 16:00:56 INFO  Progress (2): 1.2/1.3 MB | 115/496 kB
2026.03.08 16:00:56 INFO  Progress (2): 1.2/1.3 MB | 115/496 kB
2026.03.08 16:00:56 INFO  Progress (2): 1.2/1.3 MB | 115/496 kB
2026.03.08 16:00:56 INFO  Progress (2): 1.2/1.3 MB | 115/496 kB
2026.03.08 16:00:56 INFO  Progress (2): 1.2/1.3 MB | 115/496 kB
2026.03.08 16:00:56 INFO  Progress (2): 1.3/1.3 MB | 115/496 kB
2026.03.08 16:00:56 INFO  Progress (2): 1.3/1.3 MB | 115/496 kB
2026.03.08 16:00:56 INFO  Progress (2): 1.3/1.3 MB | 115/496 kB
2026.03.08 16:00:56 INFO  Progress (2): 1.3 MB | 115/496 kB    
2026.03.08 16:00:56 INFO                                   
2026.03.08 16:00:56 INFO  Downloaded from central: https://repo.maven.apache.org/maven2/io/get-coursier/coursier-core_2.13/2.0.16/coursier-core_2.13-2.0.16.jar (1.3 MB at 24 MB/s)
2026.03.08 16:00:56 INFO  Downloading from central: https://repo.maven.apache.org/maven2/org/scala-lang/modules/scala-xml_2.13/1.3.0/scala-xml_2.13-1.3.0.jar
2026.03.08 16:00:56 INFO  Progress (1): 131/496 kB
2026.03.08 16:00:56 INFO  Progress (1): 147/496 kB
2026.03.08 16:00:56 INFO  Progress (1): 164/496 kB
2026.03.08 16:00:56 INFO  Progress (1): 180/496 kB
2026.03.08 16:00:56 INFO  Progress (1): 197/496 kB
2026.03.08 16:00:56 INFO  Progress (1): 213/496 kB
2026.03.08 16:00:56 INFO  Progress (1): 229/496 kB
2026.03.08 16:00:56 INFO  Progress (1): 246/496 kB
2026.03.08 16:00:56 INFO  Progress (2): 246/496 kB | 5.9 kB
2026.03.08 16:00:56 INFO  Progress (2): 262/496 kB | 5.9 kB
2026.03.08 16:00:56 INFO                                   
2026.03.08 16:00:56 INFO  Downloaded from central: https://repo.maven.apache.org/maven2/org/scala-lang/modules/scala-collection-compat_2.13/2.2.0/scala-collection-compat_2.13-2.2.0.jar (5.9 kB at 183 kB/s)
2026.03.08 16:00:56 INFO  Downloading from central: https://repo.maven.apache.org/maven2/io/get-coursier/coursier-cache_2.13/2.0.16/coursier-cache_2.13-2.0.16.jar
2026.03.08 16:00:56 INFO  Progress (1): 279/496 kB
2026.03.08 16:00:56 INFO  Progress (1): 295/496 kB
2026.03.08 16:00:56 INFO  Progress (1): 311/496 kB
2026.03.08 16:00:56 INFO  Progress (1): 328/496 kB
2026.03.08 16:00:56 INFO  Progress (1): 344/496 kB
2026.03.08 16:00:56 INFO  Progress (1): 360/496 kB
2026.03.08 16:00:56 INFO  Progress (1): 377/496 kB
2026.03.08 16:00:56 INFO  Progress (1): 393/496 kB
2026.03.08 16:00:56 INFO  Progress (1): 410/496 kB
2026.03.08 16:00:56 INFO  Progress (1): 426/496 kB
2026.03.08 16:00:56 INFO  Progress (2): 426/496 kB | 7.7/571 kB
2026.03.08 16:00:56 INFO  Progress (2): 426/496 kB | 8.2/571 kB
2026.03.08 16:00:56 INFO  Progress (2): 426/496 kB | 16/571 kB 
2026.03.08 16:00:56 INFO  Progress (2): 426/496 kB | 33/571 kB
2026.03.08 16:00:56 INFO  Progress (2): 426/496 kB | 41/571 kB
2026.03.08 16:00:56 INFO  Progress (2): 426/496 kB | 53/571 kB
2026.03.08 16:00:56 INFO  Progress (2): 426/496 kB | 69/571 kB
2026.03.08 16:00:56 INFO  Progress (2): 426/496 kB | 82/571 kB
2026.03.08 16:00:56 INFO  Progress (2): 426/496 kB | 90/571 kB
2026.03.08 16:00:56 INFO  Progress (2): 442/496 kB | 90/571 kB
2026.03.08 16:00:56 INFO  Progress (2): 442/496 kB | 106/571 kB
2026.03.08 16:00:56 INFO  Progress (2): 442/496 kB | 115/571 kB
2026.03.08 16:00:56 INFO  Progress (2): 442/496 kB | 131/571 kB
2026.03.08 16:00:56 INFO  Progress (2): 442/496 kB | 139/571 kB
2026.03.08 16:00:56 INFO  Progress (2): 442/496 kB | 156/571 kB
2026.03.08 16:00:56 INFO  Progress (2): 442/496 kB | 172/571 kB
2026.03.08 16:00:56 INFO  Progress (2): 442/496 kB | 180/571 kB
2026.03.08 16:00:56 INFO  Progress (2): 442/496 kB | 197/571 kB
2026.03.08 16:00:56 INFO  Progress (2): 442/496 kB | 213/571 kB
2026.03.08 16:00:56 INFO  Progress (2): 442/496 kB | 229/571 kB
2026.03.08 16:00:56 INFO  Progress (2): 442/496 kB | 246/571 kB
2026.03.08 16:00:56 INFO  Progress (2): 442/496 kB | 254/571 kB
2026.03.08 16:00:56 INFO  Progress (2): 442/496 kB | 270/571 kB
2026.03.08 16:00:56 INFO  Progress (2): 442/496 kB | 287/571 kB
2026.03.08 16:00:56 INFO  Progress (2): 459/496 kB | 287/571 kB
2026.03.08 16:00:56 INFO  Progress (2): 475/496 kB | 287/571 kB
2026.03.08 16:00:56 INFO  Progress (2): 475/496 kB | 303/571 kB
2026.03.08 16:00:56 INFO  Progress (2): 475/496 kB | 319/571 kB
2026.03.08 16:00:56 INFO  Progress (2): 475/496 kB | 336/571 kB
2026.03.08 16:00:56 INFO  Progress (2): 475/496 kB | 344/571 kB
2026.03.08 16:00:56 INFO  Progress (2): 475/496 kB | 360/571 kB
2026.03.08 16:00:56 INFO  Progress (2): 492/496 kB | 360/571 kB
2026.03.08 16:00:56 INFO  Progress (2): 492/496 kB | 377/571 kB
2026.03.08 16:00:56 INFO  Progress (2): 492/496 kB | 393/571 kB
2026.03.08 16:00:56 INFO  Progress (2): 492/496 kB | 410/571 kB
2026.03.08 16:00:56 INFO  Progress (2): 492/496 kB | 418/571 kB
2026.03.08 16:00:56 INFO  Progress (2): 492/496 kB | 434/571 kB
2026.03.08 16:00:56 INFO  Progress (2): 492/496 kB | 442/571 kB
2026.03.08 16:00:56 INFO  Progress (2): 496 kB | 442/571 kB    
2026.03.08 16:00:56 INFO  Progress (2): 496 kB | 459/571 kB
2026.03.08 16:00:56 INFO  Progress (2): 496 kB | 475/571 kB
2026.03.08 16:00:56 INFO  Progress (2): 496 kB | 492/571 kB
2026.03.08 16:00:56 INFO  Progress (2): 496 kB | 508/571 kB
2026.03.08 16:00:56 INFO                                   
2026.03.08 16:00:56 INFO  Downloaded from central: https://repo.maven.apache.org/maven2/io/get-coursier/coursier_2.13/2.0.16/coursier_2.13-2.0.16.jar (496 kB at 5.0 MB/s)
2026.03.08 16:00:56 INFO  Progress (1): 524/571 kB
2026.03.08 16:00:56 INFO  Progress (1): 541/571 kB
2026.03.08 16:00:56 INFO  Progress (1): 557/571 kB
2026.03.08 16:00:56 INFO  Progress (2): 557/571 kB | 3.4/488 kB
2026.03.08 16:00:56 INFO  Progress (2): 571 kB | 3.4/488 kB    
2026.03.08 16:00:56 INFO  Progress (2): 571 kB | 20/488 kB 
2026.03.08 16:00:56 INFO  Progress (2): 571 kB | 36/488 kB
2026.03.08 16:00:56 INFO  Progress (2): 571 kB | 53/488 kB
2026.03.08 16:00:56 INFO  Progress (2): 571 kB | 69/488 kB
2026.03.08 16:00:56 INFO  Progress (2): 571 kB | 85/488 kB
2026.03.08 16:00:56 INFO                                  
2026.03.08 16:00:56 INFO  Downloaded from central: https://repo.maven.apache.org/maven2/org/scala-lang/modules/scala-xml_2.13/1.3.0/scala-xml_2.13-1.3.0.jar (571 kB at 14 MB/s)
2026.03.08 16:00:56 INFO  Downloading from central: https://repo.maven.apache.org/maven2/io/github/alexarchambault/windows-ansi/windows-ansi/0.0.3/windows-ansi-0.0.3.jar
2026.03.08 16:00:56 INFO  Progress (1): 102/488 kB
2026.03.08 16:00:56 INFO  Progress (1): 118/488 kB
2026.03.08 16:00:56 INFO  Progress (1): 134/488 kB
2026.03.08 16:00:56 INFO                          
2026.03.08 16:00:56 INFO  Downloading from central: https://repo.maven.apache.org/maven2/org/fusesource/jansi/jansi/1.18/jansi-1.18.jar
2026.03.08 16:00:56 INFO  Progress (1): 151/488 kB
2026.03.08 16:00:56 INFO  Progress (1): 167/488 kB
2026.03.08 16:00:56 INFO  Progress (1): 184/488 kB
2026.03.08 16:00:56 INFO  Progress (1): 200/488 kB
2026.03.08 16:00:56 INFO  Progress (1): 216/488 kB
2026.03.08 16:00:56 INFO  Progress (1): 229/488 kB
2026.03.08 16:00:56 INFO  Progress (1): 246/488 kB
2026.03.08 16:00:56 INFO  Progress (1): 262/488 kB
2026.03.08 16:00:56 INFO  Progress (1): 270/488 kB
2026.03.08 16:00:56 INFO  Progress (1): 287/488 kB
2026.03.08 16:00:56 INFO  Progress (1): 295/488 kB
2026.03.08 16:00:56 INFO  Progress (1): 303/488 kB
2026.03.08 16:00:56 INFO  Progress (1): 319/488 kB
2026.03.08 16:00:56 INFO  Progress (1): 328/488 kB
2026.03.08 16:00:56 INFO  Progress (1): 336/488 kB
2026.03.08 16:00:56 INFO  Progress (1): 352/488 kB
2026.03.08 16:00:56 INFO  Progress (1): 360/488 kB
2026.03.08 16:00:56 INFO  Progress (2): 360/488 kB | 7.7/387 kB
2026.03.08 16:00:56 INFO  Progress (2): 360/488 kB | 8.2/387 kB
2026.03.08 16:00:56 INFO  Progress (2): 360/488 kB | 25/387 kB 
2026.03.08 16:00:56 INFO  Progress (2): 360/488 kB | 33/387 kB
2026.03.08 16:00:56 INFO  Progress (2): 360/488 kB | 49/387 kB
2026.03.08 16:00:56 INFO  Progress (2): 360/488 kB | 66/387 kB
2026.03.08 16:00:56 INFO  Progress (2): 377/488 kB | 66/387 kB
2026.03.08 16:00:56 INFO  Progress (2): 377/488 kB | 82/387 kB
2026.03.08 16:00:56 INFO  Progress (2): 393/488 kB | 82/387 kB
2026.03.08 16:00:56 INFO  Progress (2): 410/488 kB | 82/387 kB
2026.03.08 16:00:56 INFO  Progress (2): 426/488 kB | 82/387 kB
2026.03.08 16:00:56 INFO  Progress (2): 426/488 kB | 98/387 kB
2026.03.08 16:00:56 INFO  Progress (2): 426/488 kB | 115/387 kB
2026.03.08 16:00:56 INFO  Progress (2): 434/488 kB | 115/387 kB
2026.03.08 16:00:56 INFO  Progress (2): 451/488 kB | 115/387 kB
2026.03.08 16:00:56 INFO  Progress (2): 459/488 kB | 115/387 kB
2026.03.08 16:00:56 INFO  Progress (2): 459/488 kB | 131/387 kB
2026.03.08 16:00:56 INFO  Progress (2): 459/488 kB | 147/387 kB
2026.03.08 16:00:56 INFO  Progress (2): 475/488 kB | 147/387 kB
2026.03.08 16:00:56 INFO  Progress (2): 475/488 kB | 164/387 kB
2026.03.08 16:00:56 INFO  Progress (2): 475/488 kB | 180/387 kB
2026.03.08 16:00:56 INFO  Progress (2): 483/488 kB | 180/387 kB
2026.03.08 16:00:56 INFO  Progress (2): 488 kB | 180/387 kB    
2026.03.08 16:00:56 INFO  Progress (2): 488 kB | 197/387 kB
2026.03.08 16:00:56 INFO  Progress (2): 488 kB | 213/387 kB
2026.03.08 16:00:56 INFO  Progress (2): 488 kB | 229/387 kB
2026.03.08 16:00:56 INFO  Progress (2): 488 kB | 246/387 kB
2026.03.08 16:00:56 INFO                                   
2026.03.08 16:00:56 INFO  Downloaded from central: https://repo.maven.apache.org/maven2/io/get-coursier/coursier-util_2.13/2.0.16/coursier-util_2.13-2.0.16.jar (488 kB at 6.9 MB/s)
2026.03.08 16:00:56 INFO  Progress (1): 262/387 kB
2026.03.08 16:00:56 INFO  Progress (1): 279/387 kB
2026.03.08 16:00:56 INFO  Progress (1): 295/387 kB
2026.03.08 16:00:56 INFO  Progress (1): 311/387 kB
2026.03.08 16:00:56 INFO  Progress (1): 328/387 kB
2026.03.08 16:00:56 INFO  Progress (1): 344/387 kB
2026.03.08 16:00:56 INFO                          
2026.03.08 16:00:56 INFO  Downloading from central: https://repo.maven.apache.org/maven2/com/github/alexarchambault/argonaut-shapeless_6.2_2.13/1.2.0/argonaut-shapeless_6.2_2.13-1.2.0.jar
2026.03.08 16:00:56 INFO  Progress (1): 360/387 kB
2026.03.08 16:00:56 INFO  Progress (1): 377/387 kB
2026.03.08 16:00:56 INFO  Progress (1): 387 kB    
2026.03.08 16:00:56 INFO                      
2026.03.08 16:00:56 INFO  Downloaded from central: https://repo.maven.apache.org/maven2/io/get-coursier/coursier-cache_2.13/2.0.16/coursier-cache_2.13-2.0.16.jar (387 kB at 9.9 MB/s)
2026.03.08 16:00:56 INFO  Downloading from central: https://repo.maven.apache.org/maven2/io/argonaut/argonaut_2.13/6.2.5/argonaut_2.13-6.2.5.jar
2026.03.08 16:00:56 INFO  Progress (1): 7.7/287 kB
2026.03.08 16:00:56 INFO  Progress (1): 16/287 kB 
2026.03.08 16:00:56 INFO  Progress (1): 25/287 kB
2026.03.08 16:00:56 INFO  Progress (1): 41/287 kB
2026.03.08 16:00:56 INFO  Progress (1): 57/287 kB
2026.03.08 16:00:56 INFO  Progress (2): 57/287 kB | 6.4 kB
2026.03.08 16:00:56 INFO                                  
2026.03.08 16:00:56 INFO  Downloaded from central: https://repo.maven.apache.org/maven2/io/github/alexarchambault/windows-ansi/windows-ansi/0.0.3/windows-ansi-0.0.3.jar (6.4 kB at 172 kB/s)
2026.03.08 16:00:56 INFO  Progress (1): 66/287 kB
2026.03.08 16:00:56 INFO  Progress (1): 82/287 kB
2026.03.08 16:00:56 INFO                         
2026.03.08 16:00:56 INFO  Downloading from central: https://repo.maven.apache.org/maven2/com/chuusai/shapeless_2.13/2.3.3/shapeless_2.13-2.3.3.jar
2026.03.08 16:00:56 INFO  Progress (1): 98/287 kB
2026.03.08 16:00:56 INFO  Progress (1): 115/287 kB
2026.03.08 16:00:56 INFO  Progress (1): 131/287 kB
2026.03.08 16:00:56 INFO  Progress (2): 131/287 kB | 7.7/803 kB
2026.03.08 16:00:56 INFO  Progress (2): 147/287 kB | 7.7/803 kB
2026.03.08 16:00:56 INFO  Progress (2): 147/287 kB | 16/803 kB 
2026.03.08 16:00:56 INFO  Progress (2): 147/287 kB | 32/803 kB
2026.03.08 16:00:56 INFO  Progress (2): 147/287 kB | 48/803 kB
2026.03.08 16:00:56 INFO  Progress (2): 147/287 kB | 65/803 kB
2026.03.08 16:00:56 INFO  Progress (3): 147/287 kB | 65/803 kB | 7.7/92 kB
2026.03.08 16:00:56 INFO  Progress (3): 147/287 kB | 65/803 kB | 8.2/92 kB
2026.03.08 16:00:56 INFO  Progress (3): 147/287 kB | 81/803 kB | 8.2/92 kB
2026.03.08 16:00:56 INFO  Progress (3): 147/287 kB | 98/803 kB | 8.2/92 kB
2026.03.08 16:00:56 INFO  Progress (3): 147/287 kB | 114/803 kB | 8.2/92 kB
2026.03.08 16:00:56 INFO  Progress (3): 147/287 kB | 114/803 kB | 25/92 kB 
2026.03.08 16:00:56 INFO  Progress (3): 164/287 kB | 114/803 kB | 25/92 kB
2026.03.08 16:00:56 INFO  Progress (3): 164/287 kB | 130/803 kB | 25/92 kB
2026.03.08 16:00:56 INFO  Progress (3): 164/287 kB | 130/803 kB | 41/92 kB
2026.03.08 16:00:56 INFO  Progress (3): 164/287 kB | 147/803 kB | 41/92 kB
2026.03.08 16:00:56 INFO  Progress (3): 164/287 kB | 147/803 kB | 57/92 kB
2026.03.08 16:00:56 INFO  Progress (3): 164/287 kB | 147/803 kB | 74/92 kB
2026.03.08 16:00:56 INFO  Progress (3): 164/287 kB | 163/803 kB | 74/92 kB
2026.03.08 16:00:56 INFO  Progress (3): 164/287 kB | 163/803 kB | 90/92 kB
2026.03.08 16:00:56 INFO  Progress (3): 164/287 kB | 163/803 kB | 92 kB   
2026.03.08 16:00:56 INFO  Progress (3): 164/287 kB | 179/803 kB | 92 kB
2026.03.08 16:00:56 INFO  Progress (3): 180/287 kB | 179/803 kB | 92 kB
2026.03.08 16:00:56 INFO  Progress (3): 180/287 kB | 196/803 kB | 92 kB
2026.03.08 16:00:56 INFO  Progress (3): 180/287 kB | 212/803 kB | 92 kB
2026.03.08 16:00:56 INFO  Progress (3): 180/287 kB | 229/803 kB | 92 kB
2026.03.08 16:00:56 INFO  Progress (3): 180/287 kB | 245/803 kB | 92 kB
2026.03.08 16:00:56 INFO  Progress (3): 180/287 kB | 261/803 kB | 92 kB
2026.03.08 16:00:56 INFO  Progress (3): 180/287 kB | 278/803 kB | 92 kB
2026.03.08 16:00:56 INFO  Progress (3): 180/287 kB | 294/803 kB | 92 kB
2026.03.08 16:00:56 INFO  Progress (3): 197/287 kB | 294/803 kB | 92 kB
2026.03.08 16:00:56 INFO  Progress (3): 197/287 kB | 311/803 kB | 92 kB
2026.03.08 16:00:56 INFO                                               
2026.03.08 16:00:56 INFO  Downloaded from central: https://repo.maven.apache.org/maven2/com/github/alexarchambault/argonaut-shapeless_6.2_2.13/1.2.0/argonaut-shapeless_6.2_2.13-1.2.0.jar (92 kB at 2.5 MB/s)
2026.03.08 16:00:56 INFO  Progress (2): 197/287 kB | 327/803 kB
2026.03.08 16:00:56 INFO  Progress (2): 197/287 kB | 340/803 kB
2026.03.08 16:00:56 INFO  Progress (2): 197/287 kB | 356/803 kB
2026.03.08 16:00:56 INFO  Progress (2): 197/287 kB | 372/803 kB
2026.03.08 16:00:56 INFO  Progress (2): 197/287 kB | 389/803 kB
2026.03.08 16:00:56 INFO  Progress (2): 197/287 kB | 405/803 kB
2026.03.08 16:00:56 INFO  Progress (2): 213/287 kB | 405/803 kB
2026.03.08 16:00:56 INFO  Progress (2): 213/287 kB | 422/803 kB
2026.03.08 16:00:56 INFO  Progress (2): 213/287 kB | 438/803 kB
2026.03.08 16:00:56 INFO  Progress (2): 213/287 kB | 454/803 kB
2026.03.08 16:00:56 INFO  Progress (2): 229/287 kB | 454/803 kB
2026.03.08 16:00:56 INFO  Progress (2): 229/287 kB | 471/803 kB
2026.03.08 16:00:56 INFO  Progress (2): 246/287 kB | 471/803 kB
2026.03.08 16:00:56 INFO  Progress (2): 246/287 kB | 487/803 kB
2026.03.08 16:00:56 INFO  Progress (2): 246/287 kB | 504/803 kB
2026.03.08 16:00:56 INFO  Progress (2): 246/287 kB | 520/803 kB
2026.03.08 16:00:56 INFO  Progress (2): 246/287 kB | 536/803 kB
2026.03.08 16:00:56 INFO  Progress (2): 262/287 kB | 536/803 kB
2026.03.08 16:00:56 INFO  Progress (2): 262/287 kB | 553/803 kB
2026.03.08 16:00:56 INFO  Progress (2): 279/287 kB | 553/803 kB
2026.03.08 16:00:56 INFO  Progress (2): 279/287 kB | 569/803 kB
2026.03.08 16:00:56 INFO  Progress (2): 279/287 kB | 585/803 kB
2026.03.08 16:00:56 INFO  Progress (2): 287 kB | 585/803 kB    
2026.03.08 16:00:56 INFO  Progress (2): 287 kB | 602/803 kB
2026.03.08 16:00:56 INFO  Progress (2): 287 kB | 618/803 kB
2026.03.08 16:00:56 INFO  Progress (2): 287 kB | 635/803 kB
2026.03.08 16:00:56 INFO  Progress (2): 287 kB | 651/803 kB
2026.03.08 16:00:56 INFO  Progress (2): 287 kB | 659/803 kB
2026.03.08 16:00:56 INFO  Progress (2): 287 kB | 675/803 kB
2026.03.08 16:00:56 INFO  Progress (2): 287 kB | 692/803 kB
2026.03.08 16:00:56 INFO  Progress (2): 287 kB | 708/803 kB
2026.03.08 16:00:56 INFO  Progress (2): 287 kB | 724/803 kB
2026.03.08 16:00:56 INFO  Progress (2): 287 kB | 741/803 kB
2026.03.08 16:00:56 INFO  Progress (2): 287 kB | 757/803 kB
2026.03.08 16:00:56 INFO  Progress (2): 287 kB | 774/803 kB
2026.03.08 16:00:56 INFO  Progress (2): 287 kB | 790/803 kB
2026.03.08 16:00:56 INFO  Progress (2): 287 kB | 803 kB    
2026.03.08 16:00:56 INFO                               
2026.03.08 16:00:56 INFO  Downloaded from central: https://repo.maven.apache.org/maven2/org/fusesource/jansi/jansi/1.18/jansi-1.18.jar (287 kB at 5.0 MB/s)
2026.03.08 16:00:56 INFO  Downloaded from central: https://repo.maven.apache.org/maven2/io/argonaut/argonaut_2.13/6.2.5/argonaut_2.13-6.2.5.jar (803 kB at 17 MB/s)
2026.03.08 16:00:56 INFO  Progress (1): 3.4/24 kB
2026.03.08 16:00:56 INFO  Progress (1): 20/24 kB 
2026.03.08 16:00:56 INFO  Progress (1): 24 kB   
2026.03.08 16:00:56 INFO                     
2026.03.08 16:00:56 INFO  Downloaded from central: https://repo.maven.apache.org/maven2/io/github/alexarchambault/concurrent-reference-hash-map/1.0.0/concurrent-reference-hash-map-1.0.0.jar (24 kB at 210 kB/s)
2026.03.08 16:00:56 INFO  Progress (1): 0/3.3 MB
2026.03.08 16:00:56 INFO  Progress (1): 0/3.3 MB
2026.03.08 16:00:56 INFO  Progress (1): 0/3.3 MB
2026.03.08 16:00:56 INFO  Progress (1): 0/3.3 MB
2026.03.08 16:00:56 INFO  Progress (1): 0.1/3.3 MB
2026.03.08 16:00:56 INFO  Progress (1): 0.1/3.3 MB
2026.03.08 16:00:56 INFO  Progress (1): 0.1/3.3 MB
2026.03.08 16:00:56 INFO  Progress (1): 0.1/3.3 MB
2026.03.08 16:00:56 INFO  Progress (1): 0.1/3.3 MB
2026.03.08 16:00:56 INFO  Progress (1): 0.1/3.3 MB
2026.03.08 16:00:56 INFO  Progress (1): 0.1/3.3 MB
2026.03.08 16:00:56 INFO  Progress (1): 0.1/3.3 MB
2026.03.08 16:00:56 INFO  Progress (1): 0.1/3.3 MB
2026.03.08 16:00:56 INFO  Progress (1): 0.2/3.3 MB
2026.03.08 16:00:56 INFO  Progress (1): 0.2/3.3 MB
2026.03.08 16:00:56 INFO  Progress (1): 0.2/3.3 MB
2026.03.08 16:00:56 INFO  Progress (1): 0.2/3.3 MB
2026.03.08 16:00:56 INFO  Progress (1): 0.2/3.3 MB
2026.03.08 16:00:56 INFO  Progress (1): 0.2/3.3 MB
2026.03.08 16:00:56 INFO  Progress (1): 0.2/3.3 MB
2026.03.08 16:00:56 INFO  Progress (1): 0.3/3.3 MB
2026.03.08 16:00:56 INFO  Progress (1): 0.3/3.3 MB
2026.03.08 16:00:56 INFO  Progress (1): 0.3/3.3 MB
2026.03.08 16:00:56 INFO  Progress (1): 0.3/3.3 MB
2026.03.08 16:00:56 INFO  Progress (1): 0.3/3.3 MB
2026.03.08 16:00:56 INFO  Progress (1): 0.3/3.3 MB
2026.03.08 16:00:56 INFO  Progress (1): 0.4/3.3 MB
2026.03.08 16:00:56 INFO  Progress (1): 0.4/3.3 MB
2026.03.08 16:00:56 INFO  Progress (1): 0.4/3.3 MB
2026.03.08 16:00:56 INFO  Progress (1): 0.4/3.3 MB
2026.03.08 16:00:56 INFO  Progress (1): 0.4/3.3 MB
2026.03.08 16:00:56 INFO  Progress (1): 0.4/3.3 MB
2026.03.08 16:00:56 INFO  Progress (1): 0.4/3.3 MB
2026.03.08 16:00:56 INFO  Progress (1): 0.5/3.3 MB
2026.03.08 16:00:56 INFO  Progress (1): 0.5/3.3 MB
2026.03.08 16:00:56 INFO  Progress (1): 0.5/3.3 MB
2026.03.08 16:00:56 INFO  Progress (1): 0.5/3.3 MB
2026.03.08 16:00:56 INFO  Progress (1): 0.5/3.3 MB
2026.03.08 16:00:56 INFO  Progress (1): 0.5/3.3 MB
2026.03.08 16:00:56 INFO  Progress (1): 0.6/3.3 MB
2026.03.08 16:00:56 INFO  Progress (1): 0.6/3.3 MB
2026.03.08 16:00:56 INFO  Progress (1): 0.6/3.3 MB
2026.03.08 16:00:56 INFO  Progress (1): 0.6/3.3 MB
2026.03.08 16:00:56 INFO  Progress (1): 0.6/3.3 MB
2026.03.08 16:00:56 INFO  Progress (1): 0.6/3.3 MB
2026.03.08 16:00:56 INFO  Progress (1): 0.7/3.3 MB
2026.03.08 16:00:56 INFO  Progress (1): 0.7/3.3 MB
2026.03.08 16:00:56 INFO  Progress (1): 0.7/3.3 MB
2026.03.08 16:00:56 INFO  Progress (1): 0.7/3.3 MB
2026.03.08 16:00:56 INFO  Progress (1): 0.7/3.3 MB
2026.03.08 16:00:56 INFO  Progress (1): 0.7/3.3 MB
2026.03.08 16:00:56 INFO  Progress (1): 0.7/3.3 MB
2026.03.08 16:00:56 INFO  Progress (1): 0.8/3.3 MB
2026.03.08 16:00:56 INFO  Progress (1): 0.8/3.3 MB
2026.03.08 16:00:56 INFO  Progress (1): 0.8/3.3 MB
2026.03.08 16:00:56 INFO  Progress (1): 0.8/3.3 MB
2026.03.08 16:00:56 INFO  Progress (1): 0.8/3.3 MB
2026.03.08 16:00:56 INFO  Progress (1): 0.8/3.3 MB
2026.03.08 16:00:56 INFO  Progress (1): 0.9/3.3 MB
2026.03.08 16:00:56 INFO  Progress (1): 0.9/3.3 MB
2026.03.08 16:00:56 INFO  Progress (1): 0.9/3.3 MB
2026.03.08 16:00:56 INFO  Progress (1): 0.9/3.3 MB
2026.03.08 16:00:56 INFO  Progress (1): 0.9/3.3 MB
2026.03.08 16:00:56 INFO  Progress (1): 0.9/3.3 MB
2026.03.08 16:00:56 INFO  Progress (1): 1.0/3.3 MB
2026.03.08 16:00:56 INFO  Progress (1): 1.0/3.3 MB
2026.03.08 16:00:56 INFO  Progress (1): 1.0/3.3 MB
2026.03.08 16:00:56 INFO  Progress (1): 1.0/3.3 MB
2026.03.08 16:00:56 INFO  Progress (1): 1.0/3.3 MB
2026.03.08 16:00:56 INFO  Progress (1): 1.0/3.3 MB
2026.03.08 16:00:56 INFO  Progress (1): 1.1/3.3 MB
2026.03.08 16:00:56 INFO  Progress (1): 1.1/3.3 MB
2026.03.08 16:00:56 INFO  Progress (1): 1.1/3.3 MB
2026.03.08 16:00:56 INFO  Progress (1): 1.1/3.3 MB
2026.03.08 16:00:56 INFO  Progress (1): 1.1/3.3 MB
2026.03.08 16:00:56 INFO  Progress (1): 1.1/3.3 MB
2026.03.08 16:00:56 INFO  Progress (1): 1.2/3.3 MB
2026.03.08 16:00:56 INFO  Progress (1): 1.2/3.3 MB
2026.03.08 16:00:56 INFO  Progress (1): 1.2/3.3 MB
2026.03.08 16:00:56 INFO  Progress (1): 1.2/3.3 MB
2026.03.08 16:00:56 INFO  Progress (1): 1.2/3.3 MB
2026.03.08 16:00:56 INFO  Progress (1): 1.2/3.3 MB
2026.03.08 16:00:56 INFO  Progress (1): 1.3/3.3 MB
2026.03.08 16:00:56 INFO  Progress (1): 1.3/3.3 MB
2026.03.08 16:00:56 INFO  Progress (1): 1.3/3.3 MB
2026.03.08 16:00:56 INFO  Progress (1): 1.3/3.3 MB
2026.03.08 16:00:56 INFO  Progress (1): 1.3/3.3 MB
2026.03.08 16:00:56 INFO  Progress (1): 1.3/3.3 MB
2026.03.08 16:00:56 INFO  Progress (1): 1.3/3.3 MB
2026.03.08 16:00:56 INFO  Progress (1): 1.4/3.3 MB
2026.03.08 16:00:56 INFO  Progress (1): 1.4/3.3 MB
2026.03.08 16:00:56 INFO  Progress (1): 1.4/3.3 MB
2026.03.08 16:00:56 INFO  Progress (1): 1.4/3.3 MB
2026.03.08 16:00:56 INFO  Progress (1): 1.4/3.3 MB
2026.03.08 16:00:56 INFO  Progress (1): 1.4/3.3 MB
2026.03.08 16:00:56 INFO  Progress (1): 1.5/3.3 MB
2026.03.08 16:00:56 INFO  Progress (1): 1.5/3.3 MB
2026.03.08 16:00:56 INFO  Progress (1): 1.5/3.3 MB
2026.03.08 16:00:56 INFO  Progress (1): 1.5/3.3 MB
2026.03.08 16:00:56 INFO  Progress (1): 1.5/3.3 MB
2026.03.08 16:00:56 INFO  Progress (1): 1.5/3.3 MB
2026.03.08 16:00:56 INFO  Progress (1): 1.6/3.3 MB
2026.03.08 16:00:56 INFO  Progress (1): 1.6/3.3 MB
2026.03.08 16:00:56 INFO  Progress (1): 1.6/3.3 MB
2026.03.08 16:00:56 INFO  Progress (1): 1.6/3.3 MB
2026.03.08 16:00:56 INFO  Progress (1): 1.6/3.3 MB
2026.03.08 16:00:56 INFO  Progress (1): 1.6/3.3 MB
2026.03.08 16:00:56 INFO  Progress (1): 1.7/3.3 MB
2026.03.08 16:00:56 INFO  Progress (1): 1.7/3.3 MB
2026.03.08 16:00:56 INFO  Progress (1): 1.7/3.3 MB
2026.03.08 16:00:56 INFO  Progress (1): 1.7/3.3 MB
2026.03.08 16:00:56 INFO  Progress (1): 1.7/3.3 MB
2026.03.08 16:00:56 INFO  Progress (1): 1.7/3.3 MB
2026.03.08 16:00:56 INFO  Progress (1): 1.8/3.3 MB
2026.03.08 16:00:56 INFO  Progress (1): 1.8/3.3 MB
2026.03.08 16:00:56 INFO  Progress (1): 1.8/3.3 MB
2026.03.08 16:00:56 INFO  Progress (1): 1.8/3.3 MB
2026.03.08 16:00:56 INFO  Progress (1): 1.8/3.3 MB
2026.03.08 16:00:56 INFO  Progress (1): 1.8/3.3 MB
2026.03.08 16:00:56 INFO  Progress (1): 1.9/3.3 MB
2026.03.08 16:00:56 INFO  Progress (1): 1.9/3.3 MB
2026.03.08 16:00:56 INFO  Progress (1): 1.9/3.3 MB
2026.03.08 16:00:56 INFO  Progress (1): 1.9/3.3 MB
2026.03.08 16:00:56 INFO  Progress (1): 1.9/3.3 MB
2026.03.08 16:00:56 INFO  Progress (1): 1.9/3.3 MB
2026.03.08 16:00:56 INFO  Progress (1): 2.0/3.3 MB
2026.03.08 16:00:56 INFO  Progress (1): 2.0/3.3 MB
2026.03.08 16:00:56 INFO  Progress (1): 2.0/3.3 MB
2026.03.08 16:00:56 INFO  Progress (1): 2.0/3.3 MB
2026.03.08 16:00:56 INFO  Progress (1): 2.0/3.3 MB
2026.03.08 16:00:56 INFO  Progress (1): 2.0/3.3 MB
2026.03.08 16:00:56 INFO  Progress (1): 2.1/3.3 MB
2026.03.08 16:00:56 INFO  Progress (1): 2.1/3.3 MB
2026.03.08 16:00:56 INFO  Progress (1): 2.1/3.3 MB
2026.03.08 16:00:56 INFO  Progress (1): 2.1/3.3 MB
2026.03.08 16:00:56 INFO  Progress (1): 2.1/3.3 MB
2026.03.08 16:00:56 INFO  Progress (1): 2.1/3.3 MB
2026.03.08 16:00:56 INFO  Progress (1): 2.2/3.3 MB
2026.03.08 16:00:56 INFO  Progress (1): 2.2/3.3 MB
2026.03.08 16:00:56 INFO  Progress (1): 2.2/3.3 MB
2026.03.08 16:00:56 INFO  Progress (1): 2.2/3.3 MB
2026.03.08 16:00:56 INFO  Progress (1): 2.2/3.3 MB
2026.03.08 16:00:56 INFO  Progress (1): 2.2/3.3 MB
2026.03.08 16:00:56 INFO  Progress (1): 2.2/3.3 MB
2026.03.08 16:00:56 INFO  Progress (1): 2.3/3.3 MB
2026.03.08 16:00:56 INFO  Progress (1): 2.3/3.3 MB
2026.03.08 16:00:56 INFO  Progress (1): 2.3/3.3 MB
2026.03.08 16:00:56 INFO  Progress (1): 2.3/3.3 MB
2026.03.08 16:00:56 INFO  Progress (1): 2.3/3.3 MB
2026.03.08 16:00:56 INFO  Progress (1): 2.3/3.3 MB
2026.03.08 16:00:56 INFO  Progress (1): 2.4/3.3 MB
2026.03.08 16:00:56 INFO  Progress (1): 2.4/3.3 MB
2026.03.08 16:00:56 INFO  Progress (1): 2.4/3.3 MB
2026.03.08 16:00:56 INFO  Progress (1): 2.4/3.3 MB
2026.03.08 16:00:56 INFO  Progress (1): 2.4/3.3 MB
2026.03.08 16:00:56 INFO  Progress (1): 2.4/3.3 MB
2026.03.08 16:00:56 INFO  Progress (1): 2.5/3.3 MB
2026.03.08 16:00:56 INFO  Progress (1): 2.5/3.3 MB
2026.03.08 16:00:56 INFO  Progress (1): 2.5/3.3 MB
2026.03.08 16:00:56 INFO  Progress (1): 2.5/3.3 MB
2026.03.08 16:00:56 INFO  Progress (1): 2.5/3.3 MB
2026.03.08 16:00:56 INFO  Progress (1): 2.5/3.3 MB
2026.03.08 16:00:56 INFO  Progress (1): 2.6/3.3 MB
2026.03.08 16:00:56 INFO  Progress (1): 2.6/3.3 MB
2026.03.08 16:00:56 INFO  Progress (1): 2.6/3.3 MB
2026.03.08 16:00:56 INFO  Progress (1): 2.6/3.3 MB
2026.03.08 16:00:56 INFO  Progress (1): 2.6/3.3 MB
2026.03.08 16:00:56 INFO  Progress (1): 2.6/3.3 MB
2026.03.08 16:00:56 INFO  Progress (1): 2.7/3.3 MB
2026.03.08 16:00:56 INFO  Progress (1): 2.7/3.3 MB
2026.03.08 16:00:56 INFO  Progress (1): 2.7/3.3 MB
2026.03.08 16:00:56 INFO  Progress (1): 2.7/3.3 MB
2026.03.08 16:00:56 INFO  Progress (1): 2.7/3.3 MB
2026.03.08 16:00:56 INFO  Progress (1): 2.7/3.3 MB
2026.03.08 16:00:56 INFO  Progress (1): 2.8/3.3 MB
2026.03.08 16:00:56 INFO  Progress (1): 2.8/3.3 MB
2026.03.08 16:00:56 INFO  Progress (1): 2.8/3.3 MB
2026.03.08 16:00:56 INFO  Progress (1): 2.8/3.3 MB
2026.03.08 16:00:56 INFO  Progress (1): 2.8/3.3 MB
2026.03.08 16:00:56 INFO  Progress (1): 2.8/3.3 MB
2026.03.08 16:00:56 INFO  Progress (1): 2.9/3.3 MB
2026.03.08 16:00:56 INFO  Progress (1): 2.9/3.3 MB
2026.03.08 16:00:56 INFO  Progress (1): 2.9/3.3 MB
2026.03.08 16:00:56 INFO  Progress (1): 2.9/3.3 MB
2026.03.08 16:00:56 INFO  Progress (1): 2.9/3.3 MB
2026.03.08 16:00:56 INFO  Progress (1): 2.9/3.3 MB
2026.03.08 16:00:56 INFO  Progress (1): 2.9/3.3 MB
2026.03.08 16:00:56 INFO  Progress (1): 3.0/3.3 MB
2026.03.08 16:00:56 INFO  Progress (1): 3.0/3.3 MB
2026.03.08 16:00:56 INFO  Progress (1): 3.0/3.3 MB
2026.03.08 16:00:56 INFO  Progress (1): 3.0/3.3 MB
2026.03.08 16:00:56 INFO  Progress (1): 3.0/3.3 MB
2026.03.08 16:00:56 INFO  Progress (1): 3.0/3.3 MB
2026.03.08 16:00:56 INFO  Progress (1): 3.1/3.3 MB
2026.03.08 16:00:56 INFO  Progress (1): 3.1/3.3 MB
2026.03.08 16:00:56 INFO  Progress (1): 3.1/3.3 MB
2026.03.08 16:00:56 INFO  Progress (1): 3.1/3.3 MB
2026.03.08 16:00:56 INFO  Progress (1): 3.1/3.3 MB
2026.03.08 16:00:56 INFO  Progress (1): 3.1/3.3 MB
2026.03.08 16:00:56 INFO  Progress (1): 3.1/3.3 MB
2026.03.08 16:00:56 INFO  Progress (1): 3.1/3.3 MB
2026.03.08 16:00:56 INFO  Progress (1): 3.2/3.3 MB
2026.03.08 16:00:56 INFO  Progress (1): 3.2/3.3 MB
2026.03.08 16:00:56 INFO  Progress (1): 3.2/3.3 MB
2026.03.08 16:00:56 INFO  Progress (1): 3.2/3.3 MB
2026.03.08 16:00:56 INFO  Progress (1): 3.2/3.3 MB
2026.03.08 16:00:56 INFO  Progress (1): 3.2/3.3 MB
2026.03.08 16:00:56 INFO  Progress (1): 3.2/3.3 MB
2026.03.08 16:00:56 INFO  Progress (1): 3.3/3.3 MB
2026.03.08 16:00:56 INFO  Progress (1): 3.3/3.3 MB
2026.03.08 16:00:56 INFO  Progress (1): 3.3 MB    
2026.03.08 16:00:56 INFO                      
2026.03.08 16:00:56 INFO  Downloaded from central: https://repo.maven.apache.org/maven2/com/chuusai/shapeless_2.13/2.3.3/shapeless_2.13-2.3.3.jar (3.3 MB at 38 MB/s)
2026.03.08 16:00:56 INFO  [INFO] Resolving artifact: org.apache.pekko:pekko-actor_3:jar:1.1.2:compile (sources = false)
2026.03.08 16:00:56 INFO  [INFO] SUCCESS: org.apache.pekko:pekko-actor_3:jar:1.1.2:compile (sources = false)
2026.03.08 16:00:56 INFO  [INFO] Resolving artifact: org.apache.pekko:pekko-actor_3:jar:1.1.2:compile (sources = true)
2026.03.08 16:00:56 INFO  Downloading from central: https://repo.maven.apache.org/maven2/org/apache/pekko/pekko-actor_3/1.1.2/pekko-actor_3-1.1.2-sources.jar
2026.03.08 16:00:57 INFO  Progress (1): 7.7/594 kB
2026.03.08 16:00:57 INFO  Progress (1): 12/594 kB 
2026.03.08 16:00:57 INFO  Progress (1): 13/594 kB
2026.03.08 16:00:57 INFO  Progress (1): 20/594 kB
2026.03.08 16:00:57 INFO  Progress (1): 28/594 kB
2026.03.08 16:00:57 INFO  Progress (1): 41/594 kB
2026.03.08 16:00:57 INFO  Progress (1): 49/594 kB
2026.03.08 16:00:57 INFO  Progress (1): 57/594 kB
2026.03.08 16:00:57 INFO  Progress (1): 73/594 kB
2026.03.08 16:00:57 INFO  Progress (1): 90/594 kB
2026.03.08 16:00:57 INFO  Progress (1): 99/594 kB
2026.03.08 16:00:57 INFO  Progress (1): 101/594 kB
2026.03.08 16:00:57 INFO  Progress (1): 110/594 kB
2026.03.08 16:00:57 INFO  Progress (1): 118/594 kB
2026.03.08 16:00:57 INFO  Progress (1): 134/594 kB
2026.03.08 16:00:57 INFO  Progress (1): 136/594 kB
2026.03.08 16:00:57 INFO  Progress (1): 152/594 kB
2026.03.08 16:00:57 INFO  Progress (1): 168/594 kB
2026.03.08 16:00:57 INFO  Progress (1): 185/594 kB
2026.03.08 16:00:57 INFO  Progress (1): 201/594 kB
2026.03.08 16:00:57 INFO  Progress (1): 213/594 kB
2026.03.08 16:00:57 INFO  Progress (1): 218/594 kB
2026.03.08 16:00:57 INFO  Progress (1): 235/594 kB
2026.03.08 16:00:57 INFO  Progress (1): 243/594 kB
2026.03.08 16:00:57 INFO  Progress (1): 251/594 kB
2026.03.08 16:00:57 INFO  Progress (1): 268/594 kB
2026.03.08 16:00:57 INFO  Progress (1): 284/594 kB
2026.03.08 16:00:57 INFO  Progress (1): 300/594 kB
2026.03.08 16:00:57 INFO  Progress (1): 317/594 kB
2026.03.08 16:00:57 INFO  Progress (1): 325/594 kB
2026.03.08 16:00:57 INFO  Progress (1): 337/594 kB
2026.03.08 16:00:57 INFO  Progress (1): 353/594 kB
2026.03.08 16:00:57 INFO  Progress (1): 362/594 kB
2026.03.08 16:00:57 INFO  Progress (1): 378/594 kB
2026.03.08 16:00:57 INFO  Progress (1): 382/594 kB
2026.03.08 16:00:57 INFO  Progress (1): 399/594 kB
2026.03.08 16:00:57 INFO  Progress (1): 415/594 kB
2026.03.08 16:00:57 INFO  Progress (1): 431/594 kB
2026.03.08 16:00:57 INFO  Progress (1): 441/594 kB
2026.03.08 16:00:57 INFO  Progress (1): 444/594 kB
2026.03.08 16:00:57 INFO  Progress (1): 452/594 kB
2026.03.08 16:00:57 INFO  Progress (1): 458/594 kB
2026.03.08 16:00:57 INFO  Progress (1): 475/594 kB
2026.03.08 16:00:57 INFO  Progress (1): 483/594 kB
2026.03.08 16:00:57 INFO  Progress (1): 499/594 kB
2026.03.08 16:00:57 INFO  Progress (1): 516/594 kB
2026.03.08 16:00:57 INFO  Progress (1): 524/594 kB
2026.03.08 16:00:57 INFO  Progress (1): 540/594 kB
2026.03.08 16:00:57 INFO  Progress (1): 557/594 kB
2026.03.08 16:00:57 INFO  Progress (1): 573/594 kB
2026.03.08 16:00:57 INFO  Progress (1): 589/594 kB
2026.03.08 16:00:57 INFO  Progress (1): 594 kB    
2026.03.08 16:00:57 INFO                      
2026.03.08 16:00:57 INFO  Downloaded from central: https://repo.maven.apache.org/maven2/org/apache/pekko/pekko-actor_3/1.1.2/pekko-actor_3-1.1.2-sources.jar (594 kB at 2.0 MB/s)
2026.03.08 16:00:57 INFO  [INFO] SUCCESS: org.apache.pekko:pekko-actor_3:jar:1.1.2:compile (sources = true)
2026.03.08 16:00:57 INFO  [INFO] Resolving artifact: org.scala-lang:scala3-library_3:jar:3.3.3:compile (sources = false)
2026.03.08 16:00:57 INFO  [INFO] SUCCESS: org.scala-lang:scala3-library_3:jar:3.3.3:compile (sources = false)
2026.03.08 16:00:57 INFO  [INFO] Resolving artifact: org.scala-lang:scala3-library_3:jar:3.3.3:compile (sources = true)
2026.03.08 16:00:57 INFO  Downloading from central: https://repo.maven.apache.org/maven2/org/scala-lang/scala3-library_3/3.3.3/scala3-library_3-3.3.3-sources.jar
2026.03.08 16:00:57 INFO  Progress (1): 7.7/135 kB
2026.03.08 16:00:57 INFO  Progress (1): 12/135 kB 
2026.03.08 16:00:57 INFO  Progress (1): 16/135 kB
2026.03.08 16:00:57 INFO  Progress (1): 25/135 kB
2026.03.08 16:00:57 INFO  Progress (1): 41/135 kB
2026.03.08 16:00:57 INFO  Progress (1): 49/135 kB
2026.03.08 16:00:57 INFO  Progress (1): 57/135 kB
2026.03.08 16:00:57 INFO  Progress (1): 74/135 kB
2026.03.08 16:00:57 INFO  Progress (1): 82/135 kB
2026.03.08 16:00:57 INFO  Progress (1): 98/135 kB
2026.03.08 16:00:57 INFO  Progress (1): 106/135 kB
2026.03.08 16:00:57 INFO  Progress (1): 123/135 kB
2026.03.08 16:00:57 INFO  Progress (1): 135 kB    
2026.03.08 16:00:57 INFO                      
2026.03.08 16:00:57 INFO  Downloaded from central: https://repo.maven.apache.org/maven2/org/scala-lang/scala3-library_3/3.3.3/scala3-library_3-3.3.3-sources.jar (135 kB at 3.4 MB/s)
2026.03.08 16:00:57 INFO  [INFO] SUCCESS: org.scala-lang:scala3-library_3:jar:3.3.3:compile (sources = true)
2026.03.08 16:00:57 INFO  [INFO] Resolving artifact: org.scala-lang:scala-library:jar:2.13.12:compile (sources = false)
2026.03.08 16:00:57 INFO  [INFO] SUCCESS: org.scala-lang:scala-library:jar:2.13.12:compile (sources = false)
2026.03.08 16:00:57 INFO  [INFO] Resolving artifact: org.scala-lang:scala-library:jar:2.13.12:compile (sources = true)
2026.03.08 16:00:57 INFO  Downloading from central: https://repo.maven.apache.org/maven2/org/scala-lang/scala-library/2.13.12/scala-library-2.13.12-sources.jar
2026.03.08 16:00:57 INFO  Progress (1): 0/1.0 MB
2026.03.08 16:00:57 INFO  Progress (1): 0/1.0 MB
2026.03.08 16:00:57 INFO  Progress (1): 0/1.0 MB
2026.03.08 16:00:57 INFO  Progress (1): 0/1.0 MB
2026.03.08 16:00:57 INFO  Progress (1): 0/1.0 MB
2026.03.08 16:00:57 INFO  Progress (1): 0.1/1.0 MB
2026.03.08 16:00:57 INFO  Progress (1): 0.1/1.0 MB
2026.03.08 16:00:57 INFO  Progress (1): 0.1/1.0 MB
2026.03.08 16:00:57 INFO  Progress (1): 0.1/1.0 MB
2026.03.08 16:00:57 INFO  Progress (1): 0.1/1.0 MB
2026.03.08 16:00:57 INFO  Progress (1): 0.1/1.0 MB
2026.03.08 16:00:57 INFO  Progress (1): 0.2/1.0 MB
2026.03.08 16:00:57 INFO  Progress (1): 0.2/1.0 MB
2026.03.08 16:00:57 INFO  Progress (1): 0.2/1.0 MB
2026.03.08 16:00:57 INFO  Progress (1): 0.2/1.0 MB
2026.03.08 16:00:57 INFO  Progress (1): 0.2/1.0 MB
2026.03.08 16:00:57 INFO  Progress (1): 0.2/1.0 MB
2026.03.08 16:00:57 INFO  Progress (1): 0.3/1.0 MB
2026.03.08 16:00:57 INFO  Progress (1): 0.3/1.0 MB
2026.03.08 16:00:57 INFO  Progress (1): 0.3/1.0 MB
2026.03.08 16:00:57 INFO  Progress (1): 0.3/1.0 MB
2026.03.08 16:00:57 INFO  Progress (1): 0.3/1.0 MB
2026.03.08 16:00:57 INFO  Progress (1): 0.3/1.0 MB
2026.03.08 16:00:57 INFO  Progress (1): 0.4/1.0 MB
2026.03.08 16:00:57 INFO  Progress (1): 0.4/1.0 MB
2026.03.08 16:00:57 INFO  Progress (1): 0.4/1.0 MB
2026.03.08 16:00:57 INFO  Progress (1): 0.4/1.0 MB
2026.03.08 16:00:57 INFO  Progress (1): 0.4/1.0 MB
2026.03.08 16:00:57 INFO  Progress (1): 0.4/1.0 MB
2026.03.08 16:00:57 INFO  Progress (1): 0.4/1.0 MB
2026.03.08 16:00:57 INFO  Progress (1): 0.5/1.0 MB
2026.03.08 16:00:57 INFO  Progress (1): 0.5/1.0 MB
2026.03.08 16:00:57 INFO  Progress (1): 0.5/1.0 MB
2026.03.08 16:00:57 INFO  Progress (1): 0.5/1.0 MB
2026.03.08 16:00:57 INFO  Progress (1): 0.5/1.0 MB
2026.03.08 16:00:57 INFO  Progress (1): 0.5/1.0 MB
2026.03.08 16:00:57 INFO  Progress (1): 0.6/1.0 MB
2026.03.08 16:00:57 INFO  Progress (1): 0.6/1.0 MB
2026.03.08 16:00:57 INFO  Progress (1): 0.6/1.0 MB
2026.03.08 16:00:57 INFO  Progress (1): 0.6/1.0 MB
2026.03.08 16:00:57 INFO  Progress (1): 0.6/1.0 MB
2026.03.08 16:00:57 INFO  Progress (1): 0.6/1.0 MB
2026.03.08 16:00:57 INFO  Progress (1): 0.7/1.0 MB
2026.03.08 16:00:57 INFO  Progress (1): 0.7/1.0 MB
2026.03.08 16:00:57 INFO  Progress (1): 0.7/1.0 MB
2026.03.08 16:00:57 INFO  Progress (1): 0.7/1.0 MB
2026.03.08 16:00:57 INFO  Progress (1): 0.7/1.0 MB
2026.03.08 16:00:57 INFO  Progress (1): 0.7/1.0 MB
2026.03.08 16:00:57 INFO  Progress (1): 0.8/1.0 MB
2026.03.08 16:00:57 INFO  Progress (1): 0.8/1.0 MB
2026.03.08 16:00:57 INFO  Progress (1): 0.8/1.0 MB
2026.03.08 16:00:57 INFO  Progress (1): 0.8/1.0 MB
2026.03.08 16:00:57 INFO  Progress (1): 0.8/1.0 MB
2026.03.08 16:00:57 INFO  Progress (1): 0.8/1.0 MB
2026.03.08 16:00:57 INFO  Progress (1): 0.9/1.0 MB
2026.03.08 16:00:57 INFO  Progress (1): 0.9/1.0 MB
2026.03.08 16:00:57 INFO  Progress (1): 0.9/1.0 MB
2026.03.08 16:00:57 INFO  Progress (1): 0.9/1.0 MB
2026.03.08 16:00:57 INFO  Progress (1): 0.9/1.0 MB
2026.03.08 16:00:57 INFO  Progress (1): 0.9/1.0 MB
2026.03.08 16:00:57 INFO  Progress (1): 1.0/1.0 MB
2026.03.08 16:00:57 INFO  Progress (1): 1.0/1.0 MB
2026.03.08 16:00:57 INFO  Progress (1): 1.0/1.0 MB
2026.03.08 16:00:57 INFO  Progress (1): 1.0/1.0 MB
2026.03.08 16:00:57 INFO  Progress (1): 1.0/1.0 MB
2026.03.08 16:00:57 INFO  Progress (1): 1.0/1.0 MB
2026.03.08 16:00:57 INFO  Progress (1): 1.0 MB    
2026.03.08 16:00:57 INFO                      
2026.03.08 16:00:57 INFO  Downloaded from central: https://repo.maven.apache.org/maven2/org/scala-lang/scala-library/2.13.12/scala-library-2.13.12-sources.jar (1.0 MB at 24 MB/s)
2026.03.08 16:00:57 INFO  [INFO] SUCCESS: org.scala-lang:scala-library:jar:2.13.12:compile (sources = true)
2026.03.08 16:00:57 INFO  [INFO] Resolving artifact: com.typesafe:config:jar:1.4.3:compile (sources = false)
2026.03.08 16:00:57 INFO  [INFO] SUCCESS: com.typesafe:config:jar:1.4.3:compile (sources = false)
2026.03.08 16:00:57 INFO  [INFO] Resolving artifact: com.typesafe:config:jar:1.4.3:compile (sources = true)
2026.03.08 16:00:57 INFO  Downloading from central: https://repo.maven.apache.org/maven2/com/typesafe/config/1.4.3/config-1.4.3-sources.jar
2026.03.08 16:00:57 INFO  Progress (1): 7.7/178 kB
2026.03.08 16:00:57 INFO  Progress (1): 8.2/178 kB
2026.03.08 16:00:57 INFO  Progress (1): 25/178 kB 
2026.03.08 16:00:57 INFO  Progress (1): 41/178 kB
2026.03.08 16:00:57 INFO  Progress (1): 57/178 kB
2026.03.08 16:00:57 INFO  Progress (1): 74/178 kB
2026.03.08 16:00:57 INFO  Progress (1): 90/178 kB
2026.03.08 16:00:57 INFO  Progress (1): 106/178 kB
2026.03.08 16:00:57 INFO  Progress (1): 123/178 kB
2026.03.08 16:00:57 INFO  Progress (1): 131/178 kB
2026.03.08 16:00:57 INFO  Progress (1): 147/178 kB
2026.03.08 16:00:57 INFO  Progress (1): 164/178 kB
2026.03.08 16:00:57 INFO  Progress (1): 178 kB    
2026.03.08 16:00:57 INFO                      
2026.03.08 16:00:57 INFO  Downloaded from central: https://repo.maven.apache.org/maven2/com/typesafe/config/1.4.3/config-1.4.3-sources.jar (178 kB at 5.7 MB/s)
2026.03.08 16:00:57 INFO  [INFO] SUCCESS: com.typesafe:config:jar:1.4.3:compile (sources = true)
2026.03.08 16:00:57 INFO  [INFO] Resolving artifact: org.apache.pekko:pekko-stream_3:jar:1.1.2:compile (sources = false)
2026.03.08 16:00:57 INFO  [INFO] SUCCESS: org.apache.pekko:pekko-stream_3:jar:1.1.2:compile (sources = false)
2026.03.08 16:00:57 INFO  [INFO] Resolving artifact: org.apache.pekko:pekko-stream_3:jar:1.1.2:compile (sources = true)
2026.03.08 16:00:57 INFO  Downloading from central: https://repo.maven.apache.org/maven2/org/apache/pekko/pekko-stream_3/1.1.2/pekko-stream_3-1.1.2-sources.jar
2026.03.08 16:00:57 INFO  Progress (1): 7.7/662 kB
2026.03.08 16:00:57 INFO  Progress (1): 8.2/662 kB
2026.03.08 16:00:57 INFO  Progress (1): 13/662 kB 
2026.03.08 16:00:57 INFO  Progress (1): 16/662 kB
2026.03.08 16:00:57 INFO  Progress (1): 24/662 kB
2026.03.08 16:00:57 INFO  Progress (1): 40/662 kB
2026.03.08 16:00:57 INFO  Progress (1): 42/662 kB
2026.03.08 16:00:57 INFO  Progress (1): 47/662 kB
2026.03.08 16:00:57 INFO  Progress (1): 58/662 kB
2026.03.08 16:00:57 INFO  Progress (1): 74/662 kB
2026.03.08 16:00:57 INFO  Progress (1): 91/662 kB
2026.03.08 16:00:57 INFO  Progress (1): 98/662 kB
2026.03.08 16:00:57 INFO  Progress (1): 115/662 kB
2026.03.08 16:00:57 INFO  Progress (1): 131/662 kB
2026.03.08 16:00:57 INFO  Progress (1): 147/662 kB
2026.03.08 16:00:57 INFO  Progress (1): 164/662 kB
2026.03.08 16:00:57 INFO  Progress (1): 180/662 kB
2026.03.08 16:00:57 INFO  Progress (1): 196/662 kB
2026.03.08 16:00:57 INFO  Progress (1): 205/662 kB
2026.03.08 16:00:57 INFO  Progress (1): 211/662 kB
2026.03.08 16:00:57 INFO  Progress (1): 219/662 kB
2026.03.08 16:00:57 INFO  Progress (1): 228/662 kB
2026.03.08 16:00:57 INFO  Progress (1): 236/662 kB
2026.03.08 16:00:57 INFO  Progress (1): 244/662 kB
2026.03.08 16:00:57 INFO  Progress (1): 260/662 kB
2026.03.08 16:00:57 INFO  Progress (1): 269/662 kB
2026.03.08 16:00:57 INFO  Progress (1): 277/662 kB
2026.03.08 16:00:57 INFO  Progress (1): 293/662 kB
2026.03.08 16:00:57 INFO  Progress (1): 301/662 kB
2026.03.08 16:00:57 INFO  Progress (1): 309/662 kB
2026.03.08 16:00:57 INFO  Progress (1): 326/662 kB
2026.03.08 16:00:57 INFO  Progress (1): 334/662 kB
2026.03.08 16:00:57 INFO  Progress (1): 350/662 kB
2026.03.08 16:00:57 INFO  Progress (1): 359/662 kB
2026.03.08 16:00:57 INFO  Progress (1): 375/662 kB
2026.03.08 16:00:57 INFO  Progress (1): 385/662 kB
2026.03.08 16:00:57 INFO  Progress (1): 395/662 kB
2026.03.08 16:00:57 INFO  Progress (1): 403/662 kB
2026.03.08 16:00:57 INFO  Progress (1): 411/662 kB
2026.03.08 16:00:57 INFO  Progress (1): 427/662 kB
2026.03.08 16:00:57 INFO  Progress (1): 444/662 kB
2026.03.08 16:00:57 INFO  Progress (1): 460/662 kB
2026.03.08 16:00:57 INFO  Progress (1): 468/662 kB
2026.03.08 16:00:57 INFO  Progress (1): 476/662 kB
2026.03.08 16:00:57 INFO  Progress (1): 493/662 kB
2026.03.08 16:00:57 INFO  Progress (1): 509/662 kB
2026.03.08 16:00:57 INFO  Progress (1): 517/662 kB
2026.03.08 16:00:57 INFO  Progress (1): 534/662 kB
2026.03.08 16:00:57 INFO  Progress (1): 550/662 kB
2026.03.08 16:00:57 INFO  Progress (1): 567/662 kB
2026.03.08 16:00:57 INFO  Progress (1): 583/662 kB
2026.03.08 16:00:57 INFO  Progress (1): 599/662 kB
2026.03.08 16:00:57 INFO  Progress (1): 616/662 kB
2026.03.08 16:00:57 INFO  Progress (1): 632/662 kB
2026.03.08 16:00:57 INFO  Progress (1): 648/662 kB
2026.03.08 16:00:57 INFO  Progress (1): 662 kB    
2026.03.08 16:00:57 INFO                      
2026.03.08 16:00:57 INFO  Downloaded from central: https://repo.maven.apache.org/maven2/org/apache/pekko/pekko-stream_3/1.1.2/pekko-stream_3-1.1.2-sources.jar (662 kB at 1.8 MB/s)
2026.03.08 16:00:57 INFO  [INFO] SUCCESS: org.apache.pekko:pekko-stream_3:jar:1.1.2:compile (sources = true)
2026.03.08 16:00:57 INFO  [INFO] Resolving artifact: org.apache.pekko:pekko-protobuf-v3_3:jar:1.1.2:compile (sources = false)
2026.03.08 16:00:57 INFO  [INFO] SUCCESS: org.apache.pekko:pekko-protobuf-v3_3:jar:1.1.2:compile (sources = false)
2026.03.08 16:00:57 INFO  [INFO] Resolving artifact: org.apache.pekko:pekko-protobuf-v3_3:jar:1.1.2:compile (sources = true)
2026.03.08 16:00:57 INFO  Downloading from central: https://repo.maven.apache.org/maven2/org/apache/pekko/pekko-protobuf-v3_3/1.1.2/pekko-protobuf-v3_3-1.1.2-sources.jar
2026.03.08 16:00:57 INFO  Progress (1): 6.0 kB
2026.03.08 16:00:57 INFO                      
2026.03.08 16:00:57 INFO  Downloaded from central: https://repo.maven.apache.org/maven2/org/apache/pekko/pekko-protobuf-v3_3/1.1.2/pekko-protobuf-v3_3-1.1.2-sources.jar (6.0 kB at 147 kB/s)
2026.03.08 16:00:57 INFO  [INFO] SUCCESS: org.apache.pekko:pekko-protobuf-v3_3:jar:1.1.2:compile (sources = true)
2026.03.08 16:00:57 INFO  [INFO] Resolving artifact: org.reactivestreams:reactive-streams:jar:1.0.4:compile (sources = false)
2026.03.08 16:00:57 INFO  [INFO] SUCCESS: org.reactivestreams:reactive-streams:jar:1.0.4:compile (sources = false)
2026.03.08 16:00:57 INFO  [INFO] Resolving artifact: org.reactivestreams:reactive-streams:jar:1.0.4:compile (sources = true)
2026.03.08 16:00:57 INFO  Downloading from central: https://repo.maven.apache.org/maven2/org/reactivestreams/reactive-streams/1.0.4/reactive-streams-1.0.4-sources.jar
2026.03.08 16:00:57 INFO  Progress (1): 5.3 kB
2026.03.08 16:00:57 INFO                      
2026.03.08 16:00:57 INFO  Downloaded from central: https://repo.maven.apache.org/maven2/org/reactivestreams/reactive-streams/1.0.4/reactive-streams-1.0.4-sources.jar (5.3 kB at 176 kB/s)
2026.03.08 16:00:57 INFO  [INFO] SUCCESS: org.reactivestreams:reactive-streams:jar:1.0.4:compile (sources = true)
2026.03.08 16:00:57 INFO  [INFO] Resolving artifact: com.typesafe:ssl-config-core_3:jar:0.6.1:compile (sources = false)
2026.03.08 16:00:57 INFO  [INFO] SUCCESS: com.typesafe:ssl-config-core_3:jar:0.6.1:compile (sources = false)
2026.03.08 16:00:57 INFO  [INFO] Resolving artifact: com.typesafe:ssl-config-core_3:jar:0.6.1:compile (sources = true)
2026.03.08 16:00:57 INFO  Downloading from central: https://repo.maven.apache.org/maven2/com/typesafe/ssl-config-core_3/0.6.1/ssl-config-core_3-0.6.1-sources.jar
2026.03.08 16:00:57 INFO  Progress (1): 7.7/44 kB
2026.03.08 16:00:57 INFO  Progress (1): 16/44 kB 
2026.03.08 16:00:57 INFO  Progress (1): 32/44 kB
2026.03.08 16:00:57 INFO  Progress (1): 44 kB   
2026.03.08 16:00:57 INFO                     
2026.03.08 16:00:57 INFO  Downloaded from central: https://repo.maven.apache.org/maven2/com/typesafe/ssl-config-core_3/0.6.1/ssl-config-core_3-0.6.1-sources.jar (44 kB at 1.5 MB/s)
2026.03.08 16:00:57 INFO  [INFO] SUCCESS: com.typesafe:ssl-config-core_3:jar:0.6.1:compile (sources = true)
2026.03.08 16:00:57 INFO  [INFO] Resolving artifact: org.apache.pekko:pekko-http_3:jar:1.0.1:compile (sources = false)
2026.03.08 16:00:57 INFO  [INFO] SUCCESS: org.apache.pekko:pekko-http_3:jar:1.0.1:compile (sources = false)
2026.03.08 16:00:57 INFO  [INFO] Resolving artifact: org.apache.pekko:pekko-http_3:jar:1.0.1:compile (sources = true)
2026.03.08 16:00:57 INFO  Downloading from central: https://repo.maven.apache.org/maven2/org/apache/pekko/pekko-http_3/1.0.1/pekko-http_3-1.0.1-sources.jar
2026.03.08 16:00:57 INFO  Progress (1): 7.7/254 kB
2026.03.08 16:00:57 INFO  Progress (1): 16/254 kB 
2026.03.08 16:00:57 INFO  Progress (1): 32/254 kB
2026.03.08 16:00:57 INFO  Progress (1): 49/254 kB
2026.03.08 16:00:57 INFO  Progress (1): 65/254 kB
2026.03.08 16:00:57 INFO  Progress (1): 81/254 kB
2026.03.08 16:00:57 INFO  Progress (1): 98/254 kB
2026.03.08 16:00:57 INFO  Progress (1): 98/254 kB
2026.03.08 16:00:57 INFO  Progress (1): 115/254 kB
2026.03.08 16:00:57 INFO  Progress (1): 123/254 kB
2026.03.08 16:00:57 INFO  Progress (1): 139/254 kB
2026.03.08 16:00:57 INFO  Progress (1): 147/254 kB
2026.03.08 16:00:57 INFO  Progress (1): 164/254 kB
2026.03.08 16:00:57 INFO  Progress (1): 180/254 kB
2026.03.08 16:00:57 INFO  Progress (1): 197/254 kB
2026.03.08 16:00:57 INFO  Progress (1): 213/254 kB
2026.03.08 16:00:57 INFO  Progress (1): 229/254 kB
2026.03.08 16:00:57 INFO  Progress (1): 238/254 kB
2026.03.08 16:00:57 INFO  Progress (1): 254/254 kB
2026.03.08 16:00:57 INFO  Progress (1): 254 kB    
2026.03.08 16:00:57 INFO                      
2026.03.08 16:00:57 INFO  Downloaded from central: https://repo.maven.apache.org/maven2/org/apache/pekko/pekko-http_3/1.0.1/pekko-http_3-1.0.1-sources.jar (254 kB at 4.0 MB/s)
2026.03.08 16:00:57 INFO  [INFO] SUCCESS: org.apache.pekko:pekko-http_3:jar:1.0.1:compile (sources = true)
2026.03.08 16:00:57 INFO  [INFO] Resolving artifact: org.apache.pekko:pekko-http-core_3:jar:1.0.1:compile (sources = false)
2026.03.08 16:00:57 INFO  [INFO] SUCCESS: org.apache.pekko:pekko-http-core_3:jar:1.0.1:compile (sources = false)
2026.03.08 16:00:57 INFO  [INFO] Resolving artifact: org.apache.pekko:pekko-http-core_3:jar:1.0.1:compile (sources = true)
2026.03.08 16:00:57 INFO  Downloading from central: https://repo.maven.apache.org/maven2/org/apache/pekko/pekko-http-core_3/1.0.1/pekko-http-core_3-1.0.1-sources.jar
2026.03.08 16:00:57 INFO  Progress (1): 7.7/636 kB
2026.03.08 16:00:57 INFO  Progress (1): 13/636 kB 
2026.03.08 16:00:57 INFO  Progress (1): 21/636 kB
2026.03.08 16:00:57 INFO  Progress (1): 37/636 kB
2026.03.08 16:00:57 INFO  Progress (1): 42/636 kB
2026.03.08 16:00:58 INFO  Progress (1): 50/636 kB
2026.03.08 16:00:58 INFO  Progress (1): 66/636 kB
2026.03.08 16:00:58 INFO  Progress (1): 74/636 kB
2026.03.08 16:00:58 INFO  Progress (1): 91/636 kB
2026.03.08 16:00:58 INFO  Progress (1): 98/636 kB
2026.03.08 16:00:58 INFO  Progress (1): 114/636 kB
2026.03.08 16:00:58 INFO  Progress (1): 122/636 kB
2026.03.08 16:00:58 INFO  Progress (1): 139/636 kB
2026.03.08 16:00:58 INFO  Progress (1): 147/636 kB
2026.03.08 16:00:58 INFO  Progress (1): 155/636 kB
2026.03.08 16:00:58 INFO  Progress (1): 171/636 kB
2026.03.08 16:00:58 INFO  Progress (1): 188/636 kB
2026.03.08 16:00:58 INFO  Progress (1): 204/636 kB
2026.03.08 16:00:58 INFO  Progress (1): 220/636 kB
2026.03.08 16:00:58 INFO  Progress (1): 236/636 kB
2026.03.08 16:00:58 INFO  Progress (1): 252/636 kB
2026.03.08 16:00:58 INFO  Progress (1): 269/636 kB
2026.03.08 16:00:58 INFO  Progress (1): 285/636 kB
2026.03.08 16:00:58 INFO  Progress (1): 301/636 kB
2026.03.08 16:00:58 INFO  Progress (1): 310/636 kB
2026.03.08 16:00:58 INFO  Progress (1): 318/636 kB
2026.03.08 16:00:58 INFO  Progress (1): 334/636 kB
2026.03.08 16:00:58 INFO  Progress (1): 351/636 kB
2026.03.08 16:00:58 INFO  Progress (1): 367/636 kB
2026.03.08 16:00:58 INFO  Progress (1): 383/636 kB
2026.03.08 16:00:58 INFO  Progress (1): 392/636 kB
2026.03.08 16:00:58 INFO  Progress (1): 408/636 kB
2026.03.08 16:00:58 INFO  Progress (1): 424/636 kB
2026.03.08 16:00:58 INFO  Progress (1): 433/636 kB
2026.03.08 16:00:58 INFO  Progress (1): 433/636 kB
2026.03.08 16:00:58 INFO  Progress (1): 449/636 kB
2026.03.08 16:00:58 INFO  Progress (1): 466/636 kB
2026.03.08 16:00:58 INFO  Progress (1): 482/636 kB
2026.03.08 16:00:58 INFO  Progress (1): 498/636 kB
2026.03.08 16:00:58 INFO  Progress (1): 515/636 kB
2026.03.08 16:00:58 INFO  Progress (1): 531/636 kB
2026.03.08 16:00:58 INFO  Progress (1): 548/636 kB
2026.03.08 16:00:58 INFO  Progress (1): 564/636 kB
2026.03.08 16:00:58 INFO  Progress (1): 580/636 kB
2026.03.08 16:00:58 INFO  Progress (1): 589/636 kB
2026.03.08 16:00:58 INFO  Progress (1): 605/636 kB
2026.03.08 16:00:58 INFO  Progress (1): 621/636 kB
2026.03.08 16:00:58 INFO  Progress (1): 636 kB    
2026.03.08 16:00:58 INFO                      
2026.03.08 16:00:58 INFO  Downloaded from central: https://repo.maven.apache.org/maven2/org/apache/pekko/pekko-http-core_3/1.0.1/pekko-http-core_3-1.0.1-sources.jar (636 kB at 1.9 MB/s)
2026.03.08 16:00:58 INFO  [INFO] SUCCESS: org.apache.pekko:pekko-http-core_3:jar:1.0.1:compile (sources = true)
2026.03.08 16:00:58 INFO  [INFO] Resolving artifact: org.apache.pekko:pekko-parsing_3:jar:1.0.1:compile (sources = false)
2026.03.08 16:00:58 INFO  [INFO] SUCCESS: org.apache.pekko:pekko-parsing_3:jar:1.0.1:compile (sources = false)
2026.03.08 16:00:58 INFO  [INFO] Resolving artifact: org.apache.pekko:pekko-parsing_3:jar:1.0.1:compile (sources = true)
2026.03.08 16:00:58 INFO  Downloading from central: https://repo.maven.apache.org/maven2/org/apache/pekko/pekko-parsing_3/1.0.1/pekko-parsing_3-1.0.1-sources.jar
2026.03.08 16:00:58 INFO  Progress (1): 3.4/8.4 kB
2026.03.08 16:00:58 INFO  Progress (1): 8.4 kB    
2026.03.08 16:00:58 INFO                      
2026.03.08 16:00:58 INFO  Downloaded from central: https://repo.maven.apache.org/maven2/org/apache/pekko/pekko-parsing_3/1.0.1/pekko-parsing_3-1.0.1-sources.jar (8.4 kB at 43 kB/s)
2026.03.08 16:00:58 INFO  [INFO] SUCCESS: org.apache.pekko:pekko-parsing_3:jar:1.0.1:compile (sources = true)
2026.03.08 16:00:58 INFO  [INFO] Resolving artifact: org.parboiled:parboiled_3:jar:2.5.0:compile (sources = false)
2026.03.08 16:00:58 INFO  [INFO] SUCCESS: org.parboiled:parboiled_3:jar:2.5.0:compile (sources = false)
2026.03.08 16:00:58 INFO  [INFO] Resolving artifact: org.parboiled:parboiled_3:jar:2.5.0:compile (sources = true)
2026.03.08 16:00:58 INFO  Downloading from central: https://repo.maven.apache.org/maven2/org/parboiled/parboiled_3/2.5.0/parboiled_3-2.5.0-sources.jar
2026.03.08 16:00:58 INFO  Progress (1): 7.7/60 kB
2026.03.08 16:00:58 INFO  Progress (1): 8.2/60 kB
2026.03.08 16:00:58 INFO  Progress (1): 25/60 kB 
2026.03.08 16:00:58 INFO  Progress (1): 33/60 kB
2026.03.08 16:00:58 INFO  Progress (1): 41/60 kB
2026.03.08 16:00:58 INFO  Progress (1): 49/60 kB
2026.03.08 16:00:58 INFO  Progress (1): 57/60 kB
2026.03.08 16:00:58 INFO  Progress (1): 60 kB   
2026.03.08 16:00:58 INFO                     
2026.03.08 16:00:58 INFO  Downloaded from central: https://repo.maven.apache.org/maven2/org/parboiled/parboiled_3/2.5.0/parboiled_3-2.5.0-sources.jar (60 kB at 518 kB/s)
2026.03.08 16:00:58 INFO  [INFO] SUCCESS: org.parboiled:parboiled_3:jar:2.5.0:compile (sources = true)
2026.03.08 16:00:58 INFO  [INFO] Resolving artifact: org.apache.pekko:pekko-http-jackson_3:jar:1.0.1:compile (sources = false)
2026.03.08 16:00:58 INFO  [INFO] SUCCESS: org.apache.pekko:pekko-http-jackson_3:jar:1.0.1:compile (sources = false)
2026.03.08 16:00:58 INFO  [INFO] Resolving artifact: org.apache.pekko:pekko-http-jackson_3:jar:1.0.1:compile (sources = true)
2026.03.08 16:00:58 INFO  Downloading from central: https://repo.maven.apache.org/maven2/org/apache/pekko/pekko-http-jackson_3/1.0.1/pekko-http-jackson_3-1.0.1-sources.jar
2026.03.08 16:00:58 INFO  Progress (1): 7.4 kB
2026.03.08 16:00:58 INFO                      
2026.03.08 16:00:58 INFO  Downloaded from central: https://repo.maven.apache.org/maven2/org/apache/pekko/pekko-http-jackson_3/1.0.1/pekko-http-jackson_3-1.0.1-sources.jar (7.4 kB at 40 kB/s)
2026.03.08 16:00:58 INFO  [INFO] SUCCESS: org.apache.pekko:pekko-http-jackson_3:jar:1.0.1:compile (sources = true)
2026.03.08 16:00:58 INFO  [INFO] Resolving artifact: org.apache.pekko:pekko-slf4j_3:jar:1.1.2:compile (sources = false)
2026.03.08 16:00:58 INFO  [INFO] SUCCESS: org.apache.pekko:pekko-slf4j_3:jar:1.1.2:compile (sources = false)
2026.03.08 16:00:58 INFO  [INFO] Resolving artifact: org.apache.pekko:pekko-slf4j_3:jar:1.1.2:compile (sources = true)
2026.03.08 16:00:58 INFO  Downloading from central: https://repo.maven.apache.org/maven2/org/apache/pekko/pekko-slf4j_3/1.1.2/pekko-slf4j_3-1.1.2-sources.jar
2026.03.08 16:00:58 INFO  Progress (1): 7.7/7.7 kB
2026.03.08 16:00:58 INFO  Progress (1): 7.7 kB    
2026.03.08 16:00:58 INFO                      
2026.03.08 16:00:58 INFO  Downloaded from central: https://repo.maven.apache.org/maven2/org/apache/pekko/pekko-slf4j_3/1.1.2/pekko-slf4j_3-1.1.2-sources.jar (7.7 kB at 37 kB/s)
2026.03.08 16:00:58 INFO  [INFO] SUCCESS: org.apache.pekko:pekko-slf4j_3:jar:1.1.2:compile (sources = true)
2026.03.08 16:00:58 INFO  [INFO] Resolving artifact: org.slf4j:slf4j-api:jar:2.0.16:compile (sources = false)
2026.03.08 16:00:58 INFO  [INFO] SUCCESS: org.slf4j:slf4j-api:jar:2.0.16:compile (sources = false)
2026.03.08 16:00:58 INFO  [INFO] Resolving artifact: org.slf4j:slf4j-api:jar:2.0.16:compile (sources = true)
2026.03.08 16:00:58 INFO  Downloading from central: https://repo.maven.apache.org/maven2/org/slf4j/slf4j-api/2.0.16/slf4j-api-2.0.16-sources.jar
2026.03.08 16:00:58 INFO  Progress (1): 8.2/76 kB
2026.03.08 16:00:58 INFO  Progress (1): 25/76 kB 
2026.03.08 16:00:58 INFO  Progress (1): 41/76 kB
2026.03.08 16:00:58 INFO  Progress (1): 57/76 kB
2026.03.08 16:00:58 INFO  Progress (1): 74/76 kB
2026.03.08 16:00:58 INFO  Progress (1): 76 kB   
2026.03.08 16:00:58 INFO                     
2026.03.08 16:00:58 INFO  Downloaded from central: https://repo.maven.apache.org/maven2/org/slf4j/slf4j-api/2.0.16/slf4j-api-2.0.16-sources.jar (76 kB at 2.2 MB/s)
2026.03.08 16:00:58 INFO  [INFO] SUCCESS: org.slf4j:slf4j-api:jar:2.0.16:compile (sources = true)
2026.03.08 16:00:58 INFO  [INFO] Resolving artifact: com.fasterxml.jackson.core:jackson-databind:jar:2.17.2:compile (sources = false)
2026.03.08 16:00:58 INFO  [INFO] SUCCESS: com.fasterxml.jackson.core:jackson-databind:jar:2.17.2:compile (sources = false)
2026.03.08 16:00:58 INFO  [INFO] Resolving artifact: com.fasterxml.jackson.core:jackson-databind:jar:2.17.2:compile (sources = true)
2026.03.08 16:00:58 INFO  Downloading from central: https://repo.maven.apache.org/maven2/com/fasterxml/jackson/core/jackson-databind/2.17.2/jackson-databind-2.17.2-sources.jar
2026.03.08 16:00:58 INFO  Progress (1): 0/1.2 MB
2026.03.08 16:00:58 INFO  Progress (1): 0/1.2 MB
2026.03.08 16:00:58 INFO  Progress (1): 0/1.2 MB
2026.03.08 16:00:58 INFO  Progress (1): 0/1.2 MB
2026.03.08 16:00:58 INFO  Progress (1): 0.1/1.2 MB
2026.03.08 16:00:58 INFO  Progress (1): 0.1/1.2 MB
2026.03.08 16:00:58 INFO  Progress (1): 0.1/1.2 MB
2026.03.08 16:00:58 INFO  Progress (1): 0.1/1.2 MB
2026.03.08 16:00:58 INFO  Progress (1): 0.1/1.2 MB
2026.03.08 16:00:58 INFO  Progress (1): 0.1/1.2 MB
2026.03.08 16:00:58 INFO  Progress (1): 0.1/1.2 MB
2026.03.08 16:00:58 INFO  Progress (1): 0.2/1.2 MB
2026.03.08 16:00:58 INFO  Progress (1): 0.2/1.2 MB
2026.03.08 16:00:58 INFO  Progress (1): 0.2/1.2 MB
2026.03.08 16:00:58 INFO  Progress (1): 0.2/1.2 MB
2026.03.08 16:00:58 INFO  Progress (1): 0.2/1.2 MB
2026.03.08 16:00:58 INFO  Progress (1): 0.2/1.2 MB
2026.03.08 16:00:58 INFO  Progress (1): 0.2/1.2 MB
2026.03.08 16:00:58 INFO  Progress (1): 0.3/1.2 MB
2026.03.08 16:00:58 INFO  Progress (1): 0.3/1.2 MB
2026.03.08 16:00:58 INFO  Progress (1): 0.3/1.2 MB
2026.03.08 16:00:58 INFO  Progress (1): 0.3/1.2 MB
2026.03.08 16:00:58 INFO  Progress (1): 0.3/1.2 MB
2026.03.08 16:00:58 INFO  Progress (1): 0.3/1.2 MB
2026.03.08 16:00:58 INFO  Progress (1): 0.3/1.2 MB
2026.03.08 16:00:58 INFO  Progress (1): 0.4/1.2 MB
2026.03.08 16:00:58 INFO  Progress (1): 0.4/1.2 MB
2026.03.08 16:00:58 INFO  Progress (1): 0.4/1.2 MB
2026.03.08 16:00:58 INFO  Progress (1): 0.4/1.2 MB
2026.03.08 16:00:58 INFO  Progress (1): 0.4/1.2 MB
2026.03.08 16:00:58 INFO  Progress (1): 0.4/1.2 MB
2026.03.08 16:00:58 INFO  Progress (1): 0.4/1.2 MB
2026.03.08 16:00:58 INFO  Progress (1): 0.5/1.2 MB
2026.03.08 16:00:58 INFO  Progress (1): 0.5/1.2 MB
2026.03.08 16:00:58 INFO  Progress (1): 0.5/1.2 MB
2026.03.08 16:00:58 INFO  Progress (1): 0.5/1.2 MB
2026.03.08 16:00:58 INFO  Progress (1): 0.5/1.2 MB
2026.03.08 16:00:58 INFO  Progress (1): 0.5/1.2 MB
2026.03.08 16:00:58 INFO  Progress (1): 0.5/1.2 MB
2026.03.08 16:00:58 INFO  Progress (1): 0.5/1.2 MB
2026.03.08 16:00:58 INFO  Progress (1): 0.6/1.2 MB
2026.03.08 16:00:58 INFO  Progress (1): 0.6/1.2 MB
2026.03.08 16:00:58 INFO  Progress (1): 0.6/1.2 MB
2026.03.08 16:00:58 INFO  Progress (1): 0.6/1.2 MB
2026.03.08 16:00:58 INFO  Progress (1): 0.6/1.2 MB
2026.03.08 16:00:58 INFO  Progress (1): 0.6/1.2 MB
2026.03.08 16:00:58 INFO  Progress (1): 0.7/1.2 MB
2026.03.08 16:00:58 INFO  Progress (1): 0.7/1.2 MB
2026.03.08 16:00:58 INFO  Progress (1): 0.7/1.2 MB
2026.03.08 16:00:58 INFO  Progress (1): 0.7/1.2 MB
2026.03.08 16:00:58 INFO  Progress (1): 0.7/1.2 MB
2026.03.08 16:00:58 INFO  Progress (1): 0.7/1.2 MB
2026.03.08 16:00:58 INFO  Progress (1): 0.8/1.2 MB
2026.03.08 16:00:58 INFO  Progress (1): 0.8/1.2 MB
2026.03.08 16:00:58 INFO  Progress (1): 0.8/1.2 MB
2026.03.08 16:00:58 INFO  Progress (1): 0.8/1.2 MB
2026.03.08 16:00:58 INFO  Progress (1): 0.8/1.2 MB
2026.03.08 16:00:58 INFO  Progress (1): 0.8/1.2 MB
2026.03.08 16:00:58 INFO  Progress (1): 0.9/1.2 MB
2026.03.08 16:00:58 INFO  Progress (1): 0.9/1.2 MB
2026.03.08 16:00:58 INFO  Progress (1): 0.9/1.2 MB
2026.03.08 16:00:58 INFO  Progress (1): 0.9/1.2 MB
2026.03.08 16:00:58 INFO  Progress (1): 0.9/1.2 MB
2026.03.08 16:00:58 INFO  Progress (1): 0.9/1.2 MB
2026.03.08 16:00:58 INFO  Progress (1): 1.0/1.2 MB
2026.03.08 16:00:58 INFO  Progress (1): 1.0/1.2 MB
2026.03.08 16:00:58 INFO  Progress (1): 1.0/1.2 MB
2026.03.08 16:00:58 INFO  Progress (1): 1.0/1.2 MB
2026.03.08 16:00:58 INFO  Progress (1): 1.0/1.2 MB
2026.03.08 16:00:58 INFO  Progress (1): 1.0/1.2 MB
2026.03.08 16:00:58 INFO  Progress (1): 1.1/1.2 MB
2026.03.08 16:00:58 INFO  Progress (1): 1.1/1.2 MB
2026.03.08 16:00:58 INFO  Progress (1): 1.1/1.2 MB
2026.03.08 16:00:58 INFO  Progress (1): 1.1/1.2 MB
2026.03.08 16:00:58 INFO  Progress (1): 1.1/1.2 MB
2026.03.08 16:00:58 INFO  Progress (1): 1.1/1.2 MB
2026.03.08 16:00:58 INFO  Progress (1): 1.2/1.2 MB
2026.03.08 16:00:58 INFO  Progress (1): 1.2/1.2 MB
2026.03.08 16:00:58 INFO  Progress (1): 1.2/1.2 MB
2026.03.08 16:00:58 INFO  Progress (1): 1.2/1.2 MB
2026.03.08 16:00:58 INFO  Progress (1): 1.2/1.2 MB
2026.03.08 16:00:58 INFO  Progress (1): 1.2 MB    
2026.03.08 16:00:58 INFO                      
2026.03.08 16:00:58 INFO  Downloaded from central: https://repo.maven.apache.org/maven2/com/fasterxml/jackson/core/jackson-databind/2.17.2/jackson-databind-2.17.2-sources.jar (1.2 MB at 24 MB/s)
2026.03.08 16:00:58 INFO  [INFO] SUCCESS: com.fasterxml.jackson.core:jackson-databind:jar:2.17.2:compile (sources = true)
2026.03.08 16:00:58 INFO  [INFO] Resolving artifact: com.fasterxml.jackson.core:jackson-core:jar:2.17.2:compile (sources = false)
2026.03.08 16:00:58 INFO  [INFO] SUCCESS: com.fasterxml.jackson.core:jackson-core:jar:2.17.2:compile (sources = false)
2026.03.08 16:00:58 INFO  [INFO] Resolving artifact: com.fasterxml.jackson.core:jackson-core:jar:2.17.2:compile (sources = true)
2026.03.08 16:00:58 INFO  Downloading from central: https://repo.maven.apache.org/maven2/com/fasterxml/jackson/core/jackson-core/2.17.2/jackson-core-2.17.2-sources.jar
2026.03.08 16:00:58 INFO  Progress (1): 7.7/489 kB
2026.03.08 16:00:58 INFO  Progress (1): 16/489 kB 
2026.03.08 16:00:58 INFO  Progress (1): 25/489 kB
2026.03.08 16:00:58 INFO  Progress (1): 41/489 kB
2026.03.08 16:00:58 INFO  Progress (1): 57/489 kB
2026.03.08 16:00:58 INFO  Progress (1): 74/489 kB
2026.03.08 16:00:58 INFO  Progress (1): 90/489 kB
2026.03.08 16:00:58 INFO  Progress (1): 98/489 kB
2026.03.08 16:00:58 INFO  Progress (1): 106/489 kB
2026.03.08 16:00:58 INFO  Progress (1): 123/489 kB
2026.03.08 16:00:58 INFO  Progress (1): 139/489 kB
2026.03.08 16:00:58 INFO  Progress (1): 147/489 kB
2026.03.08 16:00:58 INFO  Progress (1): 164/489 kB
2026.03.08 16:00:58 INFO  Progress (1): 180/489 kB
2026.03.08 16:00:58 INFO  Progress (1): 197/489 kB
2026.03.08 16:00:58 INFO  Progress (1): 213/489 kB
2026.03.08 16:00:58 INFO  Progress (1): 221/489 kB
2026.03.08 16:00:58 INFO  Progress (1): 238/489 kB
2026.03.08 16:00:58 INFO  Progress (1): 246/489 kB
2026.03.08 16:00:58 INFO  Progress (1): 262/489 kB
2026.03.08 16:00:58 INFO  Progress (1): 270/489 kB
2026.03.08 16:00:58 INFO  Progress (1): 287/489 kB
2026.03.08 16:00:58 INFO  Progress (1): 295/489 kB
2026.03.08 16:00:58 INFO  Progress (1): 303/489 kB
2026.03.08 16:00:58 INFO  Progress (1): 319/489 kB
2026.03.08 16:00:58 INFO  Progress (1): 328/489 kB
2026.03.08 16:00:58 INFO  Progress (1): 344/489 kB
2026.03.08 16:00:58 INFO  Progress (1): 352/489 kB
2026.03.08 16:00:58 INFO  Progress (1): 360/489 kB
2026.03.08 16:00:58 INFO  Progress (1): 369/489 kB
2026.03.08 16:00:58 INFO  Progress (1): 385/489 kB
2026.03.08 16:00:58 INFO  Progress (1): 393/489 kB
2026.03.08 16:00:58 INFO  Progress (1): 410/489 kB
2026.03.08 16:00:58 INFO  Progress (1): 426/489 kB
2026.03.08 16:00:58 INFO  Progress (1): 434/489 kB
2026.03.08 16:00:58 INFO  Progress (1): 451/489 kB
2026.03.08 16:00:58 INFO  Progress (1): 459/489 kB
2026.03.08 16:00:58 INFO  Progress (1): 475/489 kB
2026.03.08 16:00:58 INFO  Progress (1): 489 kB    
2026.03.08 16:00:58 INFO                      
2026.03.08 16:00:58 INFO  Downloaded from central: https://repo.maven.apache.org/maven2/com/fasterxml/jackson/core/jackson-core/2.17.2/jackson-core-2.17.2-sources.jar (489 kB at 12 MB/s)
2026.03.08 16:00:58 INFO  [INFO] SUCCESS: com.fasterxml.jackson.core:jackson-core:jar:2.17.2:compile (sources = true)
2026.03.08 16:00:58 INFO  [INFO] Resolving artifact: com.fasterxml.jackson.core:jackson-annotations:jar:2.17.2:compile (sources = false)
2026.03.08 16:00:58 INFO  [INFO] SUCCESS: com.fasterxml.jackson.core:jackson-annotations:jar:2.17.2:compile (sources = false)
2026.03.08 16:00:58 INFO  [INFO] Resolving artifact: com.fasterxml.jackson.core:jackson-annotations:jar:2.17.2:compile (sources = true)
2026.03.08 16:00:58 INFO  Downloading from central: https://repo.maven.apache.org/maven2/com/fasterxml/jackson/core/jackson-annotations/2.17.2/jackson-annotations-2.17.2-sources.jar
2026.03.08 16:00:58 INFO  Progress (1): 3.4/84 kB
2026.03.08 16:00:58 INFO  Progress (1): 20/84 kB 
2026.03.08 16:00:58 INFO  Progress (1): 28/84 kB
2026.03.08 16:00:58 INFO  Progress (1): 44/84 kB
2026.03.08 16:00:58 INFO  Progress (1): 61/84 kB
2026.03.08 16:00:58 INFO  Progress (1): 77/84 kB
2026.03.08 16:00:58 INFO  Progress (1): 84 kB   
2026.03.08 16:00:58 INFO                     
2026.03.08 16:00:58 INFO  Downloaded from central: https://repo.maven.apache.org/maven2/com/fasterxml/jackson/core/jackson-annotations/2.17.2/jackson-annotations-2.17.2-sources.jar (84 kB at 2.8 MB/s)
2026.03.08 16:00:58 INFO  [INFO] SUCCESS: com.fasterxml.jackson.core:jackson-annotations:jar:2.17.2:compile (sources = true)
2026.03.08 16:00:58 INFO  [INFO] Resolving artifact: org.postgresql:postgresql:jar:42.7.3:compile (sources = false)
2026.03.08 16:00:58 INFO  [INFO] SUCCESS: org.postgresql:postgresql:jar:42.7.3:compile (sources = false)
2026.03.08 16:00:58 INFO  [INFO] Resolving artifact: org.postgresql:postgresql:jar:42.7.3:compile (sources = true)
2026.03.08 16:00:58 INFO  Downloading from central: https://repo.maven.apache.org/maven2/org/postgresql/postgresql/42.7.3/postgresql-42.7.3-sources.jar
2026.03.08 16:00:58 INFO  Progress (1): 7.7/882 kB
2026.03.08 16:00:58 INFO  Progress (1): 16/882 kB 
2026.03.08 16:00:58 INFO  Progress (1): 25/882 kB
2026.03.08 16:00:58 INFO  Progress (1): 41/882 kB
2026.03.08 16:00:58 INFO  Progress (1): 57/882 kB
2026.03.08 16:00:58 INFO  Progress (1): 66/882 kB
2026.03.08 16:00:58 INFO  Progress (1): 82/882 kB
2026.03.08 16:00:58 INFO  Progress (1): 98/882 kB
2026.03.08 16:00:58 INFO  Progress (1): 115/882 kB
2026.03.08 16:00:58 INFO  Progress (1): 123/882 kB
2026.03.08 16:00:58 INFO  Progress (1): 139/882 kB
2026.03.08 16:00:58 INFO  Progress (1): 156/882 kB
2026.03.08 16:00:58 INFO  Progress (1): 164/882 kB
2026.03.08 16:00:58 INFO  Progress (1): 180/882 kB
2026.03.08 16:00:58 INFO  Progress (1): 188/882 kB
2026.03.08 16:00:58 INFO  Progress (1): 205/882 kB
2026.03.08 16:00:58 INFO  Progress (1): 213/882 kB
2026.03.08 16:00:58 INFO  Progress (1): 229/882 kB
2026.03.08 16:00:58 INFO  Progress (1): 246/882 kB
2026.03.08 16:00:58 INFO  Progress (1): 262/882 kB
2026.03.08 16:00:58 INFO  Progress (1): 279/882 kB
2026.03.08 16:00:58 INFO  Progress (1): 295/882 kB
2026.03.08 16:00:58 INFO  Progress (1): 311/882 kB
2026.03.08 16:00:58 INFO  Progress (1): 328/882 kB
2026.03.08 16:00:58 INFO  Progress (1): 344/882 kB
2026.03.08 16:00:58 INFO  Progress (1): 360/882 kB
2026.03.08 16:00:58 INFO  Progress (1): 377/882 kB
2026.03.08 16:00:58 INFO  Progress (1): 393/882 kB
2026.03.08 16:00:58 INFO  Progress (1): 401/882 kB
2026.03.08 16:00:58 INFO  Progress (1): 418/882 kB
2026.03.08 16:00:58 INFO  Progress (1): 434/882 kB
2026.03.08 16:00:58 INFO  Progress (1): 451/882 kB
2026.03.08 16:00:58 INFO  Progress (1): 467/882 kB
2026.03.08 16:00:58 INFO  Progress (1): 483/882 kB
2026.03.08 16:00:58 INFO  Progress (1): 500/882 kB
2026.03.08 16:00:58 INFO  Progress (1): 516/882 kB
2026.03.08 16:00:58 INFO  Progress (1): 532/882 kB
2026.03.08 16:00:58 INFO  Progress (1): 549/882 kB
2026.03.08 16:00:58 INFO  Progress (1): 565/882 kB
2026.03.08 16:00:58 INFO  Progress (1): 582/882 kB
2026.03.08 16:00:58 INFO  Progress (1): 598/882 kB
2026.03.08 16:00:58 INFO  Progress (1): 614/882 kB
2026.03.08 16:00:58 INFO  Progress (1): 631/882 kB
2026.03.08 16:00:58 INFO  Progress (1): 647/882 kB
2026.03.08 16:00:58 INFO  Progress (1): 664/882 kB
2026.03.08 16:00:58 INFO  Progress (1): 680/882 kB
2026.03.08 16:00:58 INFO  Progress (1): 696/882 kB
2026.03.08 16:00:58 INFO  Progress (1): 713/882 kB
2026.03.08 16:00:58 INFO  Progress (1): 729/882 kB
2026.03.08 16:00:58 INFO  Progress (1): 745/882 kB
2026.03.08 16:00:58 INFO  Progress (1): 762/882 kB
2026.03.08 16:00:58 INFO  Progress (1): 778/882 kB
2026.03.08 16:00:58 INFO  Progress (1): 795/882 kB
2026.03.08 16:00:58 INFO  Progress (1): 811/882 kB
2026.03.08 16:00:58 INFO  Progress (1): 827/882 kB
2026.03.08 16:00:58 INFO  Progress (1): 844/882 kB
2026.03.08 16:00:58 INFO  Progress (1): 860/882 kB
2026.03.08 16:00:58 INFO  Progress (1): 877/882 kB
2026.03.08 16:00:58 INFO  Progress (1): 882 kB    
2026.03.08 16:00:58 INFO                      
2026.03.08 16:00:58 INFO  Downloaded from central: https://repo.maven.apache.org/maven2/org/postgresql/postgresql/42.7.3/postgresql-42.7.3-sources.jar (882 kB at 20 MB/s)
2026.03.08 16:00:58 INFO  [INFO] SUCCESS: org.postgresql:postgresql:jar:42.7.3:compile (sources = true)
2026.03.08 16:00:58 INFO  [INFO] Resolving artifact: org.checkerframework:checker-qual:jar:3.42.0:runtime (sources = false)
2026.03.08 16:00:58 INFO  Downloading from central: https://repo.maven.apache.org/maven2/org/checkerframework/checker-qual/3.42.0/checker-qual-3.42.0.jar
2026.03.08 16:00:59 INFO  Progress (1): 7.7/231 kB
2026.03.08 16:00:59 INFO  Progress (1): 16/231 kB 
2026.03.08 16:00:59 INFO  Progress (1): 28/231 kB
2026.03.08 16:00:59 INFO  Progress (1): 44/231 kB
2026.03.08 16:00:59 INFO  Progress (1): 61/231 kB
2026.03.08 16:00:59 INFO  Progress (1): 77/231 kB
2026.03.08 16:00:59 INFO  Progress (1): 93/231 kB
2026.03.08 16:00:59 INFO  Progress (1): 110/231 kB
2026.03.08 16:00:59 INFO  Progress (1): 126/231 kB
2026.03.08 16:00:59 INFO  Progress (1): 143/231 kB
2026.03.08 16:00:59 INFO  Progress (1): 159/231 kB
2026.03.08 16:00:59 INFO  Progress (1): 175/231 kB
2026.03.08 16:00:59 INFO  Progress (1): 192/231 kB
2026.03.08 16:00:59 INFO  Progress (1): 208/231 kB
2026.03.08 16:00:59 INFO  Progress (1): 225/231 kB
2026.03.08 16:00:59 INFO  Progress (1): 231 kB    
2026.03.08 16:00:59 INFO                      
2026.03.08 16:00:59 INFO  Downloaded from central: https://repo.maven.apache.org/maven2/org/checkerframework/checker-qual/3.42.0/checker-qual-3.42.0.jar (231 kB at 6.8 MB/s)
2026.03.08 16:00:59 INFO  [INFO] SUCCESS: org.checkerframework:checker-qual:jar:3.42.0:runtime (sources = false)
2026.03.08 16:00:59 INFO  [INFO] Resolving artifact: org.checkerframework:checker-qual:jar:3.42.0:runtime (sources = true)
2026.03.08 16:00:59 INFO  Downloading from central: https://repo.maven.apache.org/maven2/org/checkerframework/checker-qual/3.42.0/checker-qual-3.42.0-sources.jar
2026.03.08 16:00:59 INFO  Progress (1): 7.7/264 kB
2026.03.08 16:00:59 INFO  Progress (1): 8.2/264 kB
2026.03.08 16:00:59 INFO  Progress (1): 25/264 kB 
2026.03.08 16:00:59 INFO  Progress (1): 41/264 kB
2026.03.08 16:00:59 INFO  Progress (1): 57/264 kB
2026.03.08 16:00:59 INFO  Progress (1): 74/264 kB
2026.03.08 16:00:59 INFO  Progress (1): 90/264 kB
2026.03.08 16:00:59 INFO  Progress (1): 106/264 kB
2026.03.08 16:00:59 INFO  Progress (1): 123/264 kB
2026.03.08 16:00:59 INFO  Progress (1): 139/264 kB
2026.03.08 16:00:59 INFO  Progress (1): 156/264 kB
2026.03.08 16:00:59 INFO  Progress (1): 172/264 kB
2026.03.08 16:00:59 INFO  Progress (1): 188/264 kB
2026.03.08 16:00:59 INFO  Progress (1): 197/264 kB
2026.03.08 16:00:59 INFO  Progress (1): 205/264 kB
2026.03.08 16:00:59 INFO  Progress (1): 221/264 kB
2026.03.08 16:00:59 INFO  Progress (1): 238/264 kB
2026.03.08 16:00:59 INFO  Progress (1): 254/264 kB
2026.03.08 16:00:59 INFO  Progress (1): 264 kB    
2026.03.08 16:00:59 INFO                      
2026.03.08 16:00:59 INFO  Downloaded from central: https://repo.maven.apache.org/maven2/org/checkerframework/checker-qual/3.42.0/checker-qual-3.42.0-sources.jar (264 kB at 9.4 MB/s)
2026.03.08 16:00:59 INFO  [INFO] SUCCESS: org.checkerframework:checker-qual:jar:3.42.0:runtime (sources = true)
2026.03.08 16:00:59 INFO  [INFO] Resolving artifact: io.delta:delta-kernel-api:jar:4.0.0:compile (sources = false)
2026.03.08 16:00:59 INFO  [INFO] SUCCESS: io.delta:delta-kernel-api:jar:4.0.0:compile (sources = false)
2026.03.08 16:00:59 INFO  [INFO] Resolving artifact: io.delta:delta-kernel-api:jar:4.0.0:compile (sources = true)
2026.03.08 16:00:59 INFO  Downloading from central: https://repo.maven.apache.org/maven2/io/delta/delta-kernel-api/4.0.0/delta-kernel-api-4.0.0-sources.jar
2026.03.08 16:00:59 INFO  Progress (1): 7.7/424 kB
2026.03.08 16:00:59 INFO  Progress (1): 16/424 kB 
2026.03.08 16:00:59 INFO  Progress (1): 32/424 kB
2026.03.08 16:00:59 INFO  Progress (1): 49/424 kB
2026.03.08 16:00:59 INFO  Progress (1): 65/424 kB
2026.03.08 16:00:59 INFO  Progress (1): 81/424 kB
2026.03.08 16:00:59 INFO  Progress (1): 98/424 kB
2026.03.08 16:00:59 INFO  Progress (1): 98/424 kB
2026.03.08 16:00:59 INFO  Progress (1): 115/424 kB
2026.03.08 16:00:59 INFO  Progress (1): 131/424 kB
2026.03.08 16:00:59 INFO  Progress (1): 147/424 kB
2026.03.08 16:00:59 INFO  Progress (1): 164/424 kB
2026.03.08 16:00:59 INFO  Progress (1): 180/424 kB
2026.03.08 16:00:59 INFO  Progress (1): 197/424 kB
2026.03.08 16:00:59 INFO  Progress (1): 213/424 kB
2026.03.08 16:00:59 INFO  Progress (1): 229/424 kB
2026.03.08 16:00:59 INFO  Progress (1): 246/424 kB
2026.03.08 16:00:59 INFO  Progress (1): 262/424 kB
2026.03.08 16:00:59 INFO  Progress (1): 279/424 kB
2026.03.08 16:00:59 INFO  Progress (1): 295/424 kB
2026.03.08 16:00:59 INFO  Progress (1): 311/424 kB
2026.03.08 16:00:59 INFO  Progress (1): 328/424 kB
2026.03.08 16:00:59 INFO  Progress (1): 344/424 kB
2026.03.08 16:00:59 INFO  Progress (1): 360/424 kB
2026.03.08 16:00:59 INFO  Progress (1): 377/424 kB
2026.03.08 16:00:59 INFO  Progress (1): 393/424 kB
2026.03.08 16:00:59 INFO  Progress (1): 410/424 kB
2026.03.08 16:00:59 INFO  Progress (1): 424 kB    
2026.03.08 16:00:59 INFO                      
2026.03.08 16:00:59 INFO  Downloaded from central: https://repo.maven.apache.org/maven2/io/delta/delta-kernel-api/4.0.0/delta-kernel-api-4.0.0-sources.jar (424 kB at 9.2 MB/s)
2026.03.08 16:00:59 INFO  [INFO] SUCCESS: io.delta:delta-kernel-api:jar:4.0.0:compile (sources = true)
2026.03.08 16:00:59 INFO  [INFO] Resolving artifact: org.roaringbitmap:RoaringBitmap:jar:0.9.25:compile (sources = false)
2026.03.08 16:00:59 INFO  [INFO] SUCCESS: org.roaringbitmap:RoaringBitmap:jar:0.9.25:compile (sources = false)
2026.03.08 16:00:59 INFO  [INFO] Resolving artifact: org.roaringbitmap:RoaringBitmap:jar:0.9.25:compile (sources = true)
2026.03.08 16:00:59 INFO  Downloading from central: https://repo.maven.apache.org/maven2/org/roaringbitmap/RoaringBitmap/0.9.25/RoaringBitmap-0.9.25-sources.jar
2026.03.08 16:00:59 INFO  Progress (1): 7.7/265 kB
2026.03.08 16:00:59 INFO  Progress (1): 8.2/265 kB
2026.03.08 16:00:59 INFO  Progress (1): 25/265 kB 
2026.03.08 16:00:59 INFO  Progress (1): 41/265 kB
2026.03.08 16:00:59 INFO  Progress (1): 57/265 kB
2026.03.08 16:00:59 INFO  Progress (1): 66/265 kB
2026.03.08 16:00:59 INFO  Progress (1): 82/265 kB
2026.03.08 16:00:59 INFO  Progress (1): 98/265 kB
2026.03.08 16:00:59 INFO  Progress (1): 115/265 kB
2026.03.08 16:00:59 INFO  Progress (1): 123/265 kB
2026.03.08 16:00:59 INFO  Progress (1): 139/265 kB
2026.03.08 16:00:59 INFO  Progress (1): 147/265 kB
2026.03.08 16:00:59 INFO  Progress (1): 156/265 kB
2026.03.08 16:00:59 INFO  Progress (1): 172/265 kB
2026.03.08 16:00:59 INFO  Progress (1): 180/265 kB
2026.03.08 16:00:59 INFO  Progress (1): 197/265 kB
2026.03.08 16:00:59 INFO  Progress (1): 205/265 kB
2026.03.08 16:00:59 INFO  Progress (1): 221/265 kB
2026.03.08 16:00:59 INFO  Progress (1): 238/265 kB
2026.03.08 16:00:59 INFO  Progress (1): 246/265 kB
2026.03.08 16:00:59 INFO  Progress (1): 262/265 kB
2026.03.08 16:00:59 INFO  Progress (1): 265 kB    
2026.03.08 16:00:59 INFO                      
2026.03.08 16:00:59 INFO  Downloaded from central: https://repo.maven.apache.org/maven2/org/roaringbitmap/RoaringBitmap/0.9.25/RoaringBitmap-0.9.25-sources.jar (265 kB at 7.6 MB/s)
2026.03.08 16:00:59 INFO  [INFO] SUCCESS: org.roaringbitmap:RoaringBitmap:jar:0.9.25:compile (sources = true)
2026.03.08 16:00:59 INFO  [INFO] Resolving artifact: org.roaringbitmap:shims:jar:0.9.25:runtime (sources = false)
2026.03.08 16:00:59 INFO  Downloading from central: https://repo.maven.apache.org/maven2/org/roaringbitmap/shims/0.9.25/shims-0.9.25.jar
2026.03.08 16:00:59 INFO  Progress (1): 2.5 kB
2026.03.08 16:00:59 INFO                      
2026.03.08 16:00:59 INFO  Downloaded from central: https://repo.maven.apache.org/maven2/org/roaringbitmap/shims/0.9.25/shims-0.9.25.jar (2.5 kB at 82 kB/s)
2026.03.08 16:00:59 INFO  [INFO] SUCCESS: org.roaringbitmap:shims:jar:0.9.25:runtime (sources = false)
2026.03.08 16:00:59 INFO  [INFO] Resolving artifact: org.roaringbitmap:shims:jar:0.9.25:runtime (sources = true)
2026.03.08 16:00:59 INFO  Downloading from central: https://repo.maven.apache.org/maven2/org/roaringbitmap/shims/0.9.25/shims-0.9.25-sources.jar
2026.03.08 16:00:59 INFO  Progress (1): 1.3 kB
2026.03.08 16:00:59 INFO                      
2026.03.08 16:00:59 INFO  Downloaded from central: https://repo.maven.apache.org/maven2/org/roaringbitmap/shims/0.9.25/shims-0.9.25-sources.jar (1.3 kB at 26 kB/s)
2026.03.08 16:00:59 INFO  [INFO] SUCCESS: org.roaringbitmap:shims:jar:0.9.25:runtime (sources = true)
2026.03.08 16:00:59 INFO  [INFO] Resolving artifact: com.fasterxml.jackson.datatype:jackson-datatype-jdk8:jar:2.13.5:compile (sources = false)
2026.03.08 16:00:59 INFO  [INFO] SUCCESS: com.fasterxml.jackson.datatype:jackson-datatype-jdk8:jar:2.13.5:compile (sources = false)
2026.03.08 16:00:59 INFO  [INFO] Resolving artifact: com.fasterxml.jackson.datatype:jackson-datatype-jdk8:jar:2.13.5:compile (sources = true)
2026.03.08 16:00:59 INFO  Downloading from central: https://repo.maven.apache.org/maven2/com/fasterxml/jackson/datatype/jackson-datatype-jdk8/2.13.5/jackson-datatype-jdk8-2.13.5-sources.jar
2026.03.08 16:00:59 INFO  Progress (1): 7.7/22 kB
2026.03.08 16:00:59 INFO  Progress (1): 16/22 kB 
2026.03.08 16:00:59 INFO  Progress (1): 22 kB   
2026.03.08 16:00:59 INFO                     
2026.03.08 16:00:59 INFO  Downloaded from central: https://repo.maven.apache.org/maven2/com/fasterxml/jackson/datatype/jackson-datatype-jdk8/2.13.5/jackson-datatype-jdk8-2.13.5-sources.jar (22 kB at 737 kB/s)
2026.03.08 16:00:59 INFO  [INFO] SUCCESS: com.fasterxml.jackson.datatype:jackson-datatype-jdk8:jar:2.13.5:compile (sources = true)
2026.03.08 16:00:59 INFO  [INFO] Resolving artifact: io.delta:delta-kernel-defaults:jar:4.0.0:compile (sources = false)
2026.03.08 16:00:59 INFO  [INFO] SUCCESS: io.delta:delta-kernel-defaults:jar:4.0.0:compile (sources = false)
2026.03.08 16:00:59 INFO  [INFO] Resolving artifact: io.delta:delta-kernel-defaults:jar:4.0.0:compile (sources = true)
2026.03.08 16:00:59 INFO  Downloading from central: https://repo.maven.apache.org/maven2/io/delta/delta-kernel-defaults/4.0.0/delta-kernel-defaults-4.0.0-sources.jar
2026.03.08 16:00:59 INFO  no build target found for /Users/vaskoyordanov/DRSystemActors/src/main/java/com/example/replay/api/package-info.java. Using fallback presentation compiler.
2026.03.08 16:00:59 INFO  no build target found for /Users/vaskoyordanov/DRSystemActors/src/main/java/com/example/replay/datalake/package-info.java. Using fallback presentation compiler.
2026.03.08 16:00:59 INFO  no build target found for /Users/vaskoyordanov/DRSystemActors/src/main/java/com/example/replay/actors/package-info.java. Using fallback presentation compiler.
2026.03.08 16:00:59 INFO  no build target found for /Users/vaskoyordanov/DRSystemActors/src/main/java/com/example/replay/rest/package-info.java. Using fallback presentation compiler.
2026.03.08 16:00:59 INFO  no build target found for /Users/vaskoyordanov/DRSystemActors/src/main/java/com/example/replay/kafka/package-info.java. Using fallback presentation compiler.
2026.03.08 16:00:59 INFO  no build target found for /Users/vaskoyordanov/DRSystemActors/src/main/java/com/example/replay/util/package-info.java. Using fallback presentation compiler.
2026.03.08 16:00:59 INFO  no build target found for /Users/vaskoyordanov/DRSystemActors/src/main/java/com/example/replay/model/package-info.java. Using fallback presentation compiler.
2026.03.08 16:00:59 INFO  no build target found for /Users/vaskoyordanov/DRSystemActors/src/main/java/com/example/replay/storage/package-info.java. Using fallback presentation compiler.
2026.03.08 16:00:59 INFO  no build target found for /Users/vaskoyordanov/DRSystemActors/src/main/java/com/example/replay/package-info.java. Using fallback presentation compiler.
2026.03.08 16:00:59 INFO  Progress (1): 7.7/126 kB
2026.03.08 16:00:59 INFO  Progress (1): 13/126 kB 
2026.03.08 16:00:59 INFO  Progress (1): 21/126 kB
2026.03.08 16:00:59 INFO  Progress (1): 29/126 kB
2026.03.08 16:00:59 INFO  Progress (1): 41/126 kB
2026.03.08 16:00:59 INFO  Progress (1): 47/126 kB
2026.03.08 16:00:59 INFO  Progress (1): 64/126 kB
2026.03.08 16:00:59 INFO  Progress (1): 80/126 kB
2026.03.08 16:00:59 INFO  Progress (1): 88/126 kB
2026.03.08 16:00:59 INFO  Progress (1): 99/126 kB
2026.03.08 16:00:59 INFO  Progress (1): 115/126 kB
2026.03.08 16:00:59 INFO  Progress (1): 126 kB    
2026.03.08 16:00:59 INFO                      
2026.03.08 16:00:59 INFO  Downloaded from central: https://repo.maven.apache.org/maven2/io/delta/delta-kernel-defaults/4.0.0/delta-kernel-defaults-4.0.0-sources.jar (126 kB at 461 kB/s)
2026.03.08 16:00:59 INFO  [INFO] SUCCESS: io.delta:delta-kernel-defaults:jar:4.0.0:compile (sources = true)
2026.03.08 16:00:59 INFO  [INFO] Resolving artifact: io.delta:delta-storage:jar:4.0.0:compile (sources = false)
2026.03.08 16:00:59 INFO  [INFO] SUCCESS: io.delta:delta-storage:jar:4.0.0:compile (sources = false)
2026.03.08 16:00:59 INFO  [INFO] Resolving artifact: io.delta:delta-storage:jar:4.0.0:compile (sources = true)
2026.03.08 16:00:59 INFO  Downloading from central: https://repo.maven.apache.org/maven2/io/delta/delta-storage/4.0.0/delta-storage-4.0.0-sources.jar
2026.03.08 16:00:59 INFO  Progress (1): 7.7/59 kB
2026.03.08 16:00:59 INFO  Progress (1): 16/59 kB 
2026.03.08 16:00:59 INFO  Progress (1): 25/59 kB
2026.03.08 16:00:59 INFO  Progress (1): 41/59 kB
2026.03.08 16:00:59 INFO  Progress (1): 57/59 kB
2026.03.08 16:00:59 INFO  Progress (1): 59 kB   
2026.03.08 16:00:59 INFO                     
2026.03.08 16:00:59 INFO  Downloaded from central: https://repo.maven.apache.org/maven2/io/delta/delta-storage/4.0.0/delta-storage-4.0.0-sources.jar (59 kB at 2.0 MB/s)
2026.03.08 16:00:59 INFO  [INFO] SUCCESS: io.delta:delta-storage:jar:4.0.0:compile (sources = true)
2026.03.08 16:00:59 INFO  [INFO] Resolving artifact: org.apache.hadoop:hadoop-client-runtime:jar:3.4.0:compile (sources = false)
2026.03.08 16:00:59 INFO  [INFO] SUCCESS: org.apache.hadoop:hadoop-client-runtime:jar:3.4.0:compile (sources = false)
2026.03.08 16:00:59 INFO  [INFO] Resolving artifact: org.apache.hadoop:hadoop-client-runtime:jar:3.4.0:compile (sources = true)
2026.03.08 16:00:59 INFO  Downloading from central: https://repo.maven.apache.org/maven2/org/apache/hadoop/hadoop-client-runtime/3.4.0/hadoop-client-runtime-3.4.0-sources.jar
2026.03.08 16:00:59 INFO  [ERROR] FAILURE org.apache.hadoop:hadoop-client-runtime:jar:3.4.0:compile (sources = true)
2026.03.08 16:00:59 INFO  org.eclipse.aether.resolution.ArtifactResolutionException: The following artifacts could not be resolved: org.apache.hadoop:hadoop-client-runtime:jar:sources:3.4.0 (absent): Could not find artifact org.apache.hadoop:hadoop-client-runtime:jar:sources:3.4.0 in central (https://repo.maven.apache.org/maven2)
2026.03.08 16:00:59 INFO      at org.eclipse.aether.internal.impl.DefaultArtifactResolver.resolve (DefaultArtifactResolver.java:473)
2026.03.08 16:00:59 INFO      at org.eclipse.aether.internal.impl.DefaultArtifactResolver.resolveArtifacts (DefaultArtifactResolver.java:261)
2026.03.08 16:00:59 INFO      at org.eclipse.aether.internal.impl.DefaultArtifactResolver.resolveArtifact (DefaultArtifactResolver.java:243)
2026.03.08 16:00:59 INFO      at org.eclipse.aether.internal.impl.DefaultRepositorySystem.resolveArtifact (DefaultRepositorySystem.java:278)
2026.03.08 16:00:59 INFO      at bloop.integrations.maven.MojoImplementation$.bloop$integrations$maven$MojoImplementation$$resolveArtifact$1 (MojoImplementation.scala:115)
2026.03.08 16:00:59 INFO      at bloop.integrations.maven.MojoImplementation$$anonfun$2.applyOrElse (MojoImplementation.scala:240)
2026.03.08 16:00:59 INFO      at bloop.integrations.maven.MojoImplementation$$anonfun$2.applyOrElse (MojoImplementation.scala:222)
2026.03.08 16:00:59 INFO      at scala.collection.StrictOptimizedIterableOps.collect (StrictOptimizedIterableOps.scala:151)
2026.03.08 16:00:59 INFO      at scala.collection.StrictOptimizedIterableOps.collect$ (StrictOptimizedIterableOps.scala:136)
2026.03.08 16:00:59 INFO      at scala.collection.convert.JavaCollectionWrappers$JSetWrapper.collect (JavaCollectionWrappers.scala:180)
2026.03.08 16:00:59 INFO      at bloop.integrations.maven.MojoImplementation$.writeConfig$1 (MojoImplementation.scala:222)
2026.03.08 16:00:59 INFO      at bloop.integrations.maven.MojoImplementation$.writeCompileAndTestConfiguration (MojoImplementation.scala:298)
2026.03.08 16:00:59 INFO      at bloop.integrations.maven.MojoImplementation.writeCompileAndTestConfiguration (MojoImplementation.scala)
2026.03.08 16:00:59 INFO      at bloop.integrations.maven.BloopMojo.execute (BloopMojo.java:105)
2026.03.08 16:00:59 INFO      at org.apache.maven.plugin.DefaultBuildPluginManager.executeMojo (DefaultBuildPluginManager.java:126)
2026.03.08 16:00:59 INFO      at org.apache.maven.lifecycle.internal.MojoExecutor.doExecute2 (MojoExecutor.java:328)
2026.03.08 16:00:59 INFO      at org.apache.maven.lifecycle.internal.MojoExecutor.doExecute (MojoExecutor.java:316)
2026.03.08 16:00:59 INFO      at org.apache.maven.lifecycle.internal.MojoExecutor.execute (MojoExecutor.java:212)
2026.03.08 16:00:59 INFO      at org.apache.maven.lifecycle.internal.MojoExecutor.execute (MojoExecutor.java:174)
2026.03.08 16:00:59 INFO      at org.apache.maven.lifecycle.internal.MojoExecutor.access$000 (MojoExecutor.java:75)
2026.03.08 16:00:59 INFO      at org.apache.maven.lifecycle.internal.MojoExecutor$1.run (MojoExecutor.java:162)
2026.03.08 16:00:59 INFO      at org.apache.maven.plugin.DefaultMojosExecutionStrategy.execute (DefaultMojosExecutionStrategy.java:39)
2026.03.08 16:00:59 INFO      at org.apache.maven.lifecycle.internal.MojoExecutor.execute (MojoExecutor.java:159)
2026.03.08 16:00:59 INFO      at org.apache.maven.lifecycle.internal.LifecycleModuleBuilder.buildProject (LifecycleModuleBuilder.java:105)
2026.03.08 16:00:59 INFO      at org.apache.maven.lifecycle.internal.LifecycleModuleBuilder.buildProject (LifecycleModuleBuilder.java:73)
2026.03.08 16:00:59 INFO      at org.apache.maven.lifecycle.internal.builder.singlethreaded.SingleThreadedBuilder.build (SingleThreadedBuilder.java:53)
2026.03.08 16:00:59 INFO      at org.apache.maven.lifecycle.internal.LifecycleStarter.execute (LifecycleStarter.java:118)
2026.03.08 16:00:59 INFO      at org.apache.maven.DefaultMaven.doExecute (DefaultMaven.java:261)
2026.03.08 16:00:59 INFO      at org.apache.maven.DefaultMaven.doExecute (DefaultMaven.java:173)
2026.03.08 16:00:59 INFO      at org.apache.maven.DefaultMaven.execute (DefaultMaven.java:101)
2026.03.08 16:00:59 INFO      at org.apache.maven.cli.MavenCli.execute (MavenCli.java:906)
2026.03.08 16:00:59 INFO      at org.apache.maven.cli.MavenCli.doMain (MavenCli.java:283)
2026.03.08 16:00:59 INFO      at org.apache.maven.cli.MavenCli.main (MavenCli.java:206)
2026.03.08 16:00:59 INFO      at jdk.internal.reflect.DirectMethodHandleAccessor.invoke (DirectMethodHandleAccessor.java:103)
2026.03.08 16:00:59 INFO      at java.lang.reflect.Method.invoke (Method.java:580)
2026.03.08 16:00:59 INFO      at org.codehaus.plexus.classworlds.launcher.Launcher.launchEnhanced (Launcher.java:255)
2026.03.08 16:00:59 INFO      at org.codehaus.plexus.classworlds.launcher.Launcher.launch (Launcher.java:201)
2026.03.08 16:00:59 INFO      at org.codehaus.plexus.classworlds.launcher.Launcher.mainWithExitCode (Launcher.java:361)
2026.03.08 16:00:59 INFO      at org.codehaus.plexus.classworlds.launcher.Launcher.main (Launcher.java:314)
2026.03.08 16:00:59 INFO      at jdk.internal.reflect.DirectMethodHandleAccessor.invoke (DirectMethodHandleAccessor.java:103)
2026.03.08 16:00:59 INFO      at java.lang.reflect.Method.invoke (Method.java:580)
2026.03.08 16:00:59 INFO      at org.apache.maven.wrapper.BootstrapMainStarter.start (BootstrapMainStarter.java:52)
2026.03.08 16:00:59 INFO      at org.apache.maven.wrapper.WrapperExecutor.execute (WrapperExecutor.java:161)
2026.03.08 16:00:59 INFO      at org.apache.maven.wrapper.MavenWrapperMain.main (MavenWrapperMain.java:73)
2026.03.08 16:00:59 INFO  Caused by: org.eclipse.aether.transfer.ArtifactNotFoundException: Could not find artifact org.apache.hadoop:hadoop-client-runtime:jar:sources:3.4.0 in central (https://repo.maven.apache.org/maven2)
2026.03.08 16:00:59 INFO      at org.eclipse.aether.connector.basic.ArtifactTransportListener.transferFailed (ArtifactTransportListener.java:42)
2026.03.08 16:00:59 INFO      at org.eclipse.aether.connector.basic.BasicRepositoryConnector$TaskRunner.run (BasicRepositoryConnector.java:417)
2026.03.08 16:00:59 INFO      at org.eclipse.aether.connector.basic.BasicRepositoryConnector.get (BasicRepositoryConnector.java:260)
2026.03.08 16:00:59 INFO      at org.eclipse.aether.internal.impl.DefaultArtifactResolver.performDownloads (DefaultArtifactResolver.java:537)
2026.03.08 16:00:59 INFO      at org.eclipse.aether.internal.impl.DefaultArtifactResolver.resolve (DefaultArtifactResolver.java:449)
2026.03.08 16:00:59 INFO      at org.eclipse.aether.internal.impl.DefaultArtifactResolver.resolveArtifacts (DefaultArtifactResolver.java:261)
2026.03.08 16:00:59 INFO      at org.eclipse.aether.internal.impl.DefaultArtifactResolver.resolveArtifact (DefaultArtifactResolver.java:243)
2026.03.08 16:00:59 INFO      at org.eclipse.aether.internal.impl.DefaultRepositorySystem.resolveArtifact (DefaultRepositorySystem.java:278)
2026.03.08 16:00:59 INFO      at bloop.integrations.maven.MojoImplementation$.bloop$integrations$maven$MojoImplementation$$resolveArtifact$1 (MojoImplementation.scala:115)
2026.03.08 16:00:59 INFO      at bloop.integrations.maven.MojoImplementation$$anonfun$2.applyOrElse (MojoImplementation.scala:240)
2026.03.08 16:00:59 INFO      at bloop.integrations.maven.MojoImplementation$$anonfun$2.applyOrElse (MojoImplementation.scala:222)
2026.03.08 16:00:59 INFO      at scala.collection.StrictOptimizedIterableOps.collect (StrictOptimizedIterableOps.scala:151)
2026.03.08 16:00:59 INFO      at scala.collection.StrictOptimizedIterableOps.collect$ (StrictOptimizedIterableOps.scala:136)
2026.03.08 16:00:59 INFO      at scala.collection.convert.JavaCollectionWrappers$JSetWrapper.collect (JavaCollectionWrappers.scala:180)
2026.03.08 16:00:59 INFO      at bloop.integrations.maven.MojoImplementation$.writeConfig$1 (MojoImplementation.scala:222)
2026.03.08 16:00:59 INFO      at bloop.integrations.maven.MojoImplementation$.writeCompileAndTestConfiguration (MojoImplementation.scala:298)
2026.03.08 16:00:59 INFO      at bloop.integrations.maven.MojoImplementation.writeCompileAndTestConfiguration (MojoImplementation.scala)
2026.03.08 16:00:59 INFO      at bloop.integrations.maven.BloopMojo.execute (BloopMojo.java:105)
2026.03.08 16:00:59 INFO      at org.apache.maven.plugin.DefaultBuildPluginManager.executeMojo (DefaultBuildPluginManager.java:126)
2026.03.08 16:00:59 INFO      at org.apache.maven.lifecycle.internal.MojoExecutor.doExecute2 (MojoExecutor.java:328)
2026.03.08 16:00:59 INFO      at org.apache.maven.lifecycle.internal.MojoExecutor.doExecute (MojoExecutor.java:316)
2026.03.08 16:00:59 INFO      at org.apache.maven.lifecycle.internal.MojoExecutor.execute (MojoExecutor.java:212)
2026.03.08 16:00:59 INFO      at org.apache.maven.lifecycle.internal.MojoExecutor.execute (MojoExecutor.java:174)
2026.03.08 16:00:59 INFO      at org.apache.maven.lifecycle.internal.MojoExecutor.access$000 (MojoExecutor.java:75)
2026.03.08 16:00:59 INFO      at org.apache.maven.lifecycle.internal.MojoExecutor$1.run (MojoExecutor.java:162)
2026.03.08 16:00:59 INFO      at org.apache.maven.plugin.DefaultMojosExecutionStrategy.execute (DefaultMojosExecutionStrategy.java:39)
2026.03.08 16:00:59 INFO      at org.apache.maven.lifecycle.internal.MojoExecutor.execute (MojoExecutor.java:159)
2026.03.08 16:00:59 INFO      at org.apache.maven.lifecycle.internal.LifecycleModuleBuilder.buildProject (LifecycleModuleBuilder.java:105)
2026.03.08 16:00:59 INFO      at org.apache.maven.lifecycle.internal.LifecycleModuleBuilder.buildProject (LifecycleModuleBuilder.java:73)
2026.03.08 16:00:59 INFO      at org.apache.maven.lifecycle.internal.builder.singlethreaded.SingleThreadedBuilder.build (SingleThreadedBuilder.java:53)
2026.03.08 16:00:59 INFO      at org.apache.maven.lifecycle.internal.LifecycleStarter.execute (LifecycleStarter.java:118)
2026.03.08 16:00:59 INFO      at org.apache.maven.DefaultMaven.doExecute (DefaultMaven.java:261)
2026.03.08 16:00:59 INFO      at org.apache.maven.DefaultMaven.doExecute (DefaultMaven.java:173)
2026.03.08 16:00:59 INFO      at org.apache.maven.DefaultMaven.execute (DefaultMaven.java:101)
2026.03.08 16:00:59 INFO      at org.apache.maven.cli.MavenCli.execute (MavenCli.java:906)
2026.03.08 16:00:59 INFO      at org.apache.maven.cli.MavenCli.doMain (MavenCli.java:283)
2026.03.08 16:00:59 INFO      at org.apache.maven.cli.MavenCli.main (MavenCli.java:206)
2026.03.08 16:00:59 INFO      at jdk.internal.reflect.DirectMethodHandleAccessor.invoke (DirectMethodHandleAccessor.java:103)
2026.03.08 16:00:59 INFO      at java.lang.reflect.Method.invoke (Method.java:580)
2026.03.08 16:00:59 INFO      at org.codehaus.plexus.classworlds.launcher.Launcher.launchEnhanced (Launcher.java:255)
2026.03.08 16:00:59 INFO      at org.codehaus.plexus.classworlds.launcher.Launcher.launch (Launcher.java:201)
2026.03.08 16:00:59 INFO      at org.codehaus.plexus.classworlds.launcher.Launcher.mainWithExitCode (Launcher.java:361)
2026.03.08 16:00:59 INFO      at org.codehaus.plexus.classworlds.launcher.Launcher.main (Launcher.java:314)
2026.03.08 16:00:59 INFO      at jdk.internal.reflect.DirectMethodHandleAccessor.invoke (DirectMethodHandleAccessor.java:103)
2026.03.08 16:00:59 INFO      at java.lang.reflect.Method.invoke (Method.java:580)
2026.03.08 16:00:59 INFO      at org.apache.maven.wrapper.BootstrapMainStarter.start (BootstrapMainStarter.java:52)
2026.03.08 16:00:59 INFO      at org.apache.maven.wrapper.WrapperExecutor.execute (WrapperExecutor.java:161)
2026.03.08 16:00:59 INFO      at org.apache.maven.wrapper.MavenWrapperMain.main (MavenWrapperMain.java:73)
2026.03.08 16:00:59 INFO  [INFO] Resolving artifact: org.apache.hadoop:hadoop-client-api:jar:3.4.0:runtime (sources = false)
2026.03.08 16:00:59 INFO  Downloading from central: https://repo.maven.apache.org/maven2/org/apache/hadoop/hadoop-client-api/3.4.0/hadoop-client-api-3.4.0.jar
2026.03.08 16:00:59 INFO  Progress (1): 0/20 MB
2026.03.08 16:00:59 INFO  Progress (1): 0/20 MB
2026.03.08 16:00:59 INFO  Progress (1): 0/20 MB
2026.03.08 16:00:59 INFO  Progress (1): 0/20 MB
2026.03.08 16:00:59 INFO  Progress (1): 0.1/20 MB
2026.03.08 16:00:59 INFO  Progress (1): 0.1/20 MB
2026.03.08 16:00:59 INFO  Progress (1): 0.1/20 MB
2026.03.08 16:00:59 INFO  Progress (1): 0.1/20 MB
2026.03.08 16:00:59 INFO  Progress (1): 0.1/20 MB
2026.03.08 16:00:59 INFO  Progress (1): 0.1/20 MB
2026.03.08 16:00:59 INFO  Progress (1): 0.1/20 MB
2026.03.08 16:00:59 INFO  Progress (1): 0.2/20 MB
2026.03.08 16:00:59 INFO  Progress (1): 0.2/20 MB
2026.03.08 16:00:59 INFO  Progress (1): 0.2/20 MB
2026.03.08 16:00:59 INFO  Progress (1): 0.2/20 MB
2026.03.08 16:00:59 INFO  Progress (1): 0.2/20 MB
2026.03.08 16:00:59 INFO  Progress (1): 0.2/20 MB
2026.03.08 16:00:59 INFO  Progress (1): 0.3/20 MB
2026.03.08 16:00:59 INFO  Progress (1): 0.3/20 MB
2026.03.08 16:00:59 INFO  Progress (1): 0.3/20 MB
2026.03.08 16:00:59 INFO  Progress (1): 0.3/20 MB
2026.03.08 16:00:59 INFO  Progress (1): 0.3/20 MB
2026.03.08 16:00:59 INFO  Progress (1): 0.3/20 MB
2026.03.08 16:00:59 INFO  Progress (1): 0.3/20 MB
2026.03.08 16:00:59 INFO  Progress (1): 0.4/20 MB
2026.03.08 16:00:59 INFO  Progress (1): 0.4/20 MB
2026.03.08 16:00:59 INFO  Progress (1): 0.4/20 MB
2026.03.08 16:00:59 INFO  Progress (1): 0.4/20 MB
2026.03.08 16:00:59 INFO  Progress (1): 0.4/20 MB
2026.03.08 16:00:59 INFO  Progress (1): 0.4/20 MB
2026.03.08 16:00:59 INFO  Progress (1): 0.4/20 MB
2026.03.08 16:00:59 INFO  Progress (1): 0.4/20 MB
2026.03.08 16:00:59 INFO  Progress (1): 0.5/20 MB
2026.03.08 16:00:59 INFO  Progress (1): 0.5/20 MB
2026.03.08 16:00:59 INFO  Progress (1): 0.5/20 MB
2026.03.08 16:00:59 INFO  Progress (1): 0.5/20 MB
2026.03.08 16:00:59 INFO  Progress (1): 0.5/20 MB
2026.03.08 16:00:59 INFO  Progress (1): 0.5/20 MB
2026.03.08 16:00:59 INFO  Progress (1): 0.5/20 MB
2026.03.08 16:00:59 INFO  Progress (1): 0.6/20 MB
2026.03.08 16:00:59 INFO  Progress (1): 0.6/20 MB
2026.03.08 16:00:59 INFO  Progress (1): 0.6/20 MB
2026.03.08 16:00:59 INFO  Progress (1): 0.6/20 MB
2026.03.08 16:00:59 INFO  Progress (1): 0.6/20 MB
2026.03.08 16:00:59 INFO  Progress (1): 0.6/20 MB
2026.03.08 16:00:59 INFO  Progress (1): 0.7/20 MB
2026.03.08 16:00:59 INFO  Progress (1): 0.7/20 MB
2026.03.08 16:00:59 INFO  Progress (1): 0.7/20 MB
2026.03.08 16:00:59 INFO  Progress (1): 0.7/20 MB
2026.03.08 16:00:59 INFO  Progress (1): 0.7/20 MB
2026.03.08 16:00:59 INFO  Progress (1): 0.7/20 MB
2026.03.08 16:00:59 INFO  Progress (1): 0.8/20 MB
2026.03.08 16:00:59 INFO  Progress (1): 0.8/20 MB
2026.03.08 16:00:59 INFO  Progress (1): 0.8/20 MB
2026.03.08 16:00:59 INFO  Progress (1): 0.8/20 MB
2026.03.08 16:00:59 INFO  Progress (1): 0.8/20 MB
2026.03.08 16:00:59 INFO  Progress (1): 0.8/20 MB
2026.03.08 16:00:59 INFO  Progress (1): 0.9/20 MB
2026.03.08 16:00:59 INFO  Progress (1): 0.9/20 MB
2026.03.08 16:00:59 INFO  Progress (1): 0.9/20 MB
2026.03.08 16:00:59 INFO  Progress (1): 0.9/20 MB
2026.03.08 16:00:59 INFO  Progress (1): 0.9/20 MB
2026.03.08 16:00:59 INFO  Progress (1): 0.9/20 MB
2026.03.08 16:00:59 INFO  Progress (1): 1.0/20 MB
2026.03.08 16:00:59 INFO  Progress (1): 1.0/20 MB
2026.03.08 16:00:59 INFO  Progress (1): 1.0/20 MB
2026.03.08 16:00:59 INFO  Progress (1): 1.0/20 MB
2026.03.08 16:00:59 INFO  Progress (1): 1.0/20 MB
2026.03.08 16:00:59 INFO  Progress (1): 1.0/20 MB
2026.03.08 16:00:59 INFO  Progress (1): 1.0/20 MB
2026.03.08 16:00:59 INFO  Progress (1): 1.1/20 MB
2026.03.08 16:00:59 INFO  Progress (1): 1.1/20 MB
2026.03.08 16:00:59 INFO  Progress (1): 1.1/20 MB
2026.03.08 16:00:59 INFO  Progress (1): 1.1/20 MB
2026.03.08 16:00:59 INFO  Progress (1): 1.1/20 MB
2026.03.08 16:00:59 INFO  Progress (1): 1.1/20 MB
2026.03.08 16:00:59 INFO  Progress (1): 1.2/20 MB
2026.03.08 16:00:59 INFO  Progress (1): 1.2/20 MB
2026.03.08 16:00:59 INFO  Progress (1): 1.2/20 MB
2026.03.08 16:00:59 INFO  Progress (1): 1.2/20 MB
2026.03.08 16:00:59 INFO  Progress (1): 1.2/20 MB
2026.03.08 16:00:59 INFO  Progress (1): 1.2/20 MB
2026.03.08 16:00:59 INFO  Progress (1): 1.3/20 MB
2026.03.08 16:00:59 INFO  Progress (1): 1.3/20 MB
2026.03.08 16:00:59 INFO  Progress (1): 1.3/20 MB
2026.03.08 16:00:59 INFO  Progress (1): 1.3/20 MB
2026.03.08 16:00:59 INFO  Progress (1): 1.3/20 MB
2026.03.08 16:00:59 INFO  Progress (1): 1.3/20 MB
2026.03.08 16:00:59 INFO  Progress (1): 1.4/20 MB
2026.03.08 16:00:59 INFO  Progress (1): 1.4/20 MB
2026.03.08 16:00:59 INFO  Progress (1): 1.4/20 MB
2026.03.08 16:00:59 INFO  Progress (1): 1.4/20 MB
2026.03.08 16:00:59 INFO  Progress (1): 1.4/20 MB
2026.03.08 16:00:59 INFO  Progress (1): 1.4/20 MB
2026.03.08 16:00:59 INFO  Progress (1): 1.5/20 MB
2026.03.08 16:00:59 INFO  Progress (1): 1.5/20 MB
2026.03.08 16:00:59 INFO  Progress (1): 1.5/20 MB
2026.03.08 16:00:59 INFO  Progress (1): 1.5/20 MB
2026.03.08 16:00:59 INFO  Progress (1): 1.5/20 MB
2026.03.08 16:00:59 INFO  Progress (1): 1.5/20 MB
2026.03.08 16:00:59 INFO  Progress (1): 1.6/20 MB
2026.03.08 16:00:59 INFO  Progress (1): 1.6/20 MB
2026.03.08 16:00:59 INFO  Progress (1): 1.6/20 MB
2026.03.08 16:00:59 INFO  Progress (1): 1.6/20 MB
2026.03.08 16:00:59 INFO  Progress (1): 1.6/20 MB
2026.03.08 16:00:59 INFO  Progress (1): 1.6/20 MB
2026.03.08 16:00:59 INFO  Progress (1): 1.7/20 MB
2026.03.08 16:00:59 INFO  Progress (1): 1.7/20 MB
2026.03.08 16:00:59 INFO  Progress (1): 1.7/20 MB
2026.03.08 16:00:59 INFO  Progress (1): 1.7/20 MB
2026.03.08 16:00:59 INFO  Progress (1): 1.7/20 MB
2026.03.08 16:00:59 INFO  Progress (1): 1.7/20 MB
2026.03.08 16:00:59 INFO  Progress (1): 1.8/20 MB
2026.03.08 16:00:59 INFO  Progress (1): 1.8/20 MB
2026.03.08 16:00:59 INFO  Progress (1): 1.8/20 MB
2026.03.08 16:00:59 INFO  Progress (1): 1.8/20 MB
2026.03.08 16:00:59 INFO  Progress (1): 1.8/20 MB
2026.03.08 16:00:59 INFO  Progress (1): 1.8/20 MB
2026.03.08 16:00:59 INFO  Progress (1): 1.9/20 MB
2026.03.08 16:00:59 INFO  Progress (1): 1.9/20 MB
2026.03.08 16:00:59 INFO  Progress (1): 1.9/20 MB
2026.03.08 16:00:59 INFO  Progress (1): 1.9/20 MB
2026.03.08 16:00:59 INFO  Progress (1): 1.9/20 MB
2026.03.08 16:00:59 INFO  Progress (1): 1.9/20 MB
2026.03.08 16:00:59 INFO  Progress (1): 1.9/20 MB
2026.03.08 16:00:59 INFO  Progress (1): 2.0/20 MB
2026.03.08 16:00:59 INFO  Progress (1): 2.0/20 MB
2026.03.08 16:00:59 INFO  Progress (1): 2.0/20 MB
2026.03.08 16:00:59 INFO  Progress (1): 2.0/20 MB
2026.03.08 16:00:59 INFO  Progress (1): 2.0/20 MB
2026.03.08 16:00:59 INFO  Progress (1): 2.0/20 MB
2026.03.08 16:00:59 INFO  Progress (1): 2.1/20 MB
2026.03.08 16:00:59 INFO  Progress (1): 2.1/20 MB
2026.03.08 16:00:59 INFO  Progress (1): 2.1/20 MB
2026.03.08 16:00:59 INFO  Progress (1): 2.1/20 MB
2026.03.08 16:00:59 INFO  Progress (1): 2.1/20 MB
2026.03.08 16:00:59 INFO  Progress (1): 2.1/20 MB
2026.03.08 16:00:59 INFO  Progress (1): 2.2/20 MB
2026.03.08 16:00:59 INFO  Progress (1): 2.2/20 MB
2026.03.08 16:00:59 INFO  Progress (1): 2.2/20 MB
2026.03.08 16:00:59 INFO  Progress (1): 2.2/20 MB
2026.03.08 16:00:59 INFO  Progress (1): 2.2/20 MB
2026.03.08 16:00:59 INFO  Progress (1): 2.2/20 MB
2026.03.08 16:00:59 INFO  Progress (1): 2.3/20 MB
2026.03.08 16:00:59 INFO  Progress (1): 2.3/20 MB
2026.03.08 16:00:59 INFO  Progress (1): 2.3/20 MB
2026.03.08 16:00:59 INFO  Progress (1): 2.3/20 MB
2026.03.08 16:00:59 INFO  Progress (1): 2.3/20 MB
2026.03.08 16:00:59 INFO  Progress (1): 2.3/20 MB
2026.03.08 16:00:59 INFO  Progress (1): 2.4/20 MB
2026.03.08 16:00:59 INFO  Progress (1): 2.4/20 MB
2026.03.08 16:00:59 INFO  Progress (1): 2.4/20 MB
2026.03.08 16:00:59 INFO  Progress (1): 2.4/20 MB
2026.03.08 16:00:59 INFO  Progress (1): 2.4/20 MB
2026.03.08 16:00:59 INFO  Progress (1): 2.4/20 MB
2026.03.08 16:00:59 INFO  Progress (1): 2.4/20 MB
2026.03.08 16:00:59 INFO  Progress (1): 2.5/20 MB
2026.03.08 16:00:59 INFO  Progress (1): 2.5/20 MB
2026.03.08 16:00:59 INFO  Progress (1): 2.5/20 MB
2026.03.08 16:00:59 INFO  Progress (1): 2.5/20 MB
2026.03.08 16:00:59 INFO  Progress (1): 2.5/20 MB
2026.03.08 16:00:59 INFO  Progress (1): 2.5/20 MB
2026.03.08 16:00:59 INFO  Progress (1): 2.6/20 MB
2026.03.08 16:00:59 INFO  Progress (1): 2.6/20 MB
2026.03.08 16:00:59 INFO  Progress (1): 2.6/20 MB
2026.03.08 16:00:59 INFO  Progress (1): 2.6/20 MB
2026.03.08 16:00:59 INFO  Progress (1): 2.6/20 MB
2026.03.08 16:00:59 INFO  Progress (1): 2.6/20 MB
2026.03.08 16:00:59 INFO  Progress (1): 2.7/20 MB
2026.03.08 16:00:59 INFO  Progress (1): 2.7/20 MB
2026.03.08 16:00:59 INFO  Progress (1): 2.7/20 MB
2026.03.08 16:00:59 INFO  Progress (1): 2.7/20 MB
2026.03.08 16:00:59 INFO  Progress (1): 2.7/20 MB
2026.03.08 16:00:59 INFO  Progress (1): 2.7/20 MB
2026.03.08 16:00:59 INFO  Progress (1): 2.8/20 MB
2026.03.08 16:00:59 INFO  Progress (1): 2.8/20 MB
2026.03.08 16:00:59 INFO  Progress (1): 2.8/20 MB
2026.03.08 16:00:59 INFO  Progress (1): 2.8/20 MB
2026.03.08 16:00:59 INFO  Progress (1): 2.8/20 MB
2026.03.08 16:00:59 INFO  Progress (1): 2.8/20 MB
2026.03.08 16:00:59 INFO  Progress (1): 2.8/20 MB
2026.03.08 16:00:59 INFO  Progress (1): 2.9/20 MB
2026.03.08 16:00:59 INFO  Progress (1): 2.9/20 MB
2026.03.08 16:00:59 INFO  Progress (1): 2.9/20 MB
2026.03.08 16:00:59 INFO  Progress (1): 2.9/20 MB
2026.03.08 16:00:59 INFO  Progress (1): 2.9/20 MB
2026.03.08 16:00:59 INFO  Progress (1): 2.9/20 MB
2026.03.08 16:00:59 INFO  Progress (1): 3.0/20 MB
2026.03.08 16:00:59 INFO  Progress (1): 3.0/20 MB
2026.03.08 16:00:59 INFO  Progress (1): 3.0/20 MB
2026.03.08 16:00:59 INFO  Progress (1): 3.0/20 MB
2026.03.08 16:00:59 INFO  Progress (1): 3.0/20 MB
2026.03.08 16:00:59 INFO  Progress (1): 3.0/20 MB
2026.03.08 16:00:59 INFO  Progress (1): 3.1/20 MB
2026.03.08 16:00:59 INFO  Progress (1): 3.1/20 MB
2026.03.08 16:00:59 INFO  Progress (1): 3.1/20 MB
2026.03.08 16:00:59 INFO  Progress (1): 3.1/20 MB
2026.03.08 16:00:59 INFO  Progress (1): 3.1/20 MB
2026.03.08 16:00:59 INFO  Progress (1): 3.1/20 MB
2026.03.08 16:00:59 INFO  Progress (1): 3.2/20 MB
2026.03.08 16:00:59 INFO  Progress (1): 3.2/20 MB
2026.03.08 16:00:59 INFO  Progress (1): 3.2/20 MB
2026.03.08 16:00:59 INFO  Progress (1): 3.2/20 MB
2026.03.08 16:00:59 INFO  Progress (1): 3.2/20 MB
2026.03.08 16:00:59 INFO  Progress (1): 3.2/20 MB
2026.03.08 16:00:59 INFO  Progress (1): 3.3/20 MB
2026.03.08 16:00:59 INFO  Progress (1): 3.3/20 MB
2026.03.08 16:00:59 INFO  Progress (1): 3.3/20 MB
2026.03.08 16:00:59 INFO  Progress (1): 3.3/20 MB
2026.03.08 16:00:59 INFO  Progress (1): 3.3/20 MB
2026.03.08 16:00:59 INFO  Progress (1): 3.3/20 MB
2026.03.08 16:00:59 INFO  Progress (1): 3.4/20 MB
2026.03.08 16:00:59 INFO  Progress (1): 3.4/20 MB
2026.03.08 16:00:59 INFO  Progress (1): 3.4/20 MB
2026.03.08 16:00:59 INFO  Progress (1): 3.4/20 MB
2026.03.08 16:00:59 INFO  Progress (1): 3.4/20 MB
2026.03.08 16:00:59 INFO  Progress (1): 3.4/20 MB
2026.03.08 16:00:59 INFO  Progress (1): 3.5/20 MB
2026.03.08 16:00:59 INFO  Progress (1): 3.5/20 MB
2026.03.08 16:00:59 INFO  Progress (1): 3.5/20 MB
2026.03.08 16:00:59 INFO  Progress (1): 3.5/20 MB
2026.03.08 16:00:59 INFO  Progress (1): 3.5/20 MB
2026.03.08 16:00:59 INFO  Progress (1): 3.5/20 MB
2026.03.08 16:00:59 INFO  Progress (1): 3.5/20 MB
2026.03.08 16:00:59 INFO  Progress (1): 3.5/20 MB
2026.03.08 16:00:59 INFO  Progress (1): 3.6/20 MB
2026.03.08 16:00:59 INFO  Progress (1): 3.6/20 MB
2026.03.08 16:00:59 INFO  Progress (1): 3.6/20 MB
2026.03.08 16:00:59 INFO  Progress (1): 3.6/20 MB
2026.03.08 16:00:59 INFO  Progress (1): 3.6/20 MB
2026.03.08 16:00:59 INFO  Progress (1): 3.6/20 MB
2026.03.08 16:00:59 INFO  Progress (1): 3.7/20 MB
2026.03.08 16:00:59 INFO  Progress (1): 3.7/20 MB
2026.03.08 16:00:59 INFO  Progress (1): 3.7/20 MB
2026.03.08 16:00:59 INFO  Progress (1): 3.7/20 MB
2026.03.08 16:00:59 INFO  Progress (1): 3.7/20 MB
2026.03.08 16:00:59 INFO  Progress (1): 3.7/20 MB
2026.03.08 16:00:59 INFO  Progress (1): 3.8/20 MB
2026.03.08 16:00:59 INFO  Progress (1): 3.8/20 MB
2026.03.08 16:00:59 INFO  Progress (1): 3.8/20 MB
2026.03.08 16:00:59 INFO  Progress (1): 3.8/20 MB
2026.03.08 16:00:59 INFO  Progress (1): 3.8/20 MB
2026.03.08 16:00:59 INFO  Progress (1): 3.8/20 MB
2026.03.08 16:00:59 INFO  Progress (1): 3.9/20 MB
2026.03.08 16:00:59 INFO  Progress (1): 3.9/20 MB
2026.03.08 16:00:59 INFO  Progress (1): 3.9/20 MB
2026.03.08 16:00:59 INFO  Progress (1): 3.9/20 MB
2026.03.08 16:00:59 INFO  Progress (1): 3.9/20 MB
2026.03.08 16:00:59 INFO  Progress (1): 3.9/20 MB
2026.03.08 16:00:59 INFO  Progress (1): 4.0/20 MB
2026.03.08 16:00:59 INFO  Progress (1): 4.0/20 MB
2026.03.08 16:00:59 INFO  Progress (1): 4.0/20 MB
2026.03.08 16:00:59 INFO  Progress (1): 4.0/20 MB
2026.03.08 16:00:59 INFO  Progress (1): 4.0/20 MB
2026.03.08 16:00:59 INFO  Progress (1): 4.0/20 MB
2026.03.08 16:00:59 INFO  Progress (1): 4.1/20 MB
2026.03.08 16:00:59 INFO  Progress (1): 4.1/20 MB
2026.03.08 16:00:59 INFO  Progress (1): 4.1/20 MB
2026.03.08 16:00:59 INFO  Progress (1): 4.1/20 MB
2026.03.08 16:00:59 INFO  Progress (1): 4.1/20 MB
2026.03.08 16:00:59 INFO  Progress (1): 4.1/20 MB
2026.03.08 16:00:59 INFO  Progress (1): 4.1/20 MB
2026.03.08 16:00:59 INFO  Progress (1): 4.2/20 MB
2026.03.08 16:00:59 INFO  Progress (1): 4.2/20 MB
2026.03.08 16:00:59 INFO  Progress (1): 4.2/20 MB
2026.03.08 16:00:59 INFO  Progress (1): 4.2/20 MB
2026.03.08 16:00:59 INFO  Progress (1): 4.2/20 MB
2026.03.08 16:00:59 INFO  Progress (1): 4.2/20 MB
2026.03.08 16:00:59 INFO  Progress (1): 4.3/20 MB
2026.03.08 16:00:59 INFO  Progress (1): 4.3/20 MB
2026.03.08 16:00:59 INFO  Progress (1): 4.3/20 MB
2026.03.08 16:00:59 INFO  Progress (1): 4.3/20 MB
2026.03.08 16:00:59 INFO  Progress (1): 4.3/20 MB
2026.03.08 16:00:59 INFO  Progress (1): 4.3/20 MB
2026.03.08 16:00:59 INFO  Progress (1): 4.4/20 MB
2026.03.08 16:00:59 INFO  Progress (1): 4.4/20 MB
2026.03.08 16:00:59 INFO  Progress (1): 4.4/20 MB
2026.03.08 16:00:59 INFO  Progress (1): 4.4/20 MB
2026.03.08 16:00:59 INFO  Progress (1): 4.4/20 MB
2026.03.08 16:00:59 INFO  Progress (1): 4.4/20 MB
2026.03.08 16:00:59 INFO  Progress (1): 4.5/20 MB
2026.03.08 16:00:59 INFO  Progress (1): 4.5/20 MB
2026.03.08 16:00:59 INFO  Progress (1): 4.5/20 MB
2026.03.08 16:00:59 INFO  Progress (1): 4.5/20 MB
2026.03.08 16:00:59 INFO  Progress (1): 4.5/20 MB
2026.03.08 16:00:59 INFO  Progress (1): 4.5/20 MB
2026.03.08 16:00:59 INFO  Progress (1): 4.6/20 MB
2026.03.08 16:00:59 INFO  Progress (1): 4.6/20 MB
2026.03.08 16:00:59 INFO  Progress (1): 4.6/20 MB
2026.03.08 16:00:59 INFO  Progress (1): 4.6/20 MB
2026.03.08 16:00:59 INFO  Progress (1): 4.6/20 MB
2026.03.08 16:00:59 INFO  Progress (1): 4.6/20 MB
2026.03.08 16:00:59 INFO  Progress (1): 4.7/20 MB
2026.03.08 16:00:59 INFO  Progress (1): 4.7/20 MB
2026.03.08 16:00:59 INFO  Progress (1): 4.7/20 MB
2026.03.08 16:00:59 INFO  Progress (1): 4.7/20 MB
2026.03.08 16:00:59 INFO  Progress (1): 4.7/20 MB
2026.03.08 16:00:59 INFO  Progress (1): 4.7/20 MB
2026.03.08 16:00:59 INFO  Progress (1): 4.8/20 MB
2026.03.08 16:00:59 INFO  Progress (1): 4.8/20 MB
2026.03.08 16:00:59 INFO  Progress (1): 4.8/20 MB
2026.03.08 16:00:59 INFO  Progress (1): 4.8/20 MB
2026.03.08 16:00:59 INFO  Progress (1): 4.8/20 MB
2026.03.08 16:00:59 INFO  Progress (1): 4.8/20 MB
2026.03.08 16:00:59 INFO  Progress (1): 4.9/20 MB
2026.03.08 16:00:59 INFO  Progress (1): 4.9/20 MB
2026.03.08 16:00:59 INFO  Progress (1): 4.9/20 MB
2026.03.08 16:00:59 INFO  Progress (1): 4.9/20 MB
2026.03.08 16:00:59 INFO  Progress (1): 4.9/20 MB
2026.03.08 16:00:59 INFO  Progress (1): 4.9/20 MB
2026.03.08 16:00:59 INFO  Progress (1): 5.0/20 MB
2026.03.08 16:00:59 INFO  Progress (1): 5.0/20 MB
2026.03.08 16:00:59 INFO  Progress (1): 5.0/20 MB
2026.03.08 16:00:59 INFO  Progress (1): 5.0/20 MB
2026.03.08 16:00:59 INFO  Progress (1): 5.0/20 MB
2026.03.08 16:00:59 INFO  Progress (1): 5.0/20 MB
2026.03.08 16:00:59 INFO  Progress (1): 5.1/20 MB
2026.03.08 16:00:59 INFO  Progress (1): 5.1/20 MB
2026.03.08 16:00:59 INFO  Progress (1): 5.1/20 MB
2026.03.08 16:00:59 INFO  Progress (1): 5.1/20 MB
2026.03.08 16:00:59 INFO  Progress (1): 5.1/20 MB
2026.03.08 16:00:59 INFO  Progress (1): 5.1/20 MB
2026.03.08 16:00:59 INFO  Progress (1): 5.1/20 MB
2026.03.08 16:00:59 INFO  Progress (1): 5.2/20 MB
2026.03.08 16:00:59 INFO  Progress (1): 5.2/20 MB
2026.03.08 16:00:59 INFO  Progress (1): 5.2/20 MB
2026.03.08 16:00:59 INFO  Progress (1): 5.2/20 MB
2026.03.08 16:00:59 INFO  Progress (1): 5.2/20 MB
2026.03.08 16:00:59 INFO  Progress (1): 5.2/20 MB
2026.03.08 16:00:59 INFO  Progress (1): 5.3/20 MB
2026.03.08 16:00:59 INFO  Progress (1): 5.3/20 MB
2026.03.08 16:00:59 INFO  Progress (1): 5.3/20 MB
2026.03.08 16:00:59 INFO  Progress (1): 5.3/20 MB
2026.03.08 16:00:59 INFO  Progress (1): 5.3/20 MB
2026.03.08 16:00:59 INFO  Progress (1): 5.3/20 MB
2026.03.08 16:00:59 INFO  Progress (1): 5.4/20 MB
2026.03.08 16:00:59 INFO  Progress (1): 5.4/20 MB
2026.03.08 16:00:59 INFO  Progress (1): 5.4/20 MB
2026.03.08 16:00:59 INFO  Progress (1): 5.4/20 MB
2026.03.08 16:00:59 INFO  Progress (1): 5.4/20 MB
2026.03.08 16:00:59 INFO  Progress (1): 5.4/20 MB
2026.03.08 16:00:59 INFO  Progress (1): 5.5/20 MB
2026.03.08 16:00:59 INFO  Progress (1): 5.5/20 MB
2026.03.08 16:00:59 INFO  Progress (1): 5.5/20 MB
2026.03.08 16:00:59 INFO  Progress (1): 5.5/20 MB
2026.03.08 16:00:59 INFO  Progress (1): 5.5/20 MB
2026.03.08 16:00:59 INFO  Progress (1): 5.5/20 MB
2026.03.08 16:00:59 INFO  Progress (1): 5.6/20 MB
2026.03.08 16:00:59 INFO  Progress (1): 5.6/20 MB
2026.03.08 16:00:59 INFO  Progress (1): 5.6/20 MB
2026.03.08 16:00:59 INFO  Progress (1): 5.6/20 MB
2026.03.08 16:00:59 INFO  Progress (1): 5.6/20 MB
2026.03.08 16:00:59 INFO  Progress (1): 5.6/20 MB
2026.03.08 16:00:59 INFO  Progress (1): 5.7/20 MB
2026.03.08 16:00:59 INFO  Progress (1): 5.7/20 MB
2026.03.08 16:00:59 INFO  Progress (1): 5.7/20 MB
2026.03.08 16:00:59 INFO  Progress (1): 5.7/20 MB
2026.03.08 16:00:59 INFO  Progress (1): 5.7/20 MB
2026.03.08 16:00:59 INFO  Progress (1): 5.7/20 MB
2026.03.08 16:00:59 INFO  Progress (1): 5.7/20 MB
2026.03.08 16:00:59 INFO  Progress (1): 5.8/20 MB
2026.03.08 16:00:59 INFO  Progress (1): 5.8/20 MB
2026.03.08 16:00:59 INFO  Progress (1): 5.8/20 MB
2026.03.08 16:00:59 INFO  Progress (1): 5.8/20 MB
2026.03.08 16:00:59 INFO  Progress (1): 5.8/20 MB
2026.03.08 16:00:59 INFO  Progress (1): 5.8/20 MB
2026.03.08 16:00:59 INFO  Progress (1): 5.9/20 MB
2026.03.08 16:00:59 INFO  Progress (1): 5.9/20 MB
2026.03.08 16:00:59 INFO  Progress (1): 5.9/20 MB
2026.03.08 16:00:59 INFO  Progress (1): 5.9/20 MB
2026.03.08 16:00:59 INFO  Progress (1): 5.9/20 MB
2026.03.08 16:00:59 INFO  Progress (1): 5.9/20 MB
2026.03.08 16:00:59 INFO  Progress (1): 6.0/20 MB
2026.03.08 16:00:59 INFO  Progress (1): 6.0/20 MB
2026.03.08 16:00:59 INFO  Progress (1): 6.0/20 MB
2026.03.08 16:00:59 INFO  Progress (1): 6.0/20 MB
2026.03.08 16:00:59 INFO  Progress (1): 6.0/20 MB
2026.03.08 16:00:59 INFO  Progress (1): 6.0/20 MB
2026.03.08 16:00:59 INFO  Progress (1): 6.1/20 MB
2026.03.08 16:00:59 INFO  Progress (1): 6.1/20 MB
2026.03.08 16:00:59 INFO  Progress (1): 6.1/20 MB
2026.03.08 16:00:59 INFO  Progress (1): 6.1/20 MB
2026.03.08 16:00:59 INFO  Progress (1): 6.1/20 MB
2026.03.08 16:00:59 INFO  Progress (1): 6.1/20 MB
2026.03.08 16:00:59 INFO  Progress (1): 6.2/20 MB
2026.03.08 16:00:59 INFO  Progress (1): 6.2/20 MB
2026.03.08 16:00:59 INFO  Progress (1): 6.2/20 MB
2026.03.08 16:00:59 INFO  Progress (1): 6.2/20 MB
2026.03.08 16:00:59 INFO  Progress (1): 6.2/20 MB
2026.03.08 16:00:59 INFO  Progress (1): 6.2/20 MB
2026.03.08 16:00:59 INFO  Progress (1): 6.3/20 MB
2026.03.08 16:00:59 INFO  Progress (1): 6.3/20 MB
2026.03.08 16:00:59 INFO  Progress (1): 6.3/20 MB
2026.03.08 16:00:59 INFO  Progress (1): 6.3/20 MB
2026.03.08 16:00:59 INFO  Progress (1): 6.3/20 MB
2026.03.08 16:00:59 INFO  Progress (1): 6.3/20 MB
2026.03.08 16:00:59 INFO  Progress (1): 6.4/20 MB
2026.03.08 16:00:59 INFO  Progress (1): 6.4/20 MB
2026.03.08 16:00:59 INFO  Progress (1): 6.4/20 MB
2026.03.08 16:00:59 INFO  Progress (1): 6.4/20 MB
2026.03.08 16:00:59 INFO  Progress (1): 6.4/20 MB
2026.03.08 16:00:59 INFO  Progress (1): 6.4/20 MB
2026.03.08 16:00:59 INFO  Progress (1): 6.5/20 MB
2026.03.08 16:00:59 INFO  Progress (1): 6.5/20 MB
2026.03.08 16:00:59 INFO  Progress (1): 6.5/20 MB
2026.03.08 16:00:59 INFO  Progress (1): 6.5/20 MB
2026.03.08 16:00:59 INFO  Progress (1): 6.5/20 MB
2026.03.08 16:00:59 INFO  Progress (1): 6.5/20 MB
2026.03.08 16:00:59 INFO  Progress (1): 6.6/20 MB
2026.03.08 16:00:59 INFO  Progress (1): 6.6/20 MB
2026.03.08 16:00:59 INFO  Progress (1): 6.6/20 MB
2026.03.08 16:00:59 INFO  Progress (1): 6.6/20 MB
2026.03.08 16:00:59 INFO  Progress (1): 6.6/20 MB
2026.03.08 16:00:59 INFO  Progress (1): 6.6/20 MB
2026.03.08 16:00:59 INFO  Progress (1): 6.7/20 MB
2026.03.08 16:00:59 INFO  Progress (1): 6.7/20 MB
2026.03.08 16:00:59 INFO  Progress (1): 6.7/20 MB
2026.03.08 16:00:59 INFO  Progress (1): 6.7/20 MB
2026.03.08 16:00:59 INFO  Progress (1): 6.7/20 MB
2026.03.08 16:00:59 INFO  Progress (1): 6.7/20 MB
2026.03.08 16:00:59 INFO  Progress (1): 6.7/20 MB
2026.03.08 16:00:59 INFO  Progress (1): 6.8/20 MB
2026.03.08 16:00:59 INFO  Progress (1): 6.8/20 MB
2026.03.08 16:00:59 INFO  Progress (1): 6.8/20 MB
2026.03.08 16:00:59 INFO  Progress (1): 6.8/20 MB
2026.03.08 16:00:59 INFO  Progress (1): 6.8/20 MB
2026.03.08 16:00:59 INFO  Progress (1): 6.8/20 MB
2026.03.08 16:00:59 INFO  Progress (1): 6.9/20 MB
2026.03.08 16:00:59 INFO  Progress (1): 6.9/20 MB
2026.03.08 16:00:59 INFO  Progress (1): 6.9/20 MB
2026.03.08 16:00:59 INFO  Progress (1): 6.9/20 MB
2026.03.08 16:00:59 INFO  Progress (1): 6.9/20 MB
2026.03.08 16:00:59 INFO  Progress (1): 6.9/20 MB
2026.03.08 16:00:59 INFO  Progress (1): 7.0/20 MB
2026.03.08 16:00:59 INFO  Progress (1): 7.0/20 MB
2026.03.08 16:00:59 INFO  Progress (1): 7.0/20 MB
2026.03.08 16:00:59 INFO  Progress (1): 7.0/20 MB
2026.03.08 16:00:59 INFO  Progress (1): 7.0/20 MB
2026.03.08 16:00:59 INFO  Progress (1): 7.0/20 MB
2026.03.08 16:00:59 INFO  Progress (1): 7.1/20 MB
2026.03.08 16:00:59 INFO  Progress (1): 7.1/20 MB
2026.03.08 16:00:59 INFO  Progress (1): 7.1/20 MB
2026.03.08 16:00:59 INFO  Progress (1): 7.1/20 MB
2026.03.08 16:00:59 INFO  Progress (1): 7.1/20 MB
2026.03.08 16:00:59 INFO  Progress (1): 7.1/20 MB
2026.03.08 16:00:59 INFO  Progress (1): 7.2/20 MB
2026.03.08 16:00:59 INFO  Progress (1): 7.2/20 MB
2026.03.08 16:00:59 INFO  Progress (1): 7.2/20 MB
2026.03.08 16:00:59 INFO  Progress (1): 7.2/20 MB
2026.03.08 16:00:59 INFO  Progress (1): 7.2/20 MB
2026.03.08 16:00:59 INFO  Progress (1): 7.2/20 MB
2026.03.08 16:00:59 INFO  Progress (1): 7.3/20 MB
2026.03.08 16:00:59 INFO  Progress (1): 7.3/20 MB
2026.03.08 16:00:59 INFO  Progress (1): 7.3/20 MB
2026.03.08 16:00:59 INFO  Progress (1): 7.3/20 MB
2026.03.08 16:00:59 INFO  Progress (1): 7.3/20 MB
2026.03.08 16:00:59 INFO  Progress (1): 7.3/20 MB
2026.03.08 16:00:59 INFO  Progress (1): 7.4/20 MB
2026.03.08 16:00:59 INFO  Progress (1): 7.4/20 MB
2026.03.08 16:00:59 INFO  Progress (1): 7.4/20 MB
2026.03.08 16:00:59 INFO  Progress (1): 7.4/20 MB
2026.03.08 16:00:59 INFO  Progress (1): 7.4/20 MB
2026.03.08 16:00:59 INFO  Progress (1): 7.4/20 MB
2026.03.08 16:00:59 INFO  Progress (1): 7.5/20 MB
2026.03.08 16:00:59 INFO  Progress (1): 7.5/20 MB
2026.03.08 16:00:59 INFO  Progress (1): 7.5/20 MB
2026.03.08 16:00:59 INFO  Progress (1): 7.5/20 MB
2026.03.08 16:00:59 INFO  Progress (1): 7.5/20 MB
2026.03.08 16:00:59 INFO  Progress (1): 7.5/20 MB
2026.03.08 16:00:59 INFO  Progress (1): 7.6/20 MB
2026.03.08 16:00:59 INFO  Progress (1): 7.6/20 MB
2026.03.08 16:00:59 INFO  Progress (1): 7.6/20 MB
2026.03.08 16:00:59 INFO  Progress (1): 7.6/20 MB
2026.03.08 16:00:59 INFO  Progress (1): 7.6/20 MB
2026.03.08 16:00:59 INFO  Progress (1): 7.6/20 MB
2026.03.08 16:00:59 INFO  Progress (1): 7.7/20 MB
2026.03.08 16:00:59 INFO  Progress (1): 7.7/20 MB
2026.03.08 16:00:59 INFO  Progress (1): 7.7/20 MB
2026.03.08 16:00:59 INFO  Progress (1): 7.7/20 MB
2026.03.08 16:00:59 INFO  Progress (1): 7.7/20 MB
2026.03.08 16:00:59 INFO  Progress (1): 7.7/20 MB
2026.03.08 16:00:59 INFO  Progress (1): 7.7/20 MB
2026.03.08 16:00:59 INFO  Progress (1): 7.8/20 MB
2026.03.08 16:00:59 INFO  Progress (1): 7.8/20 MB
2026.03.08 16:00:59 INFO  Progress (1): 7.8/20 MB
2026.03.08 16:00:59 INFO  Progress (1): 7.8/20 MB
2026.03.08 16:00:59 INFO  Progress (1): 7.8/20 MB
2026.03.08 16:00:59 INFO  Progress (1): 7.8/20 MB
2026.03.08 16:00:59 INFO  Progress (1): 7.9/20 MB
2026.03.08 16:00:59 INFO  Progress (1): 7.9/20 MB
2026.03.08 16:00:59 INFO  Progress (1): 7.9/20 MB
2026.03.08 16:00:59 INFO  Progress (1): 7.9/20 MB
2026.03.08 16:00:59 INFO  Progress (1): 7.9/20 MB
2026.03.08 16:00:59 INFO  Progress (1): 7.9/20 MB
2026.03.08 16:00:59 INFO  Progress (1): 8.0/20 MB
2026.03.08 16:00:59 INFO  Progress (1): 8.0/20 MB
2026.03.08 16:00:59 INFO  Progress (1): 8.0/20 MB
2026.03.08 16:00:59 INFO  Progress (1): 8.0/20 MB
2026.03.08 16:00:59 INFO  Progress (1): 8.0/20 MB
2026.03.08 16:00:59 INFO  Progress (1): 8.0/20 MB
2026.03.08 16:00:59 INFO  Progress (1): 8.1/20 MB
2026.03.08 16:00:59 INFO  Progress (1): 8.1/20 MB
2026.03.08 16:00:59 INFO  Progress (1): 8.1/20 MB
2026.03.08 16:00:59 INFO  Progress (1): 8.1/20 MB
2026.03.08 16:00:59 INFO  Progress (1): 8.1/20 MB
2026.03.08 16:00:59 INFO  Progress (1): 8.1/20 MB
2026.03.08 16:00:59 INFO  Progress (1): 8.2/20 MB
2026.03.08 16:00:59 INFO  Progress (1): 8.2/20 MB
2026.03.08 16:00:59 INFO  Progress (1): 8.2/20 MB
2026.03.08 16:00:59 INFO  Progress (1): 8.2/20 MB
2026.03.08 16:00:59 INFO  Progress (1): 8.2/20 MB
2026.03.08 16:00:59 INFO  Progress (1): 8.2/20 MB
2026.03.08 16:00:59 INFO  Progress (1): 8.2/20 MB
2026.03.08 16:00:59 INFO  Progress (1): 8.3/20 MB
2026.03.08 16:00:59 INFO  Progress (1): 8.3/20 MB
2026.03.08 16:00:59 INFO  Progress (1): 8.3/20 MB
2026.03.08 16:00:59 INFO  Progress (1): 8.3/20 MB
2026.03.08 16:00:59 INFO  Progress (1): 8.3/20 MB
2026.03.08 16:00:59 INFO  Progress (1): 8.3/20 MB
2026.03.08 16:00:59 INFO  Progress (1): 8.3/20 MB
2026.03.08 16:00:59 INFO  Progress (1): 8.4/20 MB
2026.03.08 16:00:59 INFO  Progress (1): 8.4/20 MB
2026.03.08 16:00:59 INFO  Progress (1): 8.4/20 MB
2026.03.08 16:00:59 INFO  Progress (1): 8.4/20 MB
2026.03.08 16:00:59 INFO  Progress (1): 8.4/20 MB
2026.03.08 16:00:59 INFO  Progress (1): 8.4/20 MB
2026.03.08 16:00:59 INFO  Progress (1): 8.5/20 MB
2026.03.08 16:00:59 INFO  Progress (1): 8.5/20 MB
2026.03.08 16:00:59 INFO  Progress (1): 8.5/20 MB
2026.03.08 16:00:59 INFO  Progress (1): 8.5/20 MB
2026.03.08 16:00:59 INFO  Progress (1): 8.5/20 MB
2026.03.08 16:00:59 INFO  Progress (1): 8.5/20 MB
2026.03.08 16:00:59 INFO  Progress (1): 8.5/20 MB
2026.03.08 16:00:59 INFO  Progress (1): 8.6/20 MB
2026.03.08 16:00:59 INFO  Progress (1): 8.6/20 MB
2026.03.08 16:00:59 INFO  Progress (1): 8.6/20 MB
2026.03.08 16:00:59 INFO  Progress (1): 8.6/20 MB
2026.03.08 16:00:59 INFO  Progress (1): 8.6/20 MB
2026.03.08 16:00:59 INFO  Progress (1): 8.6/20 MB
2026.03.08 16:00:59 INFO  Progress (1): 8.6/20 MB
2026.03.08 16:00:59 INFO  Progress (1): 8.7/20 MB
2026.03.08 16:00:59 INFO  Progress (1): 8.7/20 MB
2026.03.08 16:00:59 INFO  Progress (1): 8.7/20 MB
2026.03.08 16:00:59 INFO  Progress (1): 8.7/20 MB
2026.03.08 16:00:59 INFO  Progress (1): 8.7/20 MB
2026.03.08 16:00:59 INFO  Progress (1): 8.7/20 MB
2026.03.08 16:00:59 INFO  Progress (1): 8.8/20 MB
2026.03.08 16:00:59 INFO  Progress (1): 8.8/20 MB
2026.03.08 16:00:59 INFO  Progress (1): 8.8/20 MB
2026.03.08 16:00:59 INFO  Progress (1): 8.8/20 MB
2026.03.08 16:00:59 INFO  Progress (1): 8.8/20 MB
2026.03.08 16:00:59 INFO  Progress (1): 8.8/20 MB
2026.03.08 16:00:59 INFO  Progress (1): 8.9/20 MB
2026.03.08 16:00:59 INFO  Progress (1): 8.9/20 MB
2026.03.08 16:00:59 INFO  Progress (1): 8.9/20 MB
2026.03.08 16:00:59 INFO  Progress (1): 8.9/20 MB
2026.03.08 16:00:59 INFO  Progress (1): 8.9/20 MB
2026.03.08 16:00:59 INFO  Progress (1): 8.9/20 MB
2026.03.08 16:00:59 INFO  Progress (1): 9.0/20 MB
2026.03.08 16:00:59 INFO  Progress (1): 9.0/20 MB
2026.03.08 16:00:59 INFO  Progress (1): 9.0/20 MB
2026.03.08 16:00:59 INFO  Progress (1): 9.0/20 MB
2026.03.08 16:00:59 INFO  Progress (1): 9.0/20 MB
2026.03.08 16:00:59 INFO  Progress (1): 9.0/20 MB
2026.03.08 16:00:59 INFO  Progress (1): 9.1/20 MB
2026.03.08 16:00:59 INFO  Progress (1): 9.1/20 MB
2026.03.08 16:00:59 INFO  Progress (1): 9.1/20 MB
2026.03.08 16:00:59 INFO  Progress (1): 9.1/20 MB
2026.03.08 16:00:59 INFO  Progress (1): 9.1/20 MB
2026.03.08 16:00:59 INFO  Progress (1): 9.1/20 MB
2026.03.08 16:00:59 INFO  Progress (1): 9.1/20 MB
2026.03.08 16:00:59 INFO  Progress (1): 9.2/20 MB
2026.03.08 16:00:59 INFO  Progress (1): 9.2/20 MB
2026.03.08 16:00:59 INFO  Progress (1): 9.2/20 MB
2026.03.08 16:00:59 INFO  Progress (1): 9.2/20 MB
2026.03.08 16:00:59 INFO  Progress (1): 9.2/20 MB
2026.03.08 16:00:59 INFO  Progress (1): 9.2/20 MB
2026.03.08 16:00:59 INFO  Progress (1): 9.3/20 MB
2026.03.08 16:00:59 INFO  Progress (1): 9.3/20 MB
2026.03.08 16:00:59 INFO  Progress (1): 9.3/20 MB
2026.03.08 16:00:59 INFO  Progress (1): 9.3/20 MB
2026.03.08 16:00:59 INFO  Progress (1): 9.3/20 MB
2026.03.08 16:00:59 INFO  Progress (1): 9.3/20 MB
2026.03.08 16:00:59 INFO  Progress (1): 9.4/20 MB
2026.03.08 16:00:59 INFO  Progress (1): 9.4/20 MB
2026.03.08 16:00:59 INFO  Progress (1): 9.4/20 MB
2026.03.08 16:00:59 INFO  Progress (1): 9.4/20 MB
2026.03.08 16:00:59 INFO  Progress (1): 9.4/20 MB
2026.03.08 16:00:59 INFO  Progress (1): 9.4/20 MB
2026.03.08 16:00:59 INFO  Progress (1): 9.5/20 MB
2026.03.08 16:00:59 INFO  Progress (1): 9.5/20 MB
2026.03.08 16:00:59 INFO  Progress (1): 9.5/20 MB
2026.03.08 16:00:59 INFO  Progress (1): 9.5/20 MB
2026.03.08 16:00:59 INFO  Progress (1): 9.5/20 MB
2026.03.08 16:00:59 INFO  Progress (1): 9.5/20 MB
2026.03.08 16:00:59 INFO  Progress (1): 9.6/20 MB
2026.03.08 16:00:59 INFO  Progress (1): 9.6/20 MB
2026.03.08 16:00:59 INFO  Progress (1): 9.6/20 MB
2026.03.08 16:00:59 INFO  Progress (1): 9.6/20 MB
2026.03.08 16:00:59 INFO  Progress (1): 9.6/20 MB
2026.03.08 16:00:59 INFO  Progress (1): 9.6/20 MB
2026.03.08 16:00:59 INFO  Progress (1): 9.7/20 MB
2026.03.08 16:00:59 INFO  Progress (1): 9.7/20 MB
2026.03.08 16:00:59 INFO  Progress (1): 9.7/20 MB
2026.03.08 16:00:59 INFO  Progress (1): 9.7/20 MB
2026.03.08 16:00:59 INFO  Progress (1): 9.7/20 MB
2026.03.08 16:00:59 INFO  Progress (1): 9.7/20 MB
2026.03.08 16:00:59 INFO  Progress (1): 9.8/20 MB
2026.03.08 16:00:59 INFO  Progress (1): 9.8/20 MB
2026.03.08 16:00:59 INFO  Progress (1): 9.8/20 MB
2026.03.08 16:00:59 INFO  Progress (1): 9.8/20 MB
2026.03.08 16:00:59 INFO  Progress (1): 9.8/20 MB
2026.03.08 16:00:59 INFO  Progress (1): 9.8/20 MB
2026.03.08 16:00:59 INFO  Progress (1): 9.9/20 MB
2026.03.08 16:00:59 INFO  Progress (1): 9.9/20 MB
2026.03.08 16:00:59 INFO  Progress (1): 9.9/20 MB
2026.03.08 16:00:59 INFO  Progress (1): 9.9/20 MB
2026.03.08 16:00:59 INFO  Progress (1): 9.9/20 MB
2026.03.08 16:00:59 INFO  Progress (1): 9.9/20 MB
2026.03.08 16:00:59 INFO  Progress (1): 10.0/20 MB
2026.03.08 16:00:59 INFO  Progress (1): 10.0/20 MB
2026.03.08 16:00:59 INFO  Progress (1): 10.0/20 MB
2026.03.08 16:00:59 INFO  Progress (1): 10.0/20 MB
2026.03.08 16:00:59 INFO  Progress (1): 10/20 MB  
2026.03.08 16:00:59 INFO  Progress (1): 10/20 MB
2026.03.08 16:00:59 INFO  Progress (1): 10/20 MB
2026.03.08 16:00:59 INFO  Progress (1): 10/20 MB
2026.03.08 16:00:59 INFO  Progress (1): 10/20 MB
2026.03.08 16:00:59 INFO  Progress (1): 10/20 MB
2026.03.08 16:00:59 INFO  Progress (1): 10/20 MB
2026.03.08 16:00:59 INFO  Progress (1): 10/20 MB
2026.03.08 16:00:59 INFO  Progress (1): 10/20 MB
2026.03.08 16:00:59 INFO  Progress (1): 10/20 MB
2026.03.08 16:00:59 INFO  Progress (1): 10/20 MB
2026.03.08 16:00:59 INFO  Progress (1): 10/20 MB
2026.03.08 16:00:59 INFO  Progress (1): 10/20 MB
2026.03.08 16:00:59 INFO  Progress (1): 10/20 MB
2026.03.08 16:00:59 INFO  Progress (1): 10/20 MB
2026.03.08 16:00:59 INFO  Progress (1): 10/20 MB
2026.03.08 16:00:59 INFO  Progress (1): 10/20 MB
2026.03.08 16:00:59 INFO  Progress (1): 10/20 MB
2026.03.08 16:00:59 INFO  Progress (1): 10/20 MB
2026.03.08 16:00:59 INFO  Progress (1): 10/20 MB
2026.03.08 16:00:59 INFO  Progress (1): 10/20 MB
2026.03.08 16:00:59 INFO  Progress (1): 10/20 MB
2026.03.08 16:00:59 INFO  Progress (1): 10/20 MB
2026.03.08 16:00:59 INFO  Progress (1): 10/20 MB
2026.03.08 16:00:59 INFO  Progress (1): 10/20 MB
2026.03.08 16:00:59 INFO  Progress (1): 10/20 MB
2026.03.08 16:00:59 INFO  Progress (1): 10/20 MB
2026.03.08 16:00:59 INFO  Progress (1): 10/20 MB
2026.03.08 16:00:59 INFO  Progress (1): 10/20 MB
2026.03.08 16:00:59 INFO  Progress (1): 10/20 MB
2026.03.08 16:00:59 INFO  Progress (1): 10/20 MB
2026.03.08 16:00:59 INFO  Progress (1): 10/20 MB
2026.03.08 16:00:59 INFO  Progress (1): 11/20 MB
2026.03.08 16:00:59 INFO  Progress (1): 11/20 MB
2026.03.08 16:00:59 INFO  Progress (1): 11/20 MB
2026.03.08 16:00:59 INFO  Progress (1): 11/20 MB
2026.03.08 16:00:59 INFO  Progress (1): 11/20 MB
2026.03.08 16:00:59 INFO  Progress (1): 11/20 MB
2026.03.08 16:00:59 INFO  Progress (1): 11/20 MB
2026.03.08 16:00:59 INFO  Progress (1): 11/20 MB
2026.03.08 16:00:59 INFO  Progress (1): 11/20 MB
2026.03.08 16:00:59 INFO  Progress (1): 11/20 MB
2026.03.08 16:00:59 INFO  Progress (1): 11/20 MB
2026.03.08 16:00:59 INFO  Progress (1): 11/20 MB
2026.03.08 16:00:59 INFO  Progress (1): 11/20 MB
2026.03.08 16:00:59 INFO  Progress (1): 11/20 MB
2026.03.08 16:00:59 INFO  Progress (1): 11/20 MB
2026.03.08 16:00:59 INFO  Progress (1): 11/20 MB
2026.03.08 16:00:59 INFO  Progress (1): 11/20 MB
2026.03.08 16:00:59 INFO  Progress (1): 11/20 MB
2026.03.08 16:00:59 INFO  Progress (1): 11/20 MB
2026.03.08 16:00:59 INFO  Progress (1): 11/20 MB
2026.03.08 16:00:59 INFO  Progress (1): 11/20 MB
2026.03.08 16:00:59 INFO  Progress (1): 11/20 MB
2026.03.08 16:00:59 INFO  Progress (1): 11/20 MB
2026.03.08 16:00:59 INFO  Progress (1): 11/20 MB
2026.03.08 16:00:59 INFO  Progress (1): 11/20 MB
2026.03.08 16:00:59 INFO  Progress (1): 11/20 MB
2026.03.08 16:00:59 INFO  Progress (1): 11/20 MB
2026.03.08 16:00:59 INFO  Progress (1): 11/20 MB
2026.03.08 16:00:59 INFO  Progress (1): 11/20 MB
2026.03.08 16:00:59 INFO  Progress (1): 11/20 MB
2026.03.08 16:00:59 INFO  Progress (1): 11/20 MB
2026.03.08 16:00:59 INFO  Progress (1): 11/20 MB
2026.03.08 16:00:59 INFO  Progress (1): 11/20 MB
2026.03.08 16:00:59 INFO  Progress (1): 11/20 MB
2026.03.08 16:00:59 INFO  Progress (1): 11/20 MB
2026.03.08 16:00:59 INFO  Progress (1): 11/20 MB
2026.03.08 16:00:59 INFO  Progress (1): 11/20 MB
2026.03.08 16:00:59 INFO  Progress (1): 11/20 MB
2026.03.08 16:00:59 INFO  Progress (1): 11/20 MB
2026.03.08 16:00:59 INFO  Progress (1): 11/20 MB
2026.03.08 16:00:59 INFO  Progress (1): 11/20 MB
2026.03.08 16:00:59 INFO  Progress (1): 11/20 MB
2026.03.08 16:00:59 INFO  Progress (1): 11/20 MB
2026.03.08 16:00:59 INFO  Progress (1): 11/20 MB
2026.03.08 16:00:59 INFO  Progress (1): 11/20 MB
2026.03.08 16:00:59 INFO  Progress (1): 11/20 MB
2026.03.08 16:00:59 INFO  Progress (1): 11/20 MB
2026.03.08 16:00:59 INFO  Progress (1): 11/20 MB
2026.03.08 16:00:59 INFO  Progress (1): 11/20 MB
2026.03.08 16:00:59 INFO  Progress (1): 11/20 MB
2026.03.08 16:00:59 INFO  Progress (1): 11/20 MB
2026.03.08 16:00:59 INFO  Progress (1): 11/20 MB
2026.03.08 16:00:59 INFO  Progress (1): 11/20 MB
2026.03.08 16:00:59 INFO  Progress (1): 11/20 MB
2026.03.08 16:00:59 INFO  Progress (1): 11/20 MB
2026.03.08 16:00:59 INFO  Progress (1): 11/20 MB
2026.03.08 16:00:59 INFO  Progress (1): 11/20 MB
2026.03.08 16:00:59 INFO  Progress (1): 11/20 MB
2026.03.08 16:00:59 INFO  Progress (1): 11/20 MB
2026.03.08 16:00:59 INFO  Progress (1): 11/20 MB
2026.03.08 16:00:59 INFO  Progress (1): 11/20 MB
2026.03.08 16:00:59 INFO  Progress (1): 11/20 MB
2026.03.08 16:00:59 INFO  Progress (1): 11/20 MB
2026.03.08 16:00:59 INFO  Progress (1): 11/20 MB
2026.03.08 16:00:59 INFO  Progress (1): 11/20 MB
2026.03.08 16:00:59 INFO  Progress (1): 11/20 MB
2026.03.08 16:00:59 INFO  Progress (1): 11/20 MB
2026.03.08 16:00:59 INFO  Progress (1): 12/20 MB
2026.03.08 16:00:59 INFO  Progress (1): 12/20 MB
2026.03.08 16:00:59 INFO  Progress (1): 12/20 MB
2026.03.08 16:00:59 INFO  Progress (1): 12/20 MB
2026.03.08 16:00:59 INFO  Progress (1): 12/20 MB
2026.03.08 16:00:59 INFO  Progress (1): 12/20 MB
2026.03.08 16:00:59 INFO  Progress (1): 12/20 MB
2026.03.08 16:00:59 INFO  Progress (1): 12/20 MB
2026.03.08 16:00:59 INFO  Progress (1): 12/20 MB
2026.03.08 16:00:59 INFO  Progress (1): 12/20 MB
2026.03.08 16:00:59 INFO  Progress (1): 12/20 MB
2026.03.08 16:00:59 INFO  Progress (1): 12/20 MB
2026.03.08 16:00:59 INFO  Progress (1): 12/20 MB
2026.03.08 16:00:59 INFO  Progress (1): 12/20 MB
2026.03.08 16:00:59 INFO  Progress (1): 12/20 MB
2026.03.08 16:00:59 INFO  Progress (1): 12/20 MB
2026.03.08 16:00:59 INFO  Progress (1): 12/20 MB
2026.03.08 16:00:59 INFO  Progress (1): 12/20 MB
2026.03.08 16:00:59 INFO  Progress (1): 12/20 MB
2026.03.08 16:00:59 INFO  Progress (1): 12/20 MB
2026.03.08 16:00:59 INFO  Progress (1): 12/20 MB
2026.03.08 16:00:59 INFO  Progress (1): 12/20 MB
2026.03.08 16:00:59 INFO  Progress (1): 12/20 MB
2026.03.08 16:00:59 INFO  Progress (1): 12/20 MB
2026.03.08 16:00:59 INFO  Progress (1): 12/20 MB
2026.03.08 16:00:59 INFO  Progress (1): 12/20 MB
2026.03.08 16:00:59 INFO  Progress (1): 12/20 MB
2026.03.08 16:00:59 INFO  Progress (1): 12/20 MB
2026.03.08 16:00:59 INFO  Progress (1): 12/20 MB
2026.03.08 16:00:59 INFO  Progress (1): 12/20 MB
2026.03.08 16:00:59 INFO  Progress (1): 12/20 MB
2026.03.08 16:00:59 INFO  Progress (1): 12/20 MB
2026.03.08 16:00:59 INFO  Progress (1): 12/20 MB
2026.03.08 16:00:59 INFO  Progress (1): 12/20 MB
2026.03.08 16:00:59 INFO  Progress (1): 12/20 MB
2026.03.08 16:00:59 INFO  Progress (1): 12/20 MB
2026.03.08 16:00:59 INFO  Progress (1): 12/20 MB
2026.03.08 16:00:59 INFO  Progress (1): 12/20 MB
2026.03.08 16:00:59 INFO  Progress (1): 12/20 MB
2026.03.08 16:00:59 INFO  Progress (1): 12/20 MB
2026.03.08 16:00:59 INFO  Progress (1): 12/20 MB
2026.03.08 16:00:59 INFO  Progress (1): 12/20 MB
2026.03.08 16:00:59 INFO  Progress (1): 12/20 MB
2026.03.08 16:00:59 INFO  Progress (1): 12/20 MB
2026.03.08 16:00:59 INFO  Progress (1): 12/20 MB
2026.03.08 16:00:59 INFO  Progress (1): 12/20 MB
2026.03.08 16:00:59 INFO  Progress (1): 12/20 MB
2026.03.08 16:00:59 INFO  Progress (1): 12/20 MB
2026.03.08 16:00:59 INFO  Progress (1): 12/20 MB
2026.03.08 16:00:59 INFO  Progress (1): 12/20 MB
2026.03.08 16:00:59 INFO  Progress (1): 12/20 MB
2026.03.08 16:00:59 INFO  Progress (1): 12/20 MB
2026.03.08 16:00:59 INFO  Progress (1): 12/20 MB
2026.03.08 16:00:59 INFO  Progress (1): 12/20 MB
2026.03.08 16:00:59 INFO  Progress (1): 12/20 MB
2026.03.08 16:00:59 INFO  Progress (1): 12/20 MB
2026.03.08 16:00:59 INFO  Progress (1): 12/20 MB
2026.03.08 16:00:59 INFO  Progress (1): 12/20 MB
2026.03.08 16:00:59 INFO  Progress (1): 12/20 MB
2026.03.08 16:00:59 INFO  Progress (1): 12/20 MB
2026.03.08 16:00:59 INFO  Progress (1): 12/20 MB
2026.03.08 16:00:59 INFO  Progress (1): 12/20 MB
2026.03.08 16:00:59 INFO  Progress (1): 13/20 MB
2026.03.08 16:00:59 INFO  Progress (1): 13/20 MB
2026.03.08 16:00:59 INFO  Progress (1): 13/20 MB
2026.03.08 16:00:59 INFO  Progress (1): 13/20 MB
2026.03.08 16:00:59 INFO  Progress (1): 13/20 MB
2026.03.08 16:00:59 INFO  Progress (1): 13/20 MB
2026.03.08 16:00:59 INFO  Progress (1): 13/20 MB
2026.03.08 16:00:59 INFO  Progress (1): 13/20 MB
2026.03.08 16:00:59 INFO  Progress (1): 13/20 MB
2026.03.08 16:00:59 INFO  Progress (1): 13/20 MB
2026.03.08 16:00:59 INFO  Progress (1): 13/20 MB
2026.03.08 16:00:59 INFO  Progress (1): 13/20 MB
2026.03.08 16:00:59 INFO  Progress (1): 13/20 MB
2026.03.08 16:00:59 INFO  Progress (1): 13/20 MB
2026.03.08 16:00:59 INFO  Progress (1): 13/20 MB
2026.03.08 16:00:59 INFO  Progress (1): 13/20 MB
2026.03.08 16:00:59 INFO  Progress (1): 13/20 MB
2026.03.08 16:00:59 INFO  Progress (1): 13/20 MB
2026.03.08 16:00:59 INFO  Progress (1): 13/20 MB
2026.03.08 16:00:59 INFO  Progress (1): 13/20 MB
2026.03.08 16:00:59 INFO  Progress (1): 13/20 MB
2026.03.08 16:00:59 INFO  Progress (1): 13/20 MB
2026.03.08 16:00:59 INFO  Progress (1): 13/20 MB
2026.03.08 16:00:59 INFO  Progress (1): 13/20 MB
2026.03.08 16:00:59 INFO  Progress (1): 13/20 MB
2026.03.08 16:00:59 INFO  Progress (1): 13/20 MB
2026.03.08 16:00:59 INFO  Progress (1): 13/20 MB
2026.03.08 16:00:59 INFO  Progress (1): 13/20 MB
2026.03.08 16:00:59 INFO  Progress (1): 13/20 MB
2026.03.08 16:00:59 INFO  Progress (1): 13/20 MB
2026.03.08 16:00:59 INFO  Progress (1): 13/20 MB
2026.03.08 16:00:59 INFO  Progress (1): 13/20 MB
2026.03.08 16:00:59 INFO  Progress (1): 13/20 MB
2026.03.08 16:00:59 INFO  Progress (1): 13/20 MB
2026.03.08 16:00:59 INFO  Progress (1): 13/20 MB
2026.03.08 16:00:59 INFO  Progress (1): 13/20 MB
2026.03.08 16:00:59 INFO  Progress (1): 13/20 MB
2026.03.08 16:00:59 INFO  Progress (1): 13/20 MB
2026.03.08 16:00:59 INFO  Progress (1): 13/20 MB
2026.03.08 16:00:59 INFO  Progress (1): 13/20 MB
2026.03.08 16:00:59 INFO  Progress (1): 13/20 MB
2026.03.08 16:00:59 INFO  Progress (1): 13/20 MB
2026.03.08 16:00:59 INFO  Progress (1): 13/20 MB
2026.03.08 16:00:59 INFO  Progress (1): 13/20 MB
2026.03.08 16:00:59 INFO  Progress (1): 13/20 MB
2026.03.08 16:00:59 INFO  Progress (1): 13/20 MB
2026.03.08 16:00:59 INFO  Progress (1): 13/20 MB
2026.03.08 16:00:59 INFO  Progress (1): 13/20 MB
2026.03.08 16:00:59 INFO  Progress (1): 13/20 MB
2026.03.08 16:00:59 INFO  Progress (1): 13/20 MB
2026.03.08 16:00:59 INFO  Progress (1): 13/20 MB
2026.03.08 16:00:59 INFO  Progress (1): 13/20 MB
2026.03.08 16:00:59 INFO  Progress (1): 13/20 MB
2026.03.08 16:00:59 INFO  Progress (1): 13/20 MB
2026.03.08 16:00:59 INFO  Progress (1): 13/20 MB
2026.03.08 16:00:59 INFO  Progress (1): 13/20 MB
2026.03.08 16:00:59 INFO  Progress (1): 13/20 MB
2026.03.08 16:00:59 INFO  Progress (1): 13/20 MB
2026.03.08 16:00:59 INFO  Progress (1): 13/20 MB
2026.03.08 16:00:59 INFO  Progress (1): 13/20 MB
2026.03.08 16:00:59 INFO  Progress (1): 13/20 MB
2026.03.08 16:00:59 INFO  Progress (1): 14/20 MB
2026.03.08 16:00:59 INFO  Progress (1): 14/20 MB
2026.03.08 16:00:59 INFO  Progress (1): 14/20 MB
2026.03.08 16:00:59 INFO  Progress (1): 14/20 MB
2026.03.08 16:00:59 INFO  Progress (1): 14/20 MB
2026.03.08 16:00:59 INFO  Progress (1): 14/20 MB
2026.03.08 16:00:59 INFO  Progress (1): 14/20 MB
2026.03.08 16:00:59 INFO  Progress (1): 14/20 MB
2026.03.08 16:00:59 INFO  Progress (1): 14/20 MB
2026.03.08 16:00:59 INFO  Progress (1): 14/20 MB
2026.03.08 16:00:59 INFO  Progress (1): 14/20 MB
2026.03.08 16:00:59 INFO  Progress (1): 14/20 MB
2026.03.08 16:00:59 INFO  Progress (1): 14/20 MB
2026.03.08 16:00:59 INFO  Progress (1): 14/20 MB
2026.03.08 16:00:59 INFO  Progress (1): 14/20 MB
2026.03.08 16:00:59 INFO  Progress (1): 14/20 MB
2026.03.08 16:00:59 INFO  Progress (1): 14/20 MB
2026.03.08 16:00:59 INFO  Progress (1): 14/20 MB
2026.03.08 16:00:59 INFO  Progress (1): 14/20 MB
2026.03.08 16:00:59 INFO  Progress (1): 14/20 MB
2026.03.08 16:00:59 INFO  Progress (1): 14/20 MB
2026.03.08 16:00:59 INFO  Progress (1): 14/20 MB
2026.03.08 16:00:59 INFO  Progress (1): 14/20 MB
2026.03.08 16:00:59 INFO  Progress (1): 14/20 MB
2026.03.08 16:00:59 INFO  Progress (1): 14/20 MB
2026.03.08 16:00:59 INFO  Progress (1): 14/20 MB
2026.03.08 16:00:59 INFO  Progress (1): 14/20 MB
2026.03.08 16:00:59 INFO  Progress (1): 14/20 MB
2026.03.08 16:00:59 INFO  Progress (1): 14/20 MB
2026.03.08 16:00:59 INFO  Progress (1): 14/20 MB
2026.03.08 16:00:59 INFO  Progress (1): 14/20 MB
2026.03.08 16:00:59 INFO  Progress (1): 14/20 MB
2026.03.08 16:00:59 INFO  Progress (1): 14/20 MB
2026.03.08 16:00:59 INFO  Progress (1): 14/20 MB
2026.03.08 16:00:59 INFO  Progress (1): 14/20 MB
2026.03.08 16:00:59 INFO  Progress (1): 14/20 MB
2026.03.08 16:00:59 INFO  Progress (1): 14/20 MB
2026.03.08 16:00:59 INFO  Progress (1): 14/20 MB
2026.03.08 16:00:59 INFO  Progress (1): 14/20 MB
2026.03.08 16:00:59 INFO  Progress (1): 14/20 MB
2026.03.08 16:00:59 INFO  Progress (1): 14/20 MB
2026.03.08 16:00:59 INFO  Progress (1): 14/20 MB
2026.03.08 16:00:59 INFO  Progress (1): 14/20 MB
2026.03.08 16:00:59 INFO  Progress (1): 14/20 MB
2026.03.08 16:00:59 INFO  Progress (1): 14/20 MB
2026.03.08 16:00:59 INFO  Progress (1): 14/20 MB
2026.03.08 16:00:59 INFO  Progress (1): 14/20 MB
2026.03.08 16:00:59 INFO  Progress (1): 14/20 MB
2026.03.08 16:00:59 INFO  Progress (1): 14/20 MB
2026.03.08 16:00:59 INFO  Progress (1): 14/20 MB
2026.03.08 16:00:59 INFO  Progress (1): 14/20 MB
2026.03.08 16:00:59 INFO  Progress (1): 14/20 MB
2026.03.08 16:00:59 INFO  Progress (1): 14/20 MB
2026.03.08 16:00:59 INFO  Progress (1): 14/20 MB
2026.03.08 16:00:59 INFO  Progress (1): 14/20 MB
2026.03.08 16:00:59 INFO  Progress (1): 14/20 MB
2026.03.08 16:00:59 INFO  Progress (1): 14/20 MB
2026.03.08 16:00:59 INFO  Progress (1): 14/20 MB
2026.03.08 16:00:59 INFO  Progress (1): 14/20 MB
2026.03.08 16:00:59 INFO  Progress (1): 14/20 MB
2026.03.08 16:00:59 INFO  Progress (1): 14/20 MB
2026.03.08 16:00:59 INFO  Progress (1): 15/20 MB
2026.03.08 16:00:59 INFO  Progress (1): 15/20 MB
2026.03.08 16:00:59 INFO  Progress (1): 15/20 MB
2026.03.08 16:00:59 INFO  Progress (1): 15/20 MB
2026.03.08 16:00:59 INFO  Progress (1): 15/20 MB
2026.03.08 16:00:59 INFO  Progress (1): 15/20 MB
2026.03.08 16:00:59 INFO  Progress (1): 15/20 MB
2026.03.08 16:00:59 INFO  Progress (1): 15/20 MB
2026.03.08 16:00:59 INFO  Progress (1): 15/20 MB
2026.03.08 16:00:59 INFO  Progress (1): 15/20 MB
2026.03.08 16:00:59 INFO  Progress (1): 15/20 MB
2026.03.08 16:00:59 INFO  Progress (1): 15/20 MB
2026.03.08 16:00:59 INFO  Progress (1): 15/20 MB
2026.03.08 16:00:59 INFO  Progress (1): 15/20 MB
2026.03.08 16:00:59 INFO  Progress (1): 15/20 MB
2026.03.08 16:00:59 INFO  Progress (1): 15/20 MB
2026.03.08 16:00:59 INFO  Progress (1): 15/20 MB
2026.03.08 16:00:59 INFO  Progress (1): 15/20 MB
2026.03.08 16:00:59 INFO  Progress (1): 15/20 MB
2026.03.08 16:00:59 INFO  Progress (1): 15/20 MB
2026.03.08 16:00:59 INFO  Progress (1): 15/20 MB
2026.03.08 16:00:59 INFO  Progress (1): 15/20 MB
2026.03.08 16:00:59 INFO  Progress (1): 15/20 MB
2026.03.08 16:00:59 INFO  Progress (1): 15/20 MB
2026.03.08 16:00:59 INFO  Progress (1): 15/20 MB
2026.03.08 16:00:59 INFO  Progress (1): 15/20 MB
2026.03.08 16:00:59 INFO  Progress (1): 15/20 MB
2026.03.08 16:00:59 INFO  Progress (1): 15/20 MB
2026.03.08 16:00:59 INFO  Progress (1): 15/20 MB
2026.03.08 16:00:59 INFO  Progress (1): 15/20 MB
2026.03.08 16:00:59 INFO  Progress (1): 15/20 MB
2026.03.08 16:00:59 INFO  Progress (1): 15/20 MB
2026.03.08 16:00:59 INFO  Progress (1): 15/20 MB
2026.03.08 16:00:59 INFO  Progress (1): 15/20 MB
2026.03.08 16:00:59 INFO  Progress (1): 15/20 MB
2026.03.08 16:00:59 INFO  Progress (1): 15/20 MB
2026.03.08 16:00:59 INFO  Progress (1): 15/20 MB
2026.03.08 16:00:59 INFO  Progress (1): 15/20 MB
2026.03.08 16:00:59 INFO  Progress (1): 15/20 MB
2026.03.08 16:00:59 INFO  Progress (1): 15/20 MB
2026.03.08 16:00:59 INFO  Progress (1): 15/20 MB
2026.03.08 16:00:59 INFO  Progress (1): 15/20 MB
2026.03.08 16:00:59 INFO  Progress (1): 15/20 MB
2026.03.08 16:00:59 INFO  Progress (1): 15/20 MB
2026.03.08 16:00:59 INFO  Progress (1): 15/20 MB
2026.03.08 16:00:59 INFO  Progress (1): 15/20 MB
2026.03.08 16:00:59 INFO  Progress (1): 15/20 MB
2026.03.08 16:00:59 INFO  Progress (1): 15/20 MB
2026.03.08 16:00:59 INFO  Progress (1): 15/20 MB
2026.03.08 16:00:59 INFO  Progress (1): 15/20 MB
2026.03.08 16:00:59 INFO  Progress (1): 15/20 MB
2026.03.08 16:00:59 INFO  Progress (1): 15/20 MB
2026.03.08 16:00:59 INFO  Progress (1): 15/20 MB
2026.03.08 16:00:59 INFO  Progress (1): 15/20 MB
2026.03.08 16:00:59 INFO  Progress (1): 15/20 MB
2026.03.08 16:00:59 INFO  Progress (1): 15/20 MB
2026.03.08 16:00:59 INFO  Progress (1): 15/20 MB
2026.03.08 16:00:59 INFO  Progress (1): 15/20 MB
2026.03.08 16:00:59 INFO  Progress (1): 15/20 MB
2026.03.08 16:00:59 INFO  Progress (1): 15/20 MB
2026.03.08 16:00:59 INFO  Progress (1): 15/20 MB
2026.03.08 16:00:59 INFO  Progress (1): 15/20 MB
2026.03.08 16:00:59 INFO  Progress (1): 16/20 MB
2026.03.08 16:00:59 INFO  Progress (1): 16/20 MB
2026.03.08 16:00:59 INFO  Progress (1): 16/20 MB
2026.03.08 16:00:59 INFO  Progress (1): 16/20 MB
2026.03.08 16:00:59 INFO  Progress (1): 16/20 MB
2026.03.08 16:00:59 INFO  Progress (1): 16/20 MB
2026.03.08 16:00:59 INFO  Progress (1): 16/20 MB
2026.03.08 16:00:59 INFO  Progress (1): 16/20 MB
2026.03.08 16:00:59 INFO  Progress (1): 16/20 MB
2026.03.08 16:00:59 INFO  Progress (1): 16/20 MB
2026.03.08 16:00:59 INFO  Progress (1): 16/20 MB
2026.03.08 16:00:59 INFO  Progress (1): 16/20 MB
2026.03.08 16:00:59 INFO  Progress (1): 16/20 MB
2026.03.08 16:00:59 INFO  Progress (1): 16/20 MB
2026.03.08 16:00:59 INFO  Progress (1): 16/20 MB
2026.03.08 16:00:59 INFO  Progress (1): 16/20 MB
2026.03.08 16:00:59 INFO  Progress (1): 16/20 MB
2026.03.08 16:00:59 INFO  Progress (1): 16/20 MB
2026.03.08 16:00:59 INFO  Progress (1): 16/20 MB
2026.03.08 16:00:59 INFO  Progress (1): 16/20 MB
2026.03.08 16:00:59 INFO  Progress (1): 16/20 MB
2026.03.08 16:00:59 INFO  Progress (1): 16/20 MB
2026.03.08 16:00:59 INFO  Progress (1): 16/20 MB
2026.03.08 16:00:59 INFO  Progress (1): 16/20 MB
2026.03.08 16:00:59 INFO  Progress (1): 16/20 MB
2026.03.08 16:00:59 INFO  Progress (1): 16/20 MB
2026.03.08 16:00:59 INFO  Progress (1): 16/20 MB
2026.03.08 16:00:59 INFO  Progress (1): 16/20 MB
2026.03.08 16:00:59 INFO  Progress (1): 16/20 MB
2026.03.08 16:00:59 INFO  Progress (1): 16/20 MB
2026.03.08 16:00:59 INFO  Progress (1): 16/20 MB
2026.03.08 16:00:59 INFO  Progress (1): 16/20 MB
2026.03.08 16:00:59 INFO  Progress (1): 16/20 MB
2026.03.08 16:00:59 INFO  Progress (1): 16/20 MB
2026.03.08 16:00:59 INFO  Progress (1): 16/20 MB
2026.03.08 16:00:59 INFO  Progress (1): 16/20 MB
2026.03.08 16:00:59 INFO  Progress (1): 16/20 MB
2026.03.08 16:00:59 INFO  Progress (1): 16/20 MB
2026.03.08 16:00:59 INFO  Progress (1): 16/20 MB
2026.03.08 16:00:59 INFO  Progress (1): 16/20 MB
2026.03.08 16:00:59 INFO  Progress (1): 16/20 MB
2026.03.08 16:00:59 INFO  Progress (1): 16/20 MB
2026.03.08 16:00:59 INFO  Progress (1): 16/20 MB
2026.03.08 16:00:59 INFO  Progress (1): 16/20 MB
2026.03.08 16:00:59 INFO  Progress (1): 16/20 MB
2026.03.08 16:00:59 INFO  Progress (1): 16/20 MB
2026.03.08 16:00:59 INFO  Progress (1): 16/20 MB
2026.03.08 16:00:59 INFO  Progress (1): 16/20 MB
2026.03.08 16:00:59 INFO  Progress (1): 16/20 MB
2026.03.08 16:00:59 INFO  Progress (1): 16/20 MB
2026.03.08 16:00:59 INFO  Progress (1): 16/20 MB
2026.03.08 16:00:59 INFO  Progress (1): 16/20 MB
2026.03.08 16:00:59 INFO  Progress (1): 16/20 MB
2026.03.08 16:00:59 INFO  Progress (1): 16/20 MB
2026.03.08 16:00:59 INFO  Progress (1): 16/20 MB
2026.03.08 16:00:59 INFO  Progress (1): 16/20 MB
2026.03.08 16:00:59 INFO  Progress (1): 16/20 MB
2026.03.08 16:00:59 INFO  Progress (1): 16/20 MB
2026.03.08 16:00:59 INFO  Progress (1): 16/20 MB
2026.03.08 16:00:59 INFO  Progress (1): 16/20 MB
2026.03.08 16:00:59 INFO  Progress (1): 16/20 MB
2026.03.08 16:00:59 INFO  Progress (1): 17/20 MB
2026.03.08 16:00:59 INFO  Progress (1): 17/20 MB
2026.03.08 16:00:59 INFO  Progress (1): 17/20 MB
2026.03.08 16:00:59 INFO  Progress (1): 17/20 MB
2026.03.08 16:00:59 INFO  Progress (1): 17/20 MB
2026.03.08 16:00:59 INFO  Progress (1): 17/20 MB
2026.03.08 16:00:59 INFO  Progress (1): 17/20 MB
2026.03.08 16:00:59 INFO  Progress (1): 17/20 MB
2026.03.08 16:00:59 INFO  Progress (1): 17/20 MB
2026.03.08 16:00:59 INFO  Progress (1): 17/20 MB
2026.03.08 16:00:59 INFO  Progress (1): 17/20 MB
2026.03.08 16:00:59 INFO  Progress (1): 17/20 MB
2026.03.08 16:00:59 INFO  Progress (1): 17/20 MB
2026.03.08 16:00:59 INFO  Progress (1): 17/20 MB
2026.03.08 16:00:59 INFO  Progress (1): 17/20 MB
2026.03.08 16:00:59 INFO  Progress (1): 17/20 MB
2026.03.08 16:00:59 INFO  Progress (1): 17/20 MB
2026.03.08 16:00:59 INFO  Progress (1): 17/20 MB
2026.03.08 16:00:59 INFO  Progress (1): 17/20 MB
2026.03.08 16:00:59 INFO  Progress (1): 17/20 MB
2026.03.08 16:00:59 INFO  Progress (1): 17/20 MB
2026.03.08 16:00:59 INFO  Progress (1): 17/20 MB
2026.03.08 16:00:59 INFO  Progress (1): 17/20 MB
2026.03.08 16:00:59 INFO  Progress (1): 17/20 MB
2026.03.08 16:00:59 INFO  Progress (1): 17/20 MB
2026.03.08 16:00:59 INFO  Progress (1): 17/20 MB
2026.03.08 16:00:59 INFO  Progress (1): 17/20 MB
2026.03.08 16:00:59 INFO  Progress (1): 17/20 MB
2026.03.08 16:00:59 INFO  Progress (1): 17/20 MB
2026.03.08 16:00:59 INFO  Progress (1): 17/20 MB
2026.03.08 16:00:59 INFO  Progress (1): 17/20 MB
2026.03.08 16:00:59 INFO  Progress (1): 17/20 MB
2026.03.08 16:00:59 INFO  Progress (1): 17/20 MB
2026.03.08 16:00:59 INFO  Progress (1): 17/20 MB
2026.03.08 16:00:59 INFO  Progress (1): 17/20 MB
2026.03.08 16:00:59 INFO  Progress (1): 17/20 MB
2026.03.08 16:00:59 INFO  Progress (1): 17/20 MB
2026.03.08 16:00:59 INFO  Progress (1): 17/20 MB
2026.03.08 16:00:59 INFO  Progress (1): 17/20 MB
2026.03.08 16:00:59 INFO  Progress (1): 17/20 MB
2026.03.08 16:00:59 INFO  Progress (1): 17/20 MB
2026.03.08 16:00:59 INFO  Progress (1): 17/20 MB
2026.03.08 16:00:59 INFO  Progress (1): 17/20 MB
2026.03.08 16:00:59 INFO  Progress (1): 17/20 MB
2026.03.08 16:00:59 INFO  Progress (1): 17/20 MB
2026.03.08 16:00:59 INFO  Progress (1): 17/20 MB
2026.03.08 16:00:59 INFO  Progress (1): 17/20 MB
2026.03.08 16:00:59 INFO  Progress (1): 17/20 MB
2026.03.08 16:00:59 INFO  Progress (1): 17/20 MB
2026.03.08 16:00:59 INFO  Progress (1): 17/20 MB
2026.03.08 16:00:59 INFO  Progress (1): 17/20 MB
2026.03.08 16:00:59 INFO  Progress (1): 17/20 MB
2026.03.08 16:00:59 INFO  Progress (1): 17/20 MB
2026.03.08 16:00:59 INFO  Progress (1): 17/20 MB
2026.03.08 16:00:59 INFO  Progress (1): 17/20 MB
2026.03.08 16:00:59 INFO  Progress (1): 17/20 MB
2026.03.08 16:00:59 INFO  Progress (1): 17/20 MB
2026.03.08 16:00:59 INFO  Progress (1): 17/20 MB
2026.03.08 16:00:59 INFO  Progress (1): 17/20 MB
2026.03.08 16:00:59 INFO  Progress (1): 17/20 MB
2026.03.08 16:00:59 INFO  Progress (1): 17/20 MB
2026.03.08 16:00:59 INFO  Progress (1): 18/20 MB
2026.03.08 16:00:59 INFO  Progress (1): 18/20 MB
2026.03.08 16:00:59 INFO  Progress (1): 18/20 MB
2026.03.08 16:00:59 INFO  Progress (1): 18/20 MB
2026.03.08 16:00:59 INFO  Progress (1): 18/20 MB
2026.03.08 16:00:59 INFO  Progress (1): 18/20 MB
2026.03.08 16:00:59 INFO  Progress (1): 18/20 MB
2026.03.08 16:00:59 INFO  Progress (1): 18/20 MB
2026.03.08 16:00:59 INFO  Progress (1): 18/20 MB
2026.03.08 16:00:59 INFO  Progress (1): 18/20 MB
2026.03.08 16:00:59 INFO  Progress (1): 18/20 MB
2026.03.08 16:00:59 INFO  Progress (1): 18/20 MB
2026.03.08 16:00:59 INFO  Progress (1): 18/20 MB
2026.03.08 16:00:59 INFO  Progress (1): 18/20 MB
2026.03.08 16:00:59 INFO  Progress (1): 18/20 MB
2026.03.08 16:00:59 INFO  Progress (1): 18/20 MB
2026.03.08 16:00:59 INFO  Progress (1): 18/20 MB
2026.03.08 16:00:59 INFO  Progress (1): 18/20 MB
2026.03.08 16:00:59 INFO  Progress (1): 18/20 MB
2026.03.08 16:00:59 INFO  Progress (1): 18/20 MB
2026.03.08 16:00:59 INFO  Progress (1): 18/20 MB
2026.03.08 16:00:59 INFO  Progress (1): 18/20 MB
2026.03.08 16:00:59 INFO  Progress (1): 18/20 MB
2026.03.08 16:00:59 INFO  Progress (1): 18/20 MB
2026.03.08 16:00:59 INFO  Progress (1): 18/20 MB
2026.03.08 16:00:59 INFO  Progress (1): 18/20 MB
2026.03.08 16:00:59 INFO  Progress (1): 18/20 MB
2026.03.08 16:00:59 INFO  Progress (1): 18/20 MB
2026.03.08 16:00:59 INFO  Progress (1): 18/20 MB
2026.03.08 16:00:59 INFO  Progress (1): 18/20 MB
2026.03.08 16:00:59 INFO  Progress (1): 18/20 MB
2026.03.08 16:00:59 INFO  Progress (1): 18/20 MB
2026.03.08 16:00:59 INFO  Progress (1): 18/20 MB
2026.03.08 16:00:59 INFO  Progress (1): 18/20 MB
2026.03.08 16:00:59 INFO  Progress (1): 18/20 MB
2026.03.08 16:00:59 INFO  Progress (1): 18/20 MB
2026.03.08 16:00:59 INFO  Progress (1): 18/20 MB
2026.03.08 16:00:59 INFO  Progress (1): 18/20 MB
2026.03.08 16:00:59 INFO  Progress (1): 18/20 MB
2026.03.08 16:00:59 INFO  Progress (1): 18/20 MB
2026.03.08 16:00:59 INFO  Progress (1): 18/20 MB
2026.03.08 16:00:59 INFO  Progress (1): 18/20 MB
2026.03.08 16:00:59 INFO  Progress (1): 18/20 MB
2026.03.08 16:00:59 INFO  Progress (1): 18/20 MB
2026.03.08 16:00:59 INFO  Progress (1): 18/20 MB
2026.03.08 16:00:59 INFO  Progress (1): 18/20 MB
2026.03.08 16:00:59 INFO  Progress (1): 18/20 MB
2026.03.08 16:00:59 INFO  Progress (1): 18/20 MB
2026.03.08 16:00:59 INFO  Progress (1): 18/20 MB
2026.03.08 16:00:59 INFO  Progress (1): 18/20 MB
2026.03.08 16:00:59 INFO  Progress (1): 18/20 MB
2026.03.08 16:00:59 INFO  Progress (1): 18/20 MB
2026.03.08 16:00:59 INFO  Progress (1): 18/20 MB
2026.03.08 16:00:59 INFO  Progress (1): 18/20 MB
2026.03.08 16:00:59 INFO  Progress (1): 18/20 MB
2026.03.08 16:00:59 INFO  Progress (1): 18/20 MB
2026.03.08 16:00:59 INFO  Progress (1): 18/20 MB
2026.03.08 16:00:59 INFO  Progress (1): 18/20 MB
2026.03.08 16:00:59 INFO  Progress (1): 18/20 MB
2026.03.08 16:00:59 INFO  Progress (1): 18/20 MB
2026.03.08 16:00:59 INFO  Progress (1): 18/20 MB
2026.03.08 16:00:59 INFO  Progress (1): 19/20 MB
2026.03.08 16:00:59 INFO  Progress (1): 19/20 MB
2026.03.08 16:00:59 INFO  Progress (1): 19/20 MB
2026.03.08 16:00:59 INFO  Progress (1): 19/20 MB
2026.03.08 16:00:59 INFO  Progress (1): 19/20 MB
2026.03.08 16:00:59 INFO  Progress (1): 19/20 MB
2026.03.08 16:00:59 INFO  Progress (1): 19/20 MB
2026.03.08 16:00:59 INFO  Progress (1): 19/20 MB
2026.03.08 16:00:59 INFO  Progress (1): 19/20 MB
2026.03.08 16:00:59 INFO  Progress (1): 19/20 MB
2026.03.08 16:00:59 INFO  Progress (1): 19/20 MB
2026.03.08 16:00:59 INFO  Progress (1): 19/20 MB
2026.03.08 16:00:59 INFO  Progress (1): 19/20 MB
2026.03.08 16:00:59 INFO  Progress (1): 19/20 MB
2026.03.08 16:00:59 INFO  Progress (1): 19/20 MB
2026.03.08 16:00:59 INFO  Progress (1): 19/20 MB
2026.03.08 16:00:59 INFO  Progress (1): 19/20 MB
2026.03.08 16:00:59 INFO  Progress (1): 19/20 MB
2026.03.08 16:00:59 INFO  Progress (1): 19/20 MB
2026.03.08 16:00:59 INFO  Progress (1): 19/20 MB
2026.03.08 16:00:59 INFO  Progress (1): 19/20 MB
2026.03.08 16:00:59 INFO  Progress (1): 19/20 MB
2026.03.08 16:00:59 INFO  Progress (1): 19/20 MB
2026.03.08 16:00:59 INFO  Progress (1): 19/20 MB
2026.03.08 16:00:59 INFO  Progress (1): 19/20 MB
2026.03.08 16:00:59 INFO  Progress (1): 19/20 MB
2026.03.08 16:00:59 INFO  Progress (1): 19/20 MB
2026.03.08 16:00:59 INFO  Progress (1): 19/20 MB
2026.03.08 16:00:59 INFO  Progress (1): 19/20 MB
2026.03.08 16:00:59 INFO  Progress (1): 19/20 MB
2026.03.08 16:00:59 INFO  Progress (1): 19/20 MB
2026.03.08 16:00:59 INFO  Progress (1): 19/20 MB
2026.03.08 16:00:59 INFO  Progress (1): 19/20 MB
2026.03.08 16:00:59 INFO  Progress (1): 19/20 MB
2026.03.08 16:00:59 INFO  Progress (1): 19/20 MB
2026.03.08 16:00:59 INFO  Progress (1): 19/20 MB
2026.03.08 16:00:59 INFO  Progress (1): 19/20 MB
2026.03.08 16:00:59 INFO  Progress (1): 19/20 MB
2026.03.08 16:00:59 INFO  Progress (1): 19/20 MB
2026.03.08 16:00:59 INFO  Progress (1): 19/20 MB
2026.03.08 16:00:59 INFO  Progress (1): 19/20 MB
2026.03.08 16:00:59 INFO  Progress (1): 19/20 MB
2026.03.08 16:00:59 INFO  Progress (1): 19/20 MB
2026.03.08 16:00:59 INFO  Progress (1): 19/20 MB
2026.03.08 16:00:59 INFO  Progress (1): 19/20 MB
2026.03.08 16:00:59 INFO  Progress (1): 19/20 MB
2026.03.08 16:00:59 INFO  Progress (1): 19/20 MB
2026.03.08 16:00:59 INFO  Progress (1): 19/20 MB
2026.03.08 16:00:59 INFO  Progress (1): 19/20 MB
2026.03.08 16:00:59 INFO  Progress (1): 19/20 MB
2026.03.08 16:00:59 INFO  Progress (1): 19/20 MB
2026.03.08 16:00:59 INFO  Progress (1): 19/20 MB
2026.03.08 16:00:59 INFO  Progress (1): 19/20 MB
2026.03.08 16:00:59 INFO  Progress (1): 19/20 MB
2026.03.08 16:00:59 INFO  Progress (1): 19/20 MB
2026.03.08 16:00:59 INFO  Progress (1): 19/20 MB
2026.03.08 16:00:59 INFO  Progress (1): 19/20 MB
2026.03.08 16:00:59 INFO  Progress (1): 19/20 MB
2026.03.08 16:00:59 INFO  Progress (1): 19/20 MB
2026.03.08 16:00:59 INFO  Progress (1): 19/20 MB
2026.03.08 16:00:59 INFO  Progress (1): 19/20 MB
2026.03.08 16:00:59 INFO  Progress (1): 19/20 MB
2026.03.08 16:00:59 INFO  Progress (1): 20/20 MB
2026.03.08 16:00:59 INFO  Progress (1): 20/20 MB
2026.03.08 16:00:59 INFO  Progress (1): 20/20 MB
2026.03.08 16:00:59 INFO  Progress (1): 20/20 MB
2026.03.08 16:00:59 INFO  Progress (1): 20/20 MB
2026.03.08 16:00:59 INFO  Progress (1): 20 MB   
2026.03.08 16:00:59 INFO                     
2026.03.08 16:00:59 INFO  Downloaded from central: https://repo.maven.apache.org/maven2/org/apache/hadoop/hadoop-client-api/3.4.0/hadoop-client-api-3.4.0.jar (20 MB at 66 MB/s)
2026.03.08 16:00:59 INFO  [INFO] SUCCESS: org.apache.hadoop:hadoop-client-api:jar:3.4.0:runtime (sources = false)
2026.03.08 16:00:59 INFO  [INFO] Resolving artifact: org.apache.hadoop:hadoop-client-api:jar:3.4.0:runtime (sources = true)
2026.03.08 16:00:59 INFO  Downloading from central: https://repo.maven.apache.org/maven2/org/apache/hadoop/hadoop-client-api/3.4.0/hadoop-client-api-3.4.0-sources.jar
2026.03.08 16:00:59 INFO  Progress (1): 0/9.0 MB
2026.03.08 16:00:59 INFO  Progress (1): 0/9.0 MB
2026.03.08 16:00:59 INFO  Progress (1): 0/9.0 MB
2026.03.08 16:00:59 INFO  Progress (1): 0/9.0 MB
2026.03.08 16:00:59 INFO  Progress (1): 0/9.0 MB
2026.03.08 16:00:59 INFO  Progress (1): 0.1/9.0 MB
2026.03.08 16:00:59 INFO  Progress (1): 0.1/9.0 MB
2026.03.08 16:00:59 INFO  Progress (1): 0.1/9.0 MB
2026.03.08 16:00:59 INFO  Progress (1): 0.1/9.0 MB
2026.03.08 16:00:59 INFO  Progress (1): 0.1/9.0 MB
2026.03.08 16:00:59 INFO  Progress (1): 0.1/9.0 MB
2026.03.08 16:00:59 INFO  Progress (1): 0.2/9.0 MB
2026.03.08 16:00:59 INFO  Progress (1): 0.2/9.0 MB
2026.03.08 16:00:59 INFO  Progress (1): 0.2/9.0 MB
2026.03.08 16:00:59 INFO  Progress (1): 0.2/9.0 MB
2026.03.08 16:00:59 INFO  Progress (1): 0.2/9.0 MB
2026.03.08 16:00:59 INFO  Progress (1): 0.2/9.0 MB
2026.03.08 16:00:59 INFO  Progress (1): 0.2/9.0 MB
2026.03.08 16:00:59 INFO  Progress (1): 0.3/9.0 MB
2026.03.08 16:00:59 INFO  Progress (1): 0.3/9.0 MB
2026.03.08 16:00:59 INFO  Progress (1): 0.3/9.0 MB
2026.03.08 16:00:59 INFO  Progress (1): 0.3/9.0 MB
2026.03.08 16:00:59 INFO  Progress (1): 0.3/9.0 MB
2026.03.08 16:00:59 INFO  Progress (1): 0.3/9.0 MB
2026.03.08 16:00:59 INFO  Progress (1): 0.3/9.0 MB
2026.03.08 16:00:59 INFO  Progress (1): 0.4/9.0 MB
2026.03.08 16:00:59 INFO  Progress (1): 0.4/9.0 MB
2026.03.08 16:00:59 INFO  Progress (1): 0.4/9.0 MB
2026.03.08 16:00:59 INFO  Progress (1): 0.4/9.0 MB
2026.03.08 16:00:59 INFO  Progress (1): 0.4/9.0 MB
2026.03.08 16:00:59 INFO  Progress (1): 0.4/9.0 MB
2026.03.08 16:00:59 INFO  Progress (1): 0.4/9.0 MB
2026.03.08 16:00:59 INFO  Progress (1): 0.4/9.0 MB
2026.03.08 16:00:59 INFO  Progress (1): 0.5/9.0 MB
2026.03.08 16:00:59 INFO  Progress (1): 0.5/9.0 MB
2026.03.08 16:00:59 INFO  Progress (1): 0.5/9.0 MB
2026.03.08 16:00:59 INFO  Progress (1): 0.5/9.0 MB
2026.03.08 16:00:59 INFO  Progress (1): 0.5/9.0 MB
2026.03.08 16:00:59 INFO  Progress (1): 0.5/9.0 MB
2026.03.08 16:00:59 INFO  Progress (1): 0.5/9.0 MB
2026.03.08 16:00:59 INFO  Progress (1): 0.6/9.0 MB
2026.03.08 16:00:59 INFO  Progress (1): 0.6/9.0 MB
2026.03.08 16:00:59 INFO  Progress (1): 0.6/9.0 MB
2026.03.08 16:00:59 INFO  Progress (1): 0.6/9.0 MB
2026.03.08 16:00:59 INFO  Progress (1): 0.6/9.0 MB
2026.03.08 16:00:59 INFO  Progress (1): 0.6/9.0 MB
2026.03.08 16:00:59 INFO  Progress (1): 0.6/9.0 MB
2026.03.08 16:00:59 INFO  Progress (1): 0.7/9.0 MB
2026.03.08 16:00:59 INFO  Progress (1): 0.7/9.0 MB
2026.03.08 16:00:59 INFO  Progress (1): 0.7/9.0 MB
2026.03.08 16:00:59 INFO  Progress (1): 0.7/9.0 MB
2026.03.08 16:00:59 INFO  Progress (1): 0.7/9.0 MB
2026.03.08 16:00:59 INFO  Progress (1): 0.7/9.0 MB
2026.03.08 16:00:59 INFO  Progress (1): 0.8/9.0 MB
2026.03.08 16:00:59 INFO  Progress (1): 0.8/9.0 MB
2026.03.08 16:00:59 INFO  Progress (1): 0.8/9.0 MB
2026.03.08 16:00:59 INFO  Progress (1): 0.8/9.0 MB
2026.03.08 16:00:59 INFO  Progress (1): 0.8/9.0 MB
2026.03.08 16:00:59 INFO  Progress (1): 0.8/9.0 MB
2026.03.08 16:00:59 INFO  Progress (1): 0.8/9.0 MB
2026.03.08 16:00:59 INFO  Progress (1): 0.9/9.0 MB
2026.03.08 16:00:59 INFO  Progress (1): 0.9/9.0 MB
2026.03.08 16:00:59 INFO  Progress (1): 0.9/9.0 MB
2026.03.08 16:00:59 INFO  Progress (1): 0.9/9.0 MB
2026.03.08 16:00:59 INFO  Progress (1): 0.9/9.0 MB
2026.03.08 16:00:59 INFO  Progress (1): 0.9/9.0 MB
2026.03.08 16:00:59 INFO  Progress (1): 1.0/9.0 MB
2026.03.08 16:00:59 INFO  Progress (1): 1.0/9.0 MB
2026.03.08 16:00:59 INFO  Progress (1): 1.0/9.0 MB
2026.03.08 16:00:59 INFO  Progress (1): 1.0/9.0 MB
2026.03.08 16:00:59 INFO  Progress (1): 1.0/9.0 MB
2026.03.08 16:00:59 INFO  Progress (1): 1.0/9.0 MB
2026.03.08 16:00:59 INFO  Progress (1): 1.1/9.0 MB
2026.03.08 16:00:59 INFO  Progress (1): 1.1/9.0 MB
2026.03.08 16:00:59 INFO  Progress (1): 1.1/9.0 MB
2026.03.08 16:00:59 INFO  Progress (1): 1.1/9.0 MB
2026.03.08 16:00:59 INFO  Progress (1): 1.1/9.0 MB
2026.03.08 16:00:59 INFO  Progress (1): 1.1/9.0 MB
2026.03.08 16:00:59 INFO  Progress (1): 1.2/9.0 MB
2026.03.08 16:00:59 INFO  Progress (1): 1.2/9.0 MB
2026.03.08 16:00:59 INFO  Progress (1): 1.2/9.0 MB
2026.03.08 16:00:59 INFO  Progress (1): 1.2/9.0 MB
2026.03.08 16:00:59 INFO  Progress (1): 1.2/9.0 MB
2026.03.08 16:00:59 INFO  Progress (1): 1.2/9.0 MB
2026.03.08 16:00:59 INFO  Progress (1): 1.3/9.0 MB
2026.03.08 16:00:59 INFO  Progress (1): 1.3/9.0 MB
2026.03.08 16:00:59 INFO  Progress (1): 1.3/9.0 MB
2026.03.08 16:00:59 INFO  Progress (1): 1.3/9.0 MB
2026.03.08 16:00:59 INFO  Progress (1): 1.3/9.0 MB
2026.03.08 16:00:59 INFO  Progress (1): 1.3/9.0 MB
2026.03.08 16:00:59 INFO  Progress (1): 1.4/9.0 MB
2026.03.08 16:00:59 INFO  Progress (1): 1.4/9.0 MB
2026.03.08 16:00:59 INFO  Progress (1): 1.4/9.0 MB
2026.03.08 16:00:59 INFO  Progress (1): 1.4/9.0 MB
2026.03.08 16:00:59 INFO  Progress (1): 1.4/9.0 MB
2026.03.08 16:00:59 INFO  Progress (1): 1.4/9.0 MB
2026.03.08 16:00:59 INFO  Progress (1): 1.4/9.0 MB
2026.03.08 16:00:59 INFO  Progress (1): 1.4/9.0 MB
2026.03.08 16:00:59 INFO  Progress (1): 1.5/9.0 MB
2026.03.08 16:00:59 INFO  Progress (1): 1.5/9.0 MB
2026.03.08 16:00:59 INFO  Progress (1): 1.5/9.0 MB
2026.03.08 16:00:59 INFO  Progress (1): 1.5/9.0 MB
2026.03.08 16:00:59 INFO  Progress (1): 1.5/9.0 MB
2026.03.08 16:00:59 INFO  Progress (1): 1.5/9.0 MB
2026.03.08 16:00:59 INFO  Progress (1): 1.6/9.0 MB
2026.03.08 16:00:59 INFO  Progress (1): 1.6/9.0 MB
2026.03.08 16:00:59 INFO  Progress (1): 1.6/9.0 MB
2026.03.08 16:00:59 INFO  Progress (1): 1.6/9.0 MB
2026.03.08 16:00:59 INFO  Progress (1): 1.6/9.0 MB
2026.03.08 16:00:59 INFO  Progress (1): 1.6/9.0 MB
2026.03.08 16:00:59 INFO  Progress (1): 1.7/9.0 MB
2026.03.08 16:00:59 INFO  Progress (1): 1.7/9.0 MB
2026.03.08 16:00:59 INFO  Progress (1): 1.7/9.0 MB
2026.03.08 16:00:59 INFO  Progress (1): 1.7/9.0 MB
2026.03.08 16:00:59 INFO  Progress (1): 1.7/9.0 MB
2026.03.08 16:00:59 INFO  Progress (1): 1.7/9.0 MB
2026.03.08 16:00:59 INFO  Progress (1): 1.8/9.0 MB
2026.03.08 16:00:59 INFO  Progress (1): 1.8/9.0 MB
2026.03.08 16:00:59 INFO  Progress (1): 1.8/9.0 MB
2026.03.08 16:00:59 INFO  Progress (1): 1.8/9.0 MB
2026.03.08 16:00:59 INFO  Progress (1): 1.8/9.0 MB
2026.03.08 16:00:59 INFO  Progress (1): 1.8/9.0 MB
2026.03.08 16:00:59 INFO  Progress (1): 1.9/9.0 MB
2026.03.08 16:00:59 INFO  Progress (1): 1.9/9.0 MB
2026.03.08 16:00:59 INFO  Progress (1): 1.9/9.0 MB
2026.03.08 16:00:59 INFO  Progress (1): 1.9/9.0 MB
2026.03.08 16:00:59 INFO  Progress (1): 1.9/9.0 MB
2026.03.08 16:00:59 INFO  Progress (1): 1.9/9.0 MB
2026.03.08 16:00:59 INFO  Progress (1): 1.9/9.0 MB
2026.03.08 16:00:59 INFO  Progress (1): 2.0/9.0 MB
2026.03.08 16:00:59 INFO  Progress (1): 2.0/9.0 MB
2026.03.08 16:00:59 INFO  Progress (1): 2.0/9.0 MB
2026.03.08 16:00:59 INFO  Progress (1): 2.0/9.0 MB
2026.03.08 16:00:59 INFO  Progress (1): 2.0/9.0 MB
2026.03.08 16:00:59 INFO  Progress (1): 2.0/9.0 MB
2026.03.08 16:00:59 INFO  Progress (1): 2.1/9.0 MB
2026.03.08 16:00:59 INFO  Progress (1): 2.1/9.0 MB
2026.03.08 16:00:59 INFO  Progress (1): 2.1/9.0 MB
2026.03.08 16:00:59 INFO  Progress (1): 2.1/9.0 MB
2026.03.08 16:00:59 INFO  Progress (1): 2.1/9.0 MB
2026.03.08 16:00:59 INFO  Progress (1): 2.1/9.0 MB
2026.03.08 16:00:59 INFO  Progress (1): 2.2/9.0 MB
2026.03.08 16:00:59 INFO  Progress (1): 2.2/9.0 MB
2026.03.08 16:00:59 INFO  Progress (1): 2.2/9.0 MB
2026.03.08 16:00:59 INFO  Progress (1): 2.2/9.0 MB
2026.03.08 16:00:59 INFO  Progress (1): 2.2/9.0 MB
2026.03.08 16:00:59 INFO  Progress (1): 2.2/9.0 MB
2026.03.08 16:00:59 INFO  Progress (1): 2.3/9.0 MB
2026.03.08 16:00:59 INFO  Progress (1): 2.3/9.0 MB
2026.03.08 16:00:59 INFO  Progress (1): 2.3/9.0 MB
2026.03.08 16:00:59 INFO  Progress (1): 2.3/9.0 MB
2026.03.08 16:00:59 INFO  Progress (1): 2.3/9.0 MB
2026.03.08 16:00:59 INFO  Progress (1): 2.3/9.0 MB
2026.03.08 16:00:59 INFO  Progress (1): 2.4/9.0 MB
2026.03.08 16:00:59 INFO  Progress (1): 2.4/9.0 MB
2026.03.08 16:00:59 INFO  Progress (1): 2.4/9.0 MB
2026.03.08 16:00:59 INFO  Progress (1): 2.4/9.0 MB
2026.03.08 16:00:59 INFO  Progress (1): 2.4/9.0 MB
2026.03.08 16:00:59 INFO  Progress (1): 2.4/9.0 MB
2026.03.08 16:00:59 INFO  Progress (1): 2.5/9.0 MB
2026.03.08 16:00:59 INFO  Progress (1): 2.5/9.0 MB
2026.03.08 16:00:59 INFO  Progress (1): 2.5/9.0 MB
2026.03.08 16:00:59 INFO  Progress (1): 2.5/9.0 MB
2026.03.08 16:00:59 INFO  Progress (1): 2.5/9.0 MB
2026.03.08 16:00:59 INFO  Progress (1): 2.5/9.0 MB
2026.03.08 16:00:59 INFO  Progress (1): 2.6/9.0 MB
2026.03.08 16:00:59 INFO  Progress (1): 2.6/9.0 MB
2026.03.08 16:00:59 INFO  Progress (1): 2.6/9.0 MB
2026.03.08 16:00:59 INFO  Progress (1): 2.6/9.0 MB
2026.03.08 16:00:59 INFO  Progress (1): 2.6/9.0 MB
2026.03.08 16:00:59 INFO  Progress (1): 2.6/9.0 MB
2026.03.08 16:00:59 INFO  Progress (1): 2.7/9.0 MB
2026.03.08 16:00:59 INFO  Progress (1): 2.7/9.0 MB
2026.03.08 16:00:59 INFO  Progress (1): 2.7/9.0 MB
2026.03.08 16:00:59 INFO  Progress (1): 2.7/9.0 MB
2026.03.08 16:00:59 INFO  Progress (1): 2.7/9.0 MB
2026.03.08 16:00:59 INFO  Progress (1): 2.7/9.0 MB
2026.03.08 16:00:59 INFO  Progress (1): 2.8/9.0 MB
2026.03.08 16:00:59 INFO  Progress (1): 2.8/9.0 MB
2026.03.08 16:00:59 INFO  Progress (1): 2.8/9.0 MB
2026.03.08 16:00:59 INFO  Progress (1): 2.8/9.0 MB
2026.03.08 16:00:59 INFO  Progress (1): 2.8/9.0 MB
2026.03.08 16:00:59 INFO  Progress (1): 2.8/9.0 MB
2026.03.08 16:00:59 INFO  Progress (1): 2.9/9.0 MB
2026.03.08 16:00:59 INFO  Progress (1): 2.9/9.0 MB
2026.03.08 16:00:59 INFO  Progress (1): 2.9/9.0 MB
2026.03.08 16:00:59 INFO  Progress (1): 2.9/9.0 MB
2026.03.08 16:00:59 INFO  Progress (1): 2.9/9.0 MB
2026.03.08 16:00:59 INFO  Progress (1): 2.9/9.0 MB
2026.03.08 16:00:59 INFO  Progress (1): 2.9/9.0 MB
2026.03.08 16:00:59 INFO  Progress (1): 3.0/9.0 MB
2026.03.08 16:00:59 INFO  Progress (1): 3.0/9.0 MB
2026.03.08 16:00:59 INFO  Progress (1): 3.0/9.0 MB
2026.03.08 16:00:59 INFO  Progress (1): 3.0/9.0 MB
2026.03.08 16:00:59 INFO  Progress (1): 3.0/9.0 MB
2026.03.08 16:00:59 INFO  Progress (1): 3.0/9.0 MB
2026.03.08 16:00:59 INFO  Progress (1): 3.1/9.0 MB
2026.03.08 16:00:59 INFO  Progress (1): 3.1/9.0 MB
2026.03.08 16:00:59 INFO  Progress (1): 3.1/9.0 MB
2026.03.08 16:00:59 INFO  Progress (1): 3.1/9.0 MB
2026.03.08 16:00:59 INFO  Progress (1): 3.1/9.0 MB
2026.03.08 16:00:59 INFO  Progress (1): 3.1/9.0 MB
2026.03.08 16:00:59 INFO  Progress (1): 3.2/9.0 MB
2026.03.08 16:00:59 INFO  Progress (1): 3.2/9.0 MB
2026.03.08 16:00:59 INFO  Progress (1): 3.2/9.0 MB
2026.03.08 16:00:59 INFO  Progress (1): 3.2/9.0 MB
2026.03.08 16:00:59 INFO  Progress (1): 3.2/9.0 MB
2026.03.08 16:00:59 INFO  Progress (1): 3.2/9.0 MB
2026.03.08 16:00:59 INFO  Progress (1): 3.3/9.0 MB
2026.03.08 16:00:59 INFO  Progress (1): 3.3/9.0 MB
2026.03.08 16:00:59 INFO  Progress (1): 3.3/9.0 MB
2026.03.08 16:00:59 INFO  Progress (1): 3.3/9.0 MB
2026.03.08 16:00:59 INFO  Progress (1): 3.3/9.0 MB
2026.03.08 16:00:59 INFO  Progress (1): 3.3/9.0 MB
2026.03.08 16:00:59 INFO  Progress (1): 3.4/9.0 MB
2026.03.08 16:00:59 INFO  Progress (1): 3.4/9.0 MB
2026.03.08 16:00:59 INFO  Progress (1): 3.4/9.0 MB
2026.03.08 16:00:59 INFO  Progress (1): 3.4/9.0 MB
2026.03.08 16:00:59 INFO  Progress (1): 3.4/9.0 MB
2026.03.08 16:00:59 INFO  Progress (1): 3.4/9.0 MB
2026.03.08 16:00:59 INFO  Progress (1): 3.5/9.0 MB
2026.03.08 16:00:59 INFO  Progress (1): 3.5/9.0 MB
2026.03.08 16:00:59 INFO  Progress (1): 3.5/9.0 MB
2026.03.08 16:00:59 INFO  Progress (1): 3.5/9.0 MB
2026.03.08 16:00:59 INFO  Progress (1): 3.5/9.0 MB
2026.03.08 16:00:59 INFO  Progress (1): 3.5/9.0 MB
2026.03.08 16:00:59 INFO  Progress (1): 3.6/9.0 MB
2026.03.08 16:00:59 INFO  Progress (1): 3.6/9.0 MB
2026.03.08 16:00:59 INFO  Progress (1): 3.6/9.0 MB
2026.03.08 16:00:59 INFO  Progress (1): 3.6/9.0 MB
2026.03.08 16:00:59 INFO  Progress (1): 3.6/9.0 MB
2026.03.08 16:00:59 INFO  Progress (1): 3.6/9.0 MB
2026.03.08 16:00:59 INFO  Progress (1): 3.7/9.0 MB
2026.03.08 16:00:59 INFO  Progress (1): 3.7/9.0 MB
2026.03.08 16:00:59 INFO  Progress (1): 3.7/9.0 MB
2026.03.08 16:00:59 INFO  Progress (1): 3.7/9.0 MB
2026.03.08 16:00:59 INFO  Progress (1): 3.7/9.0 MB
2026.03.08 16:00:59 INFO  Progress (1): 3.7/9.0 MB
2026.03.08 16:00:59 INFO  Progress (1): 3.8/9.0 MB
2026.03.08 16:00:59 INFO  Progress (1): 3.8/9.0 MB
2026.03.08 16:00:59 INFO  Progress (1): 3.8/9.0 MB
2026.03.08 16:00:59 INFO  Progress (1): 3.8/9.0 MB
2026.03.08 16:00:59 INFO  Progress (1): 3.8/9.0 MB
2026.03.08 16:00:59 INFO  Progress (1): 3.8/9.0 MB
2026.03.08 16:00:59 INFO  Progress (1): 3.9/9.0 MB
2026.03.08 16:00:59 INFO  Progress (1): 3.9/9.0 MB
2026.03.08 16:00:59 INFO  Progress (1): 3.9/9.0 MB
2026.03.08 16:00:59 INFO  Progress (1): 3.9/9.0 MB
2026.03.08 16:00:59 INFO  Progress (1): 3.9/9.0 MB
2026.03.08 16:00:59 INFO  Progress (1): 3.9/9.0 MB
2026.03.08 16:00:59 INFO  Progress (1): 3.9/9.0 MB
2026.03.08 16:00:59 INFO  Progress (1): 4.0/9.0 MB
2026.03.08 16:00:59 INFO  Progress (1): 4.0/9.0 MB
2026.03.08 16:00:59 INFO  Progress (1): 4.0/9.0 MB
2026.03.08 16:00:59 INFO  Progress (1): 4.0/9.0 MB
2026.03.08 16:00:59 INFO  Progress (1): 4.0/9.0 MB
2026.03.08 16:00:59 INFO  Progress (1): 4.0/9.0 MB
2026.03.08 16:00:59 INFO  Progress (1): 4.1/9.0 MB
2026.03.08 16:00:59 INFO  Progress (1): 4.1/9.0 MB
2026.03.08 16:00:59 INFO  Progress (1): 4.1/9.0 MB
2026.03.08 16:00:59 INFO  Progress (1): 4.1/9.0 MB
2026.03.08 16:00:59 INFO  Progress (1): 4.1/9.0 MB
2026.03.08 16:00:59 INFO  Progress (1): 4.1/9.0 MB
2026.03.08 16:00:59 INFO  Progress (1): 4.2/9.0 MB
2026.03.08 16:00:59 INFO  Progress (1): 4.2/9.0 MB
2026.03.08 16:00:59 INFO  Progress (1): 4.2/9.0 MB
2026.03.08 16:00:59 INFO  Progress (1): 4.2/9.0 MB
2026.03.08 16:00:59 INFO  Progress (1): 4.2/9.0 MB
2026.03.08 16:00:59 INFO  Progress (1): 4.2/9.0 MB
2026.03.08 16:00:59 INFO  Progress (1): 4.3/9.0 MB
2026.03.08 16:00:59 INFO  Progress (1): 4.3/9.0 MB
2026.03.08 16:00:59 INFO  Progress (1): 4.3/9.0 MB
2026.03.08 16:00:59 INFO  Progress (1): 4.3/9.0 MB
2026.03.08 16:00:59 INFO  Progress (1): 4.3/9.0 MB
2026.03.08 16:00:59 INFO  Progress (1): 4.3/9.0 MB
2026.03.08 16:00:59 INFO  Progress (1): 4.4/9.0 MB
2026.03.08 16:00:59 INFO  Progress (1): 4.4/9.0 MB
2026.03.08 16:00:59 INFO  Progress (1): 4.4/9.0 MB
2026.03.08 16:00:59 INFO  Progress (1): 4.4/9.0 MB
2026.03.08 16:00:59 INFO  Progress (1): 4.4/9.0 MB
2026.03.08 16:00:59 INFO  Progress (1): 4.4/9.0 MB
2026.03.08 16:00:59 INFO  Progress (1): 4.5/9.0 MB
2026.03.08 16:00:59 INFO  Progress (1): 4.5/9.0 MB
2026.03.08 16:00:59 INFO  Progress (1): 4.5/9.0 MB
2026.03.08 16:00:59 INFO  Progress (1): 4.5/9.0 MB
2026.03.08 16:00:59 INFO  Progress (1): 4.5/9.0 MB
2026.03.08 16:00:59 INFO  Progress (1): 4.5/9.0 MB
2026.03.08 16:00:59 INFO  Progress (1): 4.6/9.0 MB
2026.03.08 16:00:59 INFO  Progress (1): 4.6/9.0 MB
2026.03.08 16:00:59 INFO  Progress (1): 4.6/9.0 MB
2026.03.08 16:00:59 INFO  Progress (1): 4.6/9.0 MB
2026.03.08 16:00:59 INFO  Progress (1): 4.6/9.0 MB
2026.03.08 16:00:59 INFO  Progress (1): 4.6/9.0 MB
2026.03.08 16:00:59 INFO  Progress (1): 4.7/9.0 MB
2026.03.08 16:00:59 INFO  Progress (1): 4.7/9.0 MB
2026.03.08 16:00:59 INFO  Progress (1): 4.7/9.0 MB
2026.03.08 16:00:59 INFO  Progress (1): 4.7/9.0 MB
2026.03.08 16:00:59 INFO  Progress (1): 4.7/9.0 MB
2026.03.08 16:00:59 INFO  Progress (1): 4.7/9.0 MB
2026.03.08 16:00:59 INFO  Progress (1): 4.8/9.0 MB
2026.03.08 16:00:59 INFO  Progress (1): 4.8/9.0 MB
2026.03.08 16:00:59 INFO  Progress (1): 4.8/9.0 MB
2026.03.08 16:00:59 INFO  Progress (1): 4.8/9.0 MB
2026.03.08 16:00:59 INFO  Progress (1): 4.8/9.0 MB
2026.03.08 16:00:59 INFO  Progress (1): 4.8/9.0 MB
2026.03.08 16:00:59 INFO  Progress (1): 4.8/9.0 MB
2026.03.08 16:00:59 INFO  Progress (1): 4.9/9.0 MB
2026.03.08 16:00:59 INFO  Progress (1): 4.9/9.0 MB
2026.03.08 16:00:59 INFO  Progress (1): 4.9/9.0 MB
2026.03.08 16:00:59 INFO  Progress (1): 4.9/9.0 MB
2026.03.08 16:00:59 INFO  Progress (1): 4.9/9.0 MB
2026.03.08 16:00:59 INFO  Progress (1): 4.9/9.0 MB
2026.03.08 16:00:59 INFO  Progress (1): 5.0/9.0 MB
2026.03.08 16:00:59 INFO  Progress (1): 5.0/9.0 MB
2026.03.08 16:00:59 INFO  Progress (1): 5.0/9.0 MB
2026.03.08 16:00:59 INFO  Progress (1): 5.0/9.0 MB
2026.03.08 16:00:59 INFO  Progress (1): 5.0/9.0 MB
2026.03.08 16:00:59 INFO  Progress (1): 5.0/9.0 MB
2026.03.08 16:00:59 INFO  Progress (1): 5.1/9.0 MB
2026.03.08 16:00:59 INFO  Progress (1): 5.1/9.0 MB
2026.03.08 16:00:59 INFO  Progress (1): 5.1/9.0 MB
2026.03.08 16:00:59 INFO  Progress (1): 5.1/9.0 MB
2026.03.08 16:00:59 INFO  Progress (1): 5.1/9.0 MB
2026.03.08 16:00:59 INFO  Progress (1): 5.1/9.0 MB
2026.03.08 16:00:59 INFO  Progress (1): 5.2/9.0 MB
2026.03.08 16:00:59 INFO  Progress (1): 5.2/9.0 MB
2026.03.08 16:00:59 INFO  Progress (1): 5.2/9.0 MB
2026.03.08 16:00:59 INFO  Progress (1): 5.2/9.0 MB
2026.03.08 16:00:59 INFO  Progress (1): 5.2/9.0 MB
2026.03.08 16:00:59 INFO  Progress (1): 5.2/9.0 MB
2026.03.08 16:00:59 INFO  Progress (1): 5.3/9.0 MB
2026.03.08 16:00:59 INFO  Progress (1): 5.3/9.0 MB
2026.03.08 16:00:59 INFO  Progress (1): 5.3/9.0 MB
2026.03.08 16:00:59 INFO  Progress (1): 5.3/9.0 MB
2026.03.08 16:00:59 INFO  Progress (1): 5.3/9.0 MB
2026.03.08 16:00:59 INFO  Progress (1): 5.3/9.0 MB
2026.03.08 16:00:59 INFO  Progress (1): 5.4/9.0 MB
2026.03.08 16:00:59 INFO  Progress (1): 5.4/9.0 MB
2026.03.08 16:00:59 INFO  Progress (1): 5.4/9.0 MB
2026.03.08 16:00:59 INFO  Progress (1): 5.4/9.0 MB
2026.03.08 16:00:59 INFO  Progress (1): 5.4/9.0 MB
2026.03.08 16:00:59 INFO  Progress (1): 5.4/9.0 MB
2026.03.08 16:00:59 INFO  Progress (1): 5.5/9.0 MB
2026.03.08 16:00:59 INFO  Progress (1): 5.5/9.0 MB
2026.03.08 16:00:59 INFO  Progress (1): 5.5/9.0 MB
2026.03.08 16:00:59 INFO  Progress (1): 5.5/9.0 MB
2026.03.08 16:00:59 INFO  Progress (1): 5.5/9.0 MB
2026.03.08 16:00:59 INFO  Progress (1): 5.5/9.0 MB
2026.03.08 16:00:59 INFO  Progress (1): 5.6/9.0 MB
2026.03.08 16:00:59 INFO  Progress (1): 5.6/9.0 MB
2026.03.08 16:00:59 INFO  Progress (1): 5.6/9.0 MB
2026.03.08 16:00:59 INFO  Progress (1): 5.6/9.0 MB
2026.03.08 16:00:59 INFO  Progress (1): 5.6/9.0 MB
2026.03.08 16:00:59 INFO  Progress (1): 5.6/9.0 MB
2026.03.08 16:00:59 INFO  Progress (1): 5.7/9.0 MB
2026.03.08 16:00:59 INFO  Progress (1): 5.7/9.0 MB
2026.03.08 16:00:59 INFO  Progress (1): 5.7/9.0 MB
2026.03.08 16:00:59 INFO  Progress (1): 5.7/9.0 MB
2026.03.08 16:00:59 INFO  Progress (1): 5.7/9.0 MB
2026.03.08 16:00:59 INFO  Progress (1): 5.7/9.0 MB
2026.03.08 16:00:59 INFO  Progress (1): 5.8/9.0 MB
2026.03.08 16:00:59 INFO  Progress (1): 5.8/9.0 MB
2026.03.08 16:00:59 INFO  Progress (1): 5.8/9.0 MB
2026.03.08 16:00:59 INFO  Progress (1): 5.8/9.0 MB
2026.03.08 16:00:59 INFO  Progress (1): 5.8/9.0 MB
2026.03.08 16:00:59 INFO  Progress (1): 5.8/9.0 MB
2026.03.08 16:00:59 INFO  Progress (1): 5.8/9.0 MB
2026.03.08 16:00:59 INFO  Progress (1): 5.9/9.0 MB
2026.03.08 16:00:59 INFO  Progress (1): 5.9/9.0 MB
2026.03.08 16:00:59 INFO  Progress (1): 5.9/9.0 MB
2026.03.08 16:00:59 INFO  Progress (1): 5.9/9.0 MB
2026.03.08 16:00:59 INFO  Progress (1): 5.9/9.0 MB
2026.03.08 16:00:59 INFO  Progress (1): 5.9/9.0 MB
2026.03.08 16:00:59 INFO  Progress (1): 6.0/9.0 MB
2026.03.08 16:00:59 INFO  Progress (1): 6.0/9.0 MB
2026.03.08 16:00:59 INFO  Progress (1): 6.0/9.0 MB
2026.03.08 16:00:59 INFO  Progress (1): 6.0/9.0 MB
2026.03.08 16:00:59 INFO  Progress (1): 6.0/9.0 MB
2026.03.08 16:00:59 INFO  Progress (1): 6.0/9.0 MB
2026.03.08 16:00:59 INFO  Progress (1): 6.1/9.0 MB
2026.03.08 16:00:59 INFO  Progress (1): 6.1/9.0 MB
2026.03.08 16:00:59 INFO  Progress (1): 6.1/9.0 MB
2026.03.08 16:00:59 INFO  Progress (1): 6.1/9.0 MB
2026.03.08 16:00:59 INFO  Progress (1): 6.1/9.0 MB
2026.03.08 16:00:59 INFO  Progress (1): 6.1/9.0 MB
2026.03.08 16:00:59 INFO  Progress (1): 6.2/9.0 MB
2026.03.08 16:00:59 INFO  Progress (1): 6.2/9.0 MB
2026.03.08 16:00:59 INFO  Progress (1): 6.2/9.0 MB
2026.03.08 16:00:59 INFO  Progress (1): 6.2/9.0 MB
2026.03.08 16:00:59 INFO  Progress (1): 6.2/9.0 MB
2026.03.08 16:00:59 INFO  Progress (1): 6.2/9.0 MB
2026.03.08 16:00:59 INFO  Progress (1): 6.3/9.0 MB
2026.03.08 16:00:59 INFO  Progress (1): 6.3/9.0 MB
2026.03.08 16:00:59 INFO  Progress (1): 6.3/9.0 MB
2026.03.08 16:00:59 INFO  Progress (1): 6.3/9.0 MB
2026.03.08 16:00:59 INFO  Progress (1): 6.3/9.0 MB
2026.03.08 16:00:59 INFO  Progress (1): 6.3/9.0 MB
2026.03.08 16:00:59 INFO  Progress (1): 6.4/9.0 MB
2026.03.08 16:00:59 INFO  Progress (1): 6.4/9.0 MB
2026.03.08 16:00:59 INFO  Progress (1): 6.4/9.0 MB
2026.03.08 16:00:59 INFO  Progress (1): 6.4/9.0 MB
2026.03.08 16:00:59 INFO  Progress (1): 6.4/9.0 MB
2026.03.08 16:00:59 INFO  Progress (1): 6.4/9.0 MB
2026.03.08 16:00:59 INFO  Progress (1): 6.5/9.0 MB
2026.03.08 16:00:59 INFO  Progress (1): 6.5/9.0 MB
2026.03.08 16:00:59 INFO  Progress (1): 6.5/9.0 MB
2026.03.08 16:00:59 INFO  Progress (1): 6.5/9.0 MB
2026.03.08 16:00:59 INFO  Progress (1): 6.5/9.0 MB
2026.03.08 16:00:59 INFO  Progress (1): 6.5/9.0 MB
2026.03.08 16:00:59 INFO  Progress (1): 6.6/9.0 MB
2026.03.08 16:00:59 INFO  Progress (1): 6.6/9.0 MB
2026.03.08 16:00:59 INFO  Progress (1): 6.6/9.0 MB
2026.03.08 16:00:59 INFO  Progress (1): 6.6/9.0 MB
2026.03.08 16:00:59 INFO  Progress (1): 6.6/9.0 MB
2026.03.08 16:00:59 INFO  Progress (1): 6.6/9.0 MB
2026.03.08 16:00:59 INFO  Progress (1): 6.7/9.0 MB
2026.03.08 16:00:59 INFO  Progress (1): 6.7/9.0 MB
2026.03.08 16:00:59 INFO  Progress (1): 6.7/9.0 MB
2026.03.08 16:00:59 INFO  Progress (1): 6.7/9.0 MB
2026.03.08 16:00:59 INFO  Progress (1): 6.7/9.0 MB
2026.03.08 16:00:59 INFO  Progress (1): 6.7/9.0 MB
2026.03.08 16:00:59 INFO  Progress (1): 6.8/9.0 MB
2026.03.08 16:00:59 INFO  Progress (1): 6.8/9.0 MB
2026.03.08 16:00:59 INFO  Progress (1): 6.8/9.0 MB
2026.03.08 16:00:59 INFO  Progress (1): 6.8/9.0 MB
2026.03.08 16:00:59 INFO  Progress (1): 6.8/9.0 MB
2026.03.08 16:00:59 INFO  Progress (1): 6.8/9.0 MB
2026.03.08 16:00:59 INFO  Progress (1): 6.8/9.0 MB
2026.03.08 16:00:59 INFO  Progress (1): 6.9/9.0 MB
2026.03.08 16:00:59 INFO  Progress (1): 6.9/9.0 MB
2026.03.08 16:00:59 INFO  Progress (1): 6.9/9.0 MB
2026.03.08 16:00:59 INFO  Progress (1): 6.9/9.0 MB
2026.03.08 16:00:59 INFO  Progress (1): 6.9/9.0 MB
2026.03.08 16:00:59 INFO  Progress (1): 6.9/9.0 MB
2026.03.08 16:00:59 INFO  Progress (1): 7.0/9.0 MB
2026.03.08 16:00:59 INFO  Progress (1): 7.0/9.0 MB
2026.03.08 16:00:59 INFO  Progress (1): 7.0/9.0 MB
2026.03.08 16:00:59 INFO  Progress (1): 7.0/9.0 MB
2026.03.08 16:00:59 INFO  Progress (1): 7.0/9.0 MB
2026.03.08 16:00:59 INFO  Progress (1): 7.0/9.0 MB
2026.03.08 16:00:59 INFO  Progress (1): 7.1/9.0 MB
2026.03.08 16:00:59 INFO  Progress (1): 7.1/9.0 MB
2026.03.08 16:00:59 INFO  Progress (1): 7.1/9.0 MB
2026.03.08 16:00:59 INFO  Progress (1): 7.1/9.0 MB
2026.03.08 16:00:59 INFO  Progress (1): 7.1/9.0 MB
2026.03.08 16:00:59 INFO  Progress (1): 7.1/9.0 MB
2026.03.08 16:00:59 INFO  Progress (1): 7.2/9.0 MB
2026.03.08 16:00:59 INFO  Progress (1): 7.2/9.0 MB
2026.03.08 16:00:59 INFO  Progress (1): 7.2/9.0 MB
2026.03.08 16:00:59 INFO  Progress (1): 7.2/9.0 MB
2026.03.08 16:00:59 INFO  Progress (1): 7.2/9.0 MB
2026.03.08 16:00:59 INFO  Progress (1): 7.2/9.0 MB
2026.03.08 16:00:59 INFO  Progress (1): 7.3/9.0 MB
2026.03.08 16:00:59 INFO  Progress (1): 7.3/9.0 MB
2026.03.08 16:00:59 INFO  Progress (1): 7.3/9.0 MB
2026.03.08 16:00:59 INFO  Progress (1): 7.3/9.0 MB
2026.03.08 16:00:59 INFO  Progress (1): 7.3/9.0 MB
2026.03.08 16:00:59 INFO  Progress (1): 7.3/9.0 MB
2026.03.08 16:00:59 INFO  Progress (1): 7.4/9.0 MB
2026.03.08 16:00:59 INFO  Progress (1): 7.4/9.0 MB
2026.03.08 16:00:59 INFO  Progress (1): 7.4/9.0 MB
2026.03.08 16:00:59 INFO  Progress (1): 7.4/9.0 MB
2026.03.08 16:00:59 INFO  Progress (1): 7.4/9.0 MB
2026.03.08 16:00:59 INFO  Progress (1): 7.4/9.0 MB
2026.03.08 16:00:59 INFO  Progress (1): 7.5/9.0 MB
2026.03.08 16:00:59 INFO  Progress (1): 7.5/9.0 MB
2026.03.08 16:00:59 INFO  Progress (1): 7.5/9.0 MB
2026.03.08 16:00:59 INFO  Progress (1): 7.5/9.0 MB
2026.03.08 16:00:59 INFO  Progress (1): 7.5/9.0 MB
2026.03.08 16:00:59 INFO  Progress (1): 7.5/9.0 MB
2026.03.08 16:00:59 INFO  Progress (1): 7.6/9.0 MB
2026.03.08 16:00:59 INFO  Progress (1): 7.6/9.0 MB
2026.03.08 16:00:59 INFO  Progress (1): 7.6/9.0 MB
2026.03.08 16:00:59 INFO  Progress (1): 7.6/9.0 MB
2026.03.08 16:00:59 INFO  Progress (1): 7.6/9.0 MB
2026.03.08 16:00:59 INFO  Progress (1): 7.6/9.0 MB
2026.03.08 16:00:59 INFO  Progress (1): 7.7/9.0 MB
2026.03.08 16:00:59 INFO  Progress (1): 7.7/9.0 MB
2026.03.08 16:00:59 INFO  Progress (1): 7.7/9.0 MB
2026.03.08 16:00:59 INFO  Progress (1): 7.7/9.0 MB
2026.03.08 16:00:59 INFO  Progress (1): 7.7/9.0 MB
2026.03.08 16:00:59 INFO  Progress (1): 7.7/9.0 MB
2026.03.08 16:00:59 INFO  Progress (1): 7.7/9.0 MB
2026.03.08 16:00:59 INFO  Progress (1): 7.8/9.0 MB
2026.03.08 16:00:59 INFO  Progress (1): 7.8/9.0 MB
2026.03.08 16:00:59 INFO  Progress (1): 7.8/9.0 MB
2026.03.08 16:00:59 INFO  Progress (1): 7.8/9.0 MB
2026.03.08 16:00:59 INFO  Progress (1): 7.8/9.0 MB
2026.03.08 16:00:59 INFO  Progress (1): 7.8/9.0 MB
2026.03.08 16:00:59 INFO  Progress (1): 7.9/9.0 MB
2026.03.08 16:00:59 INFO  Progress (1): 7.9/9.0 MB
2026.03.08 16:00:59 INFO  Progress (1): 7.9/9.0 MB
2026.03.08 16:00:59 INFO  Progress (1): 7.9/9.0 MB
2026.03.08 16:00:59 INFO  Progress (1): 7.9/9.0 MB
2026.03.08 16:00:59 INFO  Progress (1): 7.9/9.0 MB
2026.03.08 16:00:59 INFO  Progress (1): 8.0/9.0 MB
2026.03.08 16:00:59 INFO  Progress (1): 8.0/9.0 MB
2026.03.08 16:00:59 INFO  Progress (1): 8.0/9.0 MB
2026.03.08 16:00:59 INFO  Progress (1): 8.0/9.0 MB
2026.03.08 16:00:59 INFO  Progress (1): 8.0/9.0 MB
2026.03.08 16:00:59 INFO  Progress (1): 8.0/9.0 MB
2026.03.08 16:00:59 INFO  Progress (1): 8.1/9.0 MB
2026.03.08 16:00:59 INFO  Progress (1): 8.1/9.0 MB
2026.03.08 16:00:59 INFO  Progress (1): 8.1/9.0 MB
2026.03.08 16:00:59 INFO  Progress (1): 8.1/9.0 MB
2026.03.08 16:00:59 INFO  Progress (1): 8.1/9.0 MB
2026.03.08 16:00:59 INFO  Progress (1): 8.1/9.0 MB
2026.03.08 16:00:59 INFO  Progress (1): 8.2/9.0 MB
2026.03.08 16:00:59 INFO  Progress (1): 8.2/9.0 MB
2026.03.08 16:00:59 INFO  Progress (1): 8.2/9.0 MB
2026.03.08 16:00:59 INFO  Progress (1): 8.2/9.0 MB
2026.03.08 16:00:59 INFO  Progress (1): 8.2/9.0 MB
2026.03.08 16:00:59 INFO  Progress (1): 8.2/9.0 MB
2026.03.08 16:00:59 INFO  Progress (1): 8.3/9.0 MB
2026.03.08 16:00:59 INFO  Progress (1): 8.3/9.0 MB
2026.03.08 16:00:59 INFO  Progress (1): 8.3/9.0 MB
2026.03.08 16:00:59 INFO  Progress (1): 8.3/9.0 MB
2026.03.08 16:00:59 INFO  Progress (1): 8.3/9.0 MB
2026.03.08 16:00:59 INFO  Progress (1): 8.3/9.0 MB
2026.03.08 16:00:59 INFO  Progress (1): 8.4/9.0 MB
2026.03.08 16:00:59 INFO  Progress (1): 8.4/9.0 MB
2026.03.08 16:00:59 INFO  Progress (1): 8.4/9.0 MB
2026.03.08 16:00:59 INFO  Progress (1): 8.4/9.0 MB
2026.03.08 16:00:59 INFO  Progress (1): 8.4/9.0 MB
2026.03.08 16:00:59 INFO  Progress (1): 8.4/9.0 MB
2026.03.08 16:00:59 INFO  Progress (1): 8.5/9.0 MB
2026.03.08 16:00:59 INFO  Progress (1): 8.5/9.0 MB
2026.03.08 16:00:59 INFO  Progress (1): 8.5/9.0 MB
2026.03.08 16:00:59 INFO  Progress (1): 8.5/9.0 MB
2026.03.08 16:00:59 INFO  Progress (1): 8.5/9.0 MB
2026.03.08 16:00:59 INFO  Progress (1): 8.5/9.0 MB
2026.03.08 16:00:59 INFO  Progress (1): 8.6/9.0 MB
2026.03.08 16:00:59 INFO  Progress (1): 8.6/9.0 MB
2026.03.08 16:00:59 INFO  Progress (1): 8.6/9.0 MB
2026.03.08 16:00:59 INFO  Progress (1): 8.6/9.0 MB
2026.03.08 16:00:59 INFO  Progress (1): 8.6/9.0 MB
2026.03.08 16:00:59 INFO  Progress (1): 8.6/9.0 MB
2026.03.08 16:00:59 INFO  Progress (1): 8.7/9.0 MB
2026.03.08 16:00:59 INFO  Progress (1): 8.7/9.0 MB
2026.03.08 16:00:59 INFO  Progress (1): 8.7/9.0 MB
2026.03.08 16:00:59 INFO  Progress (1): 8.7/9.0 MB
2026.03.08 16:00:59 INFO  Progress (1): 8.7/9.0 MB
2026.03.08 16:00:59 INFO  Progress (1): 8.7/9.0 MB
2026.03.08 16:00:59 INFO  Progress (1): 8.7/9.0 MB
2026.03.08 16:00:59 INFO  Progress (1): 8.8/9.0 MB
2026.03.08 16:00:59 INFO  Progress (1): 8.8/9.0 MB
2026.03.08 16:00:59 INFO  Progress (1): 8.8/9.0 MB
2026.03.08 16:00:59 INFO  Progress (1): 8.8/9.0 MB
2026.03.08 16:00:59 INFO  Progress (1): 8.8/9.0 MB
2026.03.08 16:00:59 INFO  Progress (1): 8.8/9.0 MB
2026.03.08 16:00:59 INFO  Progress (1): 8.9/9.0 MB
2026.03.08 16:00:59 INFO  Progress (1): 8.9/9.0 MB
2026.03.08 16:00:59 INFO  Progress (1): 8.9/9.0 MB
2026.03.08 16:00:59 INFO  Progress (1): 8.9/9.0 MB
2026.03.08 16:00:59 INFO  Progress (1): 8.9/9.0 MB
2026.03.08 16:00:59 INFO  Progress (1): 8.9/9.0 MB
2026.03.08 16:00:59 INFO  Progress (1): 9.0/9.0 MB
2026.03.08 16:00:59 INFO  Progress (1): 9.0/9.0 MB
2026.03.08 16:00:59 INFO  Progress (1): 9.0/9.0 MB
2026.03.08 16:00:59 INFO  Progress (1): 9.0/9.0 MB
2026.03.08 16:00:59 INFO  Progress (1): 9.0/9.0 MB
2026.03.08 16:00:59 INFO  Progress (1): 9.0 MB    
2026.03.08 16:00:59 INFO                      
2026.03.08 16:00:59 INFO  Downloaded from central: https://repo.maven.apache.org/maven2/org/apache/hadoop/hadoop-client-api/3.4.0/hadoop-client-api-3.4.0-sources.jar (9.0 MB at 74 MB/s)
2026.03.08 16:00:59 INFO  [INFO] SUCCESS: org.apache.hadoop:hadoop-client-api:jar:3.4.0:runtime (sources = true)
2026.03.08 16:00:59 INFO  [INFO] Resolving artifact: org.xerial.snappy:snappy-java:jar:1.1.10.4:compile (sources = false)
2026.03.08 16:00:59 INFO  [INFO] SUCCESS: org.xerial.snappy:snappy-java:jar:1.1.10.4:compile (sources = false)
2026.03.08 16:00:59 INFO  [INFO] Resolving artifact: org.xerial.snappy:snappy-java:jar:1.1.10.4:compile (sources = true)
2026.03.08 16:00:59 INFO  Downloading from central: https://repo.maven.apache.org/maven2/org/xerial/snappy/snappy-java/1.1.10.4/snappy-java-1.1.10.4-sources.jar
2026.03.08 16:01:00 INFO  Progress (1): 0/2.1 MB
2026.03.08 16:01:00 INFO  Progress (1): 0/2.1 MB
2026.03.08 16:01:00 INFO  Progress (1): 0/2.1 MB
2026.03.08 16:01:00 INFO  Progress (1): 0/2.1 MB
2026.03.08 16:01:00 INFO  Progress (1): 0.1/2.1 MB
2026.03.08 16:01:00 INFO  Progress (1): 0.1/2.1 MB
2026.03.08 16:01:00 INFO  Progress (1): 0.1/2.1 MB
2026.03.08 16:01:00 INFO  Progress (1): 0.1/2.1 MB
2026.03.08 16:01:00 INFO  Progress (1): 0.1/2.1 MB
2026.03.08 16:01:00 INFO  Progress (1): 0.1/2.1 MB
2026.03.08 16:01:00 INFO  Progress (1): 0.1/2.1 MB
2026.03.08 16:01:00 INFO  Progress (1): 0.1/2.1 MB
2026.03.08 16:01:00 INFO  Progress (1): 0.2/2.1 MB
2026.03.08 16:01:00 INFO  Progress (1): 0.2/2.1 MB
2026.03.08 16:01:00 INFO  Progress (1): 0.2/2.1 MB
2026.03.08 16:01:00 INFO  Progress (1): 0.2/2.1 MB
2026.03.08 16:01:00 INFO  Progress (1): 0.2/2.1 MB
2026.03.08 16:01:00 INFO  Progress (1): 0.2/2.1 MB
2026.03.08 16:01:00 INFO  Progress (1): 0.2/2.1 MB
2026.03.08 16:01:00 INFO  Progress (1): 0.3/2.1 MB
2026.03.08 16:01:00 INFO  Progress (1): 0.3/2.1 MB
2026.03.08 16:01:00 INFO  Progress (1): 0.3/2.1 MB
2026.03.08 16:01:00 INFO  Progress (1): 0.3/2.1 MB
2026.03.08 16:01:00 INFO  Progress (1): 0.3/2.1 MB
2026.03.08 16:01:00 INFO  Progress (1): 0.3/2.1 MB
2026.03.08 16:01:00 INFO  Progress (1): 0.4/2.1 MB
2026.03.08 16:01:00 INFO  Progress (1): 0.4/2.1 MB
2026.03.08 16:01:00 INFO  Progress (1): 0.4/2.1 MB
2026.03.08 16:01:00 INFO  Progress (1): 0.4/2.1 MB
2026.03.08 16:01:00 INFO  Progress (1): 0.4/2.1 MB
2026.03.08 16:01:00 INFO  Progress (1): 0.4/2.1 MB
2026.03.08 16:01:00 INFO  Progress (1): 0.4/2.1 MB
2026.03.08 16:01:00 INFO  Progress (1): 0.5/2.1 MB
2026.03.08 16:01:00 INFO  Progress (1): 0.5/2.1 MB
2026.03.08 16:01:00 INFO  Progress (1): 0.5/2.1 MB
2026.03.08 16:01:00 INFO  Progress (1): 0.5/2.1 MB
2026.03.08 16:01:00 INFO  Progress (1): 0.5/2.1 MB
2026.03.08 16:01:00 INFO  Progress (1): 0.5/2.1 MB
2026.03.08 16:01:00 INFO  Progress (1): 0.6/2.1 MB
2026.03.08 16:01:00 INFO  Progress (1): 0.6/2.1 MB
2026.03.08 16:01:00 INFO  Progress (1): 0.6/2.1 MB
2026.03.08 16:01:00 INFO  Progress (1): 0.6/2.1 MB
2026.03.08 16:01:00 INFO  Progress (1): 0.6/2.1 MB
2026.03.08 16:01:00 INFO  Progress (1): 0.6/2.1 MB
2026.03.08 16:01:00 INFO  Progress (1): 0.7/2.1 MB
2026.03.08 16:01:00 INFO  Progress (1): 0.7/2.1 MB
2026.03.08 16:01:00 INFO  Progress (1): 0.7/2.1 MB
2026.03.08 16:01:00 INFO  Progress (1): 0.7/2.1 MB
2026.03.08 16:01:00 INFO  Progress (1): 0.7/2.1 MB
2026.03.08 16:01:00 INFO  Progress (1): 0.7/2.1 MB
2026.03.08 16:01:00 INFO  Progress (1): 0.8/2.1 MB
2026.03.08 16:01:00 INFO  Progress (1): 0.8/2.1 MB
2026.03.08 16:01:00 INFO  Progress (1): 0.8/2.1 MB
2026.03.08 16:01:00 INFO  Progress (1): 0.8/2.1 MB
2026.03.08 16:01:00 INFO  Progress (1): 0.8/2.1 MB
2026.03.08 16:01:00 INFO  Progress (1): 0.8/2.1 MB
2026.03.08 16:01:00 INFO  Progress (1): 0.9/2.1 MB
2026.03.08 16:01:00 INFO  Progress (1): 0.9/2.1 MB
2026.03.08 16:01:00 INFO  Progress (1): 0.9/2.1 MB
2026.03.08 16:01:00 INFO  Progress (1): 0.9/2.1 MB
2026.03.08 16:01:00 INFO  Progress (1): 0.9/2.1 MB
2026.03.08 16:01:00 INFO  Progress (1): 0.9/2.1 MB
2026.03.08 16:01:00 INFO  Progress (1): 1.0/2.1 MB
2026.03.08 16:01:00 INFO  Progress (1): 1.0/2.1 MB
2026.03.08 16:01:00 INFO  Progress (1): 1.0/2.1 MB
2026.03.08 16:01:00 INFO  Progress (1): 1.0/2.1 MB
2026.03.08 16:01:00 INFO  Progress (1): 1.0/2.1 MB
2026.03.08 16:01:00 INFO  Progress (1): 1.0/2.1 MB
2026.03.08 16:01:00 INFO  Progress (1): 1.0/2.1 MB
2026.03.08 16:01:00 INFO  Progress (1): 1.1/2.1 MB
2026.03.08 16:01:00 INFO  Progress (1): 1.1/2.1 MB
2026.03.08 16:01:00 INFO  Progress (1): 1.1/2.1 MB
2026.03.08 16:01:00 INFO  Progress (1): 1.1/2.1 MB
2026.03.08 16:01:00 INFO  Progress (1): 1.1/2.1 MB
2026.03.08 16:01:00 INFO  Progress (1): 1.1/2.1 MB
2026.03.08 16:01:00 INFO  Progress (1): 1.2/2.1 MB
2026.03.08 16:01:00 INFO  Progress (1): 1.2/2.1 MB
2026.03.08 16:01:00 INFO  Progress (1): 1.2/2.1 MB
2026.03.08 16:01:00 INFO  Progress (1): 1.2/2.1 MB
2026.03.08 16:01:00 INFO  Progress (1): 1.2/2.1 MB
2026.03.08 16:01:00 INFO  Progress (1): 1.2/2.1 MB
2026.03.08 16:01:00 INFO  Progress (1): 1.3/2.1 MB
2026.03.08 16:01:00 INFO  Progress (1): 1.3/2.1 MB
2026.03.08 16:01:00 INFO  Progress (1): 1.3/2.1 MB
2026.03.08 16:01:00 INFO  Progress (1): 1.3/2.1 MB
2026.03.08 16:01:00 INFO  Progress (1): 1.3/2.1 MB
2026.03.08 16:01:00 INFO  Progress (1): 1.3/2.1 MB
2026.03.08 16:01:00 INFO  Progress (1): 1.4/2.1 MB
2026.03.08 16:01:00 INFO  Progress (1): 1.4/2.1 MB
2026.03.08 16:01:00 INFO  Progress (1): 1.4/2.1 MB
2026.03.08 16:01:00 INFO  Progress (1): 1.4/2.1 MB
2026.03.08 16:01:00 INFO  Progress (1): 1.4/2.1 MB
2026.03.08 16:01:00 INFO  Progress (1): 1.4/2.1 MB
2026.03.08 16:01:00 INFO  Progress (1): 1.5/2.1 MB
2026.03.08 16:01:00 INFO  Progress (1): 1.5/2.1 MB
2026.03.08 16:01:00 INFO  Progress (1): 1.5/2.1 MB
2026.03.08 16:01:00 INFO  Progress (1): 1.5/2.1 MB
2026.03.08 16:01:00 INFO  Progress (1): 1.5/2.1 MB
2026.03.08 16:01:00 INFO  Progress (1): 1.5/2.1 MB
2026.03.08 16:01:00 INFO  Progress (1): 1.6/2.1 MB
2026.03.08 16:01:00 INFO  Progress (1): 1.6/2.1 MB
2026.03.08 16:01:00 INFO  Progress (1): 1.6/2.1 MB
2026.03.08 16:01:00 INFO  Progress (1): 1.6/2.1 MB
2026.03.08 16:01:00 INFO  Progress (1): 1.6/2.1 MB
2026.03.08 16:01:00 INFO  Progress (1): 1.6/2.1 MB
2026.03.08 16:01:00 INFO  Progress (1): 1.7/2.1 MB
2026.03.08 16:01:00 INFO  Progress (1): 1.7/2.1 MB
2026.03.08 16:01:00 INFO  Progress (1): 1.7/2.1 MB
2026.03.08 16:01:00 INFO  Progress (1): 1.7/2.1 MB
2026.03.08 16:01:00 INFO  Progress (1): 1.7/2.1 MB
2026.03.08 16:01:00 INFO  Progress (1): 1.7/2.1 MB
2026.03.08 16:01:00 INFO  Progress (1): 1.8/2.1 MB
2026.03.08 16:01:00 INFO  Progress (1): 1.8/2.1 MB
2026.03.08 16:01:00 INFO  Progress (1): 1.8/2.1 MB
2026.03.08 16:01:00 INFO  Progress (1): 1.8/2.1 MB
2026.03.08 16:01:00 INFO  Progress (1): 1.8/2.1 MB
2026.03.08 16:01:00 INFO  Progress (1): 1.8/2.1 MB
2026.03.08 16:01:00 INFO  Progress (1): 1.9/2.1 MB
2026.03.08 16:01:00 INFO  Progress (1): 1.9/2.1 MB
2026.03.08 16:01:00 INFO  Progress (1): 1.9/2.1 MB
2026.03.08 16:01:00 INFO  Progress (1): 1.9/2.1 MB
2026.03.08 16:01:00 INFO  Progress (1): 1.9/2.1 MB
2026.03.08 16:01:00 INFO  Progress (1): 1.9/2.1 MB
2026.03.08 16:01:00 INFO  Progress (1): 1.9/2.1 MB
2026.03.08 16:01:00 INFO  Progress (1): 2.0/2.1 MB
2026.03.08 16:01:00 INFO  Progress (1): 2.0/2.1 MB
2026.03.08 16:01:00 INFO  Progress (1): 2.0/2.1 MB
2026.03.08 16:01:00 INFO  Progress (1): 2.0/2.1 MB
2026.03.08 16:01:00 INFO  Progress (1): 2.0/2.1 MB
2026.03.08 16:01:00 INFO  Progress (1): 2.0/2.1 MB
2026.03.08 16:01:00 INFO  Progress (1): 2.1/2.1 MB
2026.03.08 16:01:00 INFO  Progress (1): 2.1/2.1 MB
2026.03.08 16:01:00 INFO  Progress (1): 2.1/2.1 MB
2026.03.08 16:01:00 INFO  Progress (1): 2.1 MB    
2026.03.08 16:01:00 INFO                      
2026.03.08 16:01:00 INFO  Downloaded from central: https://repo.maven.apache.org/maven2/org/xerial/snappy/snappy-java/1.1.10.4/snappy-java-1.1.10.4-sources.jar (2.1 MB at 34 MB/s)
2026.03.08 16:01:00 INFO  [INFO] SUCCESS: org.xerial.snappy:snappy-java:jar:1.1.10.4:compile (sources = true)
2026.03.08 16:01:00 INFO  [INFO] Resolving artifact: commons-logging:commons-logging:jar:1.2:runtime (sources = false)
2026.03.08 16:01:00 INFO  [INFO] SUCCESS: commons-logging:commons-logging:jar:1.2:runtime (sources = false)
2026.03.08 16:01:00 INFO  [INFO] Resolving artifact: commons-logging:commons-logging:jar:1.2:runtime (sources = true)
2026.03.08 16:01:00 INFO  Downloading from central: https://repo.maven.apache.org/maven2/commons-logging/commons-logging/1.2/commons-logging-1.2-sources.jar
2026.03.08 16:01:00 INFO  Progress (1): 7.7/73 kB
2026.03.08 16:01:00 INFO  Progress (1): 16/73 kB 
2026.03.08 16:01:00 INFO  Progress (1): 16/73 kB
2026.03.08 16:01:00 INFO  Progress (1): 33/73 kB
2026.03.08 16:01:00 INFO  Progress (1): 49/73 kB
2026.03.08 16:01:00 INFO  Progress (1): 66/73 kB
2026.03.08 16:01:00 INFO  Progress (1): 73 kB   
2026.03.08 16:01:00 INFO                     
2026.03.08 16:01:00 INFO  Downloaded from central: https://repo.maven.apache.org/maven2/commons-logging/commons-logging/1.2/commons-logging-1.2-sources.jar (73 kB at 2.5 MB/s)
2026.03.08 16:01:00 INFO  [INFO] SUCCESS: commons-logging:commons-logging:jar:1.2:runtime (sources = true)
2026.03.08 16:01:00 INFO  [INFO] Resolving artifact: com.google.code.findbugs:jsr305:jar:3.0.2:runtime (sources = false)
2026.03.08 16:01:00 INFO  [INFO] SUCCESS: com.google.code.findbugs:jsr305:jar:3.0.2:runtime (sources = false)
2026.03.08 16:01:00 INFO  [INFO] Resolving artifact: com.google.code.findbugs:jsr305:jar:3.0.2:runtime (sources = true)
2026.03.08 16:01:00 INFO  Downloading from central: https://repo.maven.apache.org/maven2/com/google/code/findbugs/jsr305/3.0.2/jsr305-3.0.2-sources.jar
2026.03.08 16:01:00 INFO  Progress (1): 7.7/18 kB
2026.03.08 16:01:00 INFO  Progress (1): 8.2/18 kB
2026.03.08 16:01:00 INFO  Progress (1): 18 kB    
2026.03.08 16:01:00 INFO                     
2026.03.08 16:01:00 INFO  Downloaded from central: https://repo.maven.apache.org/maven2/com/google/code/findbugs/jsr305/3.0.2/jsr305-3.0.2-sources.jar (18 kB at 646 kB/s)
2026.03.08 16:01:00 INFO  [INFO] SUCCESS: com.google.code.findbugs:jsr305:jar:3.0.2:runtime (sources = true)
2026.03.08 16:01:00 INFO  [INFO] Resolving artifact: org.apache.parquet:parquet-hadoop:jar:1.12.3:compile (sources = false)
2026.03.08 16:01:00 INFO  [INFO] SUCCESS: org.apache.parquet:parquet-hadoop:jar:1.12.3:compile (sources = false)
2026.03.08 16:01:00 INFO  [INFO] Resolving artifact: org.apache.parquet:parquet-hadoop:jar:1.12.3:compile (sources = true)
2026.03.08 16:01:00 INFO  Downloading from central: https://repo.maven.apache.org/maven2/org/apache/parquet/parquet-hadoop/1.12.3/parquet-hadoop-1.12.3-sources.jar
2026.03.08 16:01:00 INFO  Progress (1): 7.7/290 kB
2026.03.08 16:01:00 INFO  Progress (1): 8.2/290 kB
2026.03.08 16:01:00 INFO  Progress (1): 25/290 kB 
2026.03.08 16:01:00 INFO  Progress (1): 41/290 kB
2026.03.08 16:01:00 INFO  Progress (1): 57/290 kB
2026.03.08 16:01:00 INFO  Progress (1): 74/290 kB
2026.03.08 16:01:00 INFO  Progress (1): 82/290 kB
2026.03.08 16:01:00 INFO  Progress (1): 98/290 kB
2026.03.08 16:01:00 INFO  Progress (1): 115/290 kB
2026.03.08 16:01:00 INFO  Progress (1): 131/290 kB
2026.03.08 16:01:00 INFO  Progress (1): 139/290 kB
2026.03.08 16:01:00 INFO  Progress (1): 156/290 kB
2026.03.08 16:01:00 INFO  Progress (1): 172/290 kB
2026.03.08 16:01:00 INFO  Progress (1): 188/290 kB
2026.03.08 16:01:00 INFO  Progress (1): 205/290 kB
2026.03.08 16:01:00 INFO  Progress (1): 221/290 kB
2026.03.08 16:01:00 INFO  Progress (1): 238/290 kB
2026.03.08 16:01:00 INFO  Progress (1): 254/290 kB
2026.03.08 16:01:00 INFO  Progress (1): 262/290 kB
2026.03.08 16:01:00 INFO  Progress (1): 279/290 kB
2026.03.08 16:01:00 INFO  Progress (1): 290 kB    
2026.03.08 16:01:00 INFO                      
2026.03.08 16:01:00 INFO  Downloaded from central: https://repo.maven.apache.org/maven2/org/apache/parquet/parquet-hadoop/1.12.3/parquet-hadoop-1.12.3-sources.jar (290 kB at 6.5 MB/s)
2026.03.08 16:01:00 INFO  [INFO] SUCCESS: org.apache.parquet:parquet-hadoop:jar:1.12.3:compile (sources = true)
2026.03.08 16:01:00 INFO  [INFO] Resolving artifact: org.apache.parquet:parquet-column:jar:1.12.3:compile (sources = false)
2026.03.08 16:01:00 INFO  [INFO] SUCCESS: org.apache.parquet:parquet-column:jar:1.12.3:compile (sources = false)
2026.03.08 16:01:00 INFO  [INFO] Resolving artifact: org.apache.parquet:parquet-column:jar:1.12.3:compile (sources = true)
2026.03.08 16:01:00 INFO  Downloading from central: https://repo.maven.apache.org/maven2/org/apache/parquet/parquet-column/1.12.3/parquet-column-1.12.3-sources.jar
2026.03.08 16:01:00 INFO  Progress (1): 7.7/333 kB
2026.03.08 16:01:00 INFO  Progress (1): 16/333 kB 
2026.03.08 16:01:00 INFO  Progress (1): 25/333 kB
2026.03.08 16:01:00 INFO  Progress (1): 41/333 kB
2026.03.08 16:01:00 INFO  Progress (1): 57/333 kB
2026.03.08 16:01:00 INFO  Progress (1): 74/333 kB
2026.03.08 16:01:00 INFO  Progress (1): 90/333 kB
2026.03.08 16:01:00 INFO  Progress (1): 106/333 kB
2026.03.08 16:01:00 INFO  Progress (1): 123/333 kB
2026.03.08 16:01:00 INFO  Progress (1): 139/333 kB
2026.03.08 16:01:00 INFO  Progress (1): 156/333 kB
2026.03.08 16:01:00 INFO  Progress (1): 172/333 kB
2026.03.08 16:01:00 INFO  Progress (1): 188/333 kB
2026.03.08 16:01:00 INFO  Progress (1): 205/333 kB
2026.03.08 16:01:00 INFO  Progress (1): 221/333 kB
2026.03.08 16:01:00 INFO  Progress (1): 238/333 kB
2026.03.08 16:01:00 INFO  Progress (1): 254/333 kB
2026.03.08 16:01:00 INFO  Progress (1): 270/333 kB
2026.03.08 16:01:00 INFO  Progress (1): 287/333 kB
2026.03.08 16:01:00 INFO  Progress (1): 303/333 kB
2026.03.08 16:01:00 INFO  Progress (1): 319/333 kB
2026.03.08 16:01:00 INFO  Progress (1): 333 kB    
2026.03.08 16:01:00 INFO                      
2026.03.08 16:01:00 INFO  Downloaded from central: https://repo.maven.apache.org/maven2/org/apache/parquet/parquet-column/1.12.3/parquet-column-1.12.3-sources.jar (333 kB at 9.2 MB/s)
2026.03.08 16:01:00 INFO  [INFO] SUCCESS: org.apache.parquet:parquet-column:jar:1.12.3:compile (sources = true)
2026.03.08 16:01:00 INFO  [INFO] Resolving artifact: org.apache.parquet:parquet-encoding:jar:1.12.3:compile (sources = false)
2026.03.08 16:01:00 INFO  [INFO] SUCCESS: org.apache.parquet:parquet-encoding:jar:1.12.3:compile (sources = false)
2026.03.08 16:01:00 INFO  [INFO] Resolving artifact: org.apache.parquet:parquet-encoding:jar:1.12.3:compile (sources = true)
2026.03.08 16:01:00 INFO  Downloading from central: https://repo.maven.apache.org/maven2/org/apache/parquet/parquet-encoding/1.12.3/parquet-encoding-1.12.3-sources.jar
2026.03.08 16:01:00 INFO  Progress (1): 7.7/838 kB
2026.03.08 16:01:00 INFO  Progress (1): 16/838 kB 
2026.03.08 16:01:00 INFO  Progress (1): 25/838 kB
2026.03.08 16:01:00 INFO  Progress (1): 33/838 kB
2026.03.08 16:01:00 INFO  Progress (1): 49/838 kB
2026.03.08 16:01:00 INFO  Progress (1): 66/838 kB
2026.03.08 16:01:00 INFO  Progress (1): 82/838 kB
2026.03.08 16:01:00 INFO  Progress (1): 98/838 kB
2026.03.08 16:01:00 INFO  Progress (1): 115/838 kB
2026.03.08 16:01:00 INFO  Progress (1): 123/838 kB
2026.03.08 16:01:00 INFO  Progress (1): 139/838 kB
2026.03.08 16:01:00 INFO  Progress (1): 147/838 kB
2026.03.08 16:01:00 INFO  Progress (1): 164/838 kB
2026.03.08 16:01:00 INFO  Progress (1): 172/838 kB
2026.03.08 16:01:00 INFO  Progress (1): 180/838 kB
2026.03.08 16:01:00 INFO  Progress (1): 197/838 kB
2026.03.08 16:01:00 INFO  Progress (1): 205/838 kB
2026.03.08 16:01:00 INFO  Progress (1): 221/838 kB
2026.03.08 16:01:00 INFO  Progress (1): 229/838 kB
2026.03.08 16:01:00 INFO  Progress (1): 238/838 kB
2026.03.08 16:01:00 INFO  Progress (1): 254/838 kB
2026.03.08 16:01:00 INFO  Progress (1): 262/838 kB
2026.03.08 16:01:00 INFO  Progress (1): 279/838 kB
2026.03.08 16:01:00 INFO  Progress (1): 295/838 kB
2026.03.08 16:01:00 INFO  Progress (1): 311/838 kB
2026.03.08 16:01:00 INFO  Progress (1): 328/838 kB
2026.03.08 16:01:00 INFO  Progress (1): 344/838 kB
2026.03.08 16:01:00 INFO  Progress (1): 360/838 kB
2026.03.08 16:01:00 INFO  Progress (1): 377/838 kB
2026.03.08 16:01:00 INFO  Progress (1): 393/838 kB
2026.03.08 16:01:00 INFO  Progress (1): 410/838 kB
2026.03.08 16:01:00 INFO  Progress (1): 426/838 kB
2026.03.08 16:01:00 INFO  Progress (1): 442/838 kB
2026.03.08 16:01:00 INFO  Progress (1): 459/838 kB
2026.03.08 16:01:00 INFO  Progress (1): 475/838 kB
2026.03.08 16:01:00 INFO  Progress (1): 492/838 kB
2026.03.08 16:01:00 INFO  Progress (1): 508/838 kB
2026.03.08 16:01:00 INFO  Progress (1): 524/838 kB
2026.03.08 16:01:00 INFO  Progress (1): 541/838 kB
2026.03.08 16:01:00 INFO  Progress (1): 557/838 kB
2026.03.08 16:01:00 INFO  Progress (1): 573/838 kB
2026.03.08 16:01:00 INFO  Progress (1): 582/838 kB
2026.03.08 16:01:00 INFO  Progress (1): 598/838 kB
2026.03.08 16:01:00 INFO  Progress (1): 614/838 kB
2026.03.08 16:01:00 INFO  Progress (1): 631/838 kB
2026.03.08 16:01:00 INFO  Progress (1): 647/838 kB
2026.03.08 16:01:00 INFO  Progress (1): 655/838 kB
2026.03.08 16:01:00 INFO  Progress (1): 664/838 kB
2026.03.08 16:01:00 INFO  Progress (1): 680/838 kB
2026.03.08 16:01:00 INFO  Progress (1): 696/838 kB
2026.03.08 16:01:00 INFO  Progress (1): 713/838 kB
2026.03.08 16:01:00 INFO  Progress (1): 729/838 kB
2026.03.08 16:01:00 INFO  Progress (1): 745/838 kB
2026.03.08 16:01:00 INFO  Progress (1): 762/838 kB
2026.03.08 16:01:00 INFO  Progress (1): 778/838 kB
2026.03.08 16:01:00 INFO  Progress (1): 795/838 kB
2026.03.08 16:01:00 INFO  Progress (1): 811/838 kB
2026.03.08 16:01:00 INFO  Progress (1): 819/838 kB
2026.03.08 16:01:00 INFO  Progress (1): 836/838 kB
2026.03.08 16:01:00 INFO  Progress (1): 838 kB    
2026.03.08 16:01:00 INFO                      
2026.03.08 16:01:00 INFO  Downloaded from central: https://repo.maven.apache.org/maven2/org/apache/parquet/parquet-encoding/1.12.3/parquet-encoding-1.12.3-sources.jar (838 kB at 19 MB/s)
2026.03.08 16:01:00 INFO  [INFO] SUCCESS: org.apache.parquet:parquet-encoding:jar:1.12.3:compile (sources = true)
2026.03.08 16:01:00 INFO  [INFO] Resolving artifact: org.apache.parquet:parquet-format-structures:jar:1.12.3:compile (sources = false)
2026.03.08 16:01:00 INFO  [INFO] SUCCESS: org.apache.parquet:parquet-format-structures:jar:1.12.3:compile (sources = false)
2026.03.08 16:01:00 INFO  [INFO] Resolving artifact: org.apache.parquet:parquet-format-structures:jar:1.12.3:compile (sources = true)
2026.03.08 16:01:00 INFO  Downloading from central: https://repo.maven.apache.org/maven2/org/apache/parquet/parquet-format-structures/1.12.3/parquet-format-structures-1.12.3-sources.jar
2026.03.08 16:01:00 INFO  Progress (1): 7.7/233 kB
2026.03.08 16:01:00 INFO  Progress (1): 8.2/233 kB
2026.03.08 16:01:00 INFO  Progress (1): 25/233 kB 
2026.03.08 16:01:00 INFO  Progress (1): 41/233 kB
2026.03.08 16:01:00 INFO  Progress (1): 57/233 kB
2026.03.08 16:01:00 INFO  Progress (1): 74/233 kB
2026.03.08 16:01:00 INFO  Progress (1): 90/233 kB
2026.03.08 16:01:00 INFO  Progress (1): 106/233 kB
2026.03.08 16:01:00 INFO  Progress (1): 123/233 kB
2026.03.08 16:01:00 INFO  Progress (1): 131/233 kB
2026.03.08 16:01:00 INFO  Progress (1): 147/233 kB
2026.03.08 16:01:00 INFO  Progress (1): 156/233 kB
2026.03.08 16:01:00 INFO  Progress (1): 172/233 kB
2026.03.08 16:01:00 INFO  Progress (1): 180/233 kB
2026.03.08 16:01:00 INFO  Progress (1): 197/233 kB
2026.03.08 16:01:00 INFO  Progress (1): 213/233 kB
2026.03.08 16:01:00 INFO  Progress (1): 229/233 kB
2026.03.08 16:01:00 INFO  Progress (1): 233 kB    
2026.03.08 16:01:00 INFO                      
2026.03.08 16:01:00 INFO  Downloaded from central: https://repo.maven.apache.org/maven2/org/apache/parquet/parquet-format-structures/1.12.3/parquet-format-structures-1.12.3-sources.jar (233 kB at 7.3 MB/s)
2026.03.08 16:01:00 INFO  [INFO] SUCCESS: org.apache.parquet:parquet-format-structures:jar:1.12.3:compile (sources = true)
2026.03.08 16:01:00 INFO  [INFO] Resolving artifact: org.apache.parquet:parquet-common:jar:1.12.3:compile (sources = false)
2026.03.08 16:01:00 INFO  [INFO] SUCCESS: org.apache.parquet:parquet-common:jar:1.12.3:compile (sources = false)
2026.03.08 16:01:00 INFO  [INFO] Resolving artifact: org.apache.parquet:parquet-common:jar:1.12.3:compile (sources = true)
2026.03.08 16:01:00 INFO  Downloading from central: https://repo.maven.apache.org/maven2/org/apache/parquet/parquet-common/1.12.3/parquet-common-1.12.3-sources.jar
2026.03.08 16:01:00 INFO  Progress (1): 7.7/70 kB
2026.03.08 16:01:00 INFO  Progress (1): 8.2/70 kB
2026.03.08 16:01:00 INFO  Progress (1): 16/70 kB 
2026.03.08 16:01:00 INFO  Progress (1): 25/70 kB
2026.03.08 16:01:00 INFO  Progress (1): 33/70 kB
2026.03.08 16:01:00 INFO  Progress (1): 49/70 kB
2026.03.08 16:01:00 INFO  Progress (1): 66/70 kB
2026.03.08 16:01:00 INFO  Progress (1): 70 kB   
2026.03.08 16:01:00 INFO                     
2026.03.08 16:01:00 INFO  Downloaded from central: https://repo.maven.apache.org/maven2/org/apache/parquet/parquet-common/1.12.3/parquet-common-1.12.3-sources.jar (70 kB at 1.4 MB/s)
2026.03.08 16:01:00 INFO  [INFO] SUCCESS: org.apache.parquet:parquet-common:jar:1.12.3:compile (sources = true)
2026.03.08 16:01:00 INFO  [INFO] Resolving artifact: org.apache.parquet:parquet-jackson:jar:1.12.3:runtime (sources = false)
2026.03.08 16:01:00 INFO  Downloading from central: https://repo.maven.apache.org/maven2/org/apache/parquet/parquet-jackson/1.12.3/parquet-jackson-1.12.3.jar
2026.03.08 16:01:00 INFO  Progress (1): 0/2.0 MB
2026.03.08 16:01:00 INFO  Progress (1): 0/2.0 MB
2026.03.08 16:01:00 INFO  Progress (1): 0/2.0 MB
2026.03.08 16:01:00 INFO  Progress (1): 0/2.0 MB
2026.03.08 16:01:00 INFO  Progress (1): 0.1/2.0 MB
2026.03.08 16:01:00 INFO  Progress (1): 0.1/2.0 MB
2026.03.08 16:01:00 INFO  Progress (1): 0.1/2.0 MB
2026.03.08 16:01:00 INFO  Progress (1): 0.1/2.0 MB
2026.03.08 16:01:00 INFO  Progress (1): 0.1/2.0 MB
2026.03.08 16:01:00 INFO  Progress (1): 0.1/2.0 MB
2026.03.08 16:01:00 INFO  Progress (1): 0.1/2.0 MB
2026.03.08 16:01:00 INFO  Progress (1): 0.1/2.0 MB
2026.03.08 16:01:00 INFO  Progress (1): 0.2/2.0 MB
2026.03.08 16:01:00 INFO  Progress (1): 0.2/2.0 MB
2026.03.08 16:01:00 INFO  Progress (1): 0.2/2.0 MB
2026.03.08 16:01:00 INFO  Progress (1): 0.2/2.0 MB
2026.03.08 16:01:00 INFO  Progress (1): 0.2/2.0 MB
2026.03.08 16:01:00 INFO  Progress (1): 0.2/2.0 MB
2026.03.08 16:01:00 INFO  Progress (1): 0.3/2.0 MB
2026.03.08 16:01:00 INFO  Progress (1): 0.3/2.0 MB
2026.03.08 16:01:00 INFO  Progress (1): 0.3/2.0 MB
2026.03.08 16:01:00 INFO  Progress (1): 0.3/2.0 MB
2026.03.08 16:01:00 INFO  Progress (1): 0.3/2.0 MB
2026.03.08 16:01:00 INFO  Progress (1): 0.3/2.0 MB
2026.03.08 16:01:00 INFO  Progress (1): 0.3/2.0 MB
2026.03.08 16:01:00 INFO  Progress (1): 0.3/2.0 MB
2026.03.08 16:01:00 INFO  Progress (1): 0.4/2.0 MB
2026.03.08 16:01:00 INFO  Progress (1): 0.4/2.0 MB
2026.03.08 16:01:00 INFO  Progress (1): 0.4/2.0 MB
2026.03.08 16:01:00 INFO  Progress (1): 0.4/2.0 MB
2026.03.08 16:01:00 INFO  Progress (1): 0.4/2.0 MB
2026.03.08 16:01:00 INFO  Progress (1): 0.4/2.0 MB
2026.03.08 16:01:00 INFO  Progress (1): 0.4/2.0 MB
2026.03.08 16:01:00 INFO  Progress (1): 0.5/2.0 MB
2026.03.08 16:01:00 INFO  Progress (1): 0.5/2.0 MB
2026.03.08 16:01:00 INFO  Progress (1): 0.5/2.0 MB
2026.03.08 16:01:00 INFO  Progress (1): 0.5/2.0 MB
2026.03.08 16:01:00 INFO  Progress (1): 0.5/2.0 MB
2026.03.08 16:01:00 INFO  Progress (1): 0.5/2.0 MB
2026.03.08 16:01:00 INFO  Progress (1): 0.5/2.0 MB
2026.03.08 16:01:00 INFO  Progress (1): 0.6/2.0 MB
2026.03.08 16:01:00 INFO  Progress (1): 0.6/2.0 MB
2026.03.08 16:01:00 INFO  Progress (1): 0.6/2.0 MB
2026.03.08 16:01:00 INFO  Progress (1): 0.6/2.0 MB
2026.03.08 16:01:00 INFO  Progress (1): 0.6/2.0 MB
2026.03.08 16:01:00 INFO  Progress (1): 0.6/2.0 MB
2026.03.08 16:01:00 INFO  Progress (1): 0.6/2.0 MB
2026.03.08 16:01:00 INFO  Progress (1): 0.7/2.0 MB
2026.03.08 16:01:00 INFO  Progress (1): 0.7/2.0 MB
2026.03.08 16:01:00 INFO  Progress (1): 0.7/2.0 MB
2026.03.08 16:01:00 INFO  Progress (1): 0.7/2.0 MB
2026.03.08 16:01:00 INFO  Progress (1): 0.7/2.0 MB
2026.03.08 16:01:00 INFO  Progress (1): 0.7/2.0 MB
2026.03.08 16:01:00 INFO  Progress (1): 0.7/2.0 MB
2026.03.08 16:01:00 INFO  Progress (1): 0.8/2.0 MB
2026.03.08 16:01:00 INFO  Progress (1): 0.8/2.0 MB
2026.03.08 16:01:00 INFO  Progress (1): 0.8/2.0 MB
2026.03.08 16:01:00 INFO  Progress (1): 0.8/2.0 MB
2026.03.08 16:01:00 INFO  Progress (1): 0.8/2.0 MB
2026.03.08 16:01:00 INFO  Progress (1): 0.8/2.0 MB
2026.03.08 16:01:00 INFO  Progress (1): 0.8/2.0 MB
2026.03.08 16:01:00 INFO  Progress (1): 0.8/2.0 MB
2026.03.08 16:01:00 INFO  Progress (1): 0.9/2.0 MB
2026.03.08 16:01:00 INFO  Progress (1): 0.9/2.0 MB
2026.03.08 16:01:00 INFO  Progress (1): 0.9/2.0 MB
2026.03.08 16:01:00 INFO  Progress (1): 0.9/2.0 MB
2026.03.08 16:01:00 INFO  Progress (1): 0.9/2.0 MB
2026.03.08 16:01:00 INFO  Progress (1): 0.9/2.0 MB
2026.03.08 16:01:00 INFO  Progress (1): 0.9/2.0 MB
2026.03.08 16:01:00 INFO  Progress (1): 1.0/2.0 MB
2026.03.08 16:01:00 INFO  Progress (1): 1.0/2.0 MB
2026.03.08 16:01:00 INFO  Progress (1): 1.0/2.0 MB
2026.03.08 16:01:00 INFO  Progress (1): 1.0/2.0 MB
2026.03.08 16:01:00 INFO  Progress (1): 1.0/2.0 MB
2026.03.08 16:01:00 INFO  Progress (1): 1.0/2.0 MB
2026.03.08 16:01:00 INFO  Progress (1): 1.0/2.0 MB
2026.03.08 16:01:00 INFO  Progress (1): 1.1/2.0 MB
2026.03.08 16:01:00 INFO  Progress (1): 1.1/2.0 MB
2026.03.08 16:01:00 INFO  Progress (1): 1.1/2.0 MB
2026.03.08 16:01:00 INFO  Progress (1): 1.1/2.0 MB
2026.03.08 16:01:00 INFO  Progress (1): 1.1/2.0 MB
2026.03.08 16:01:00 INFO  Progress (1): 1.1/2.0 MB
2026.03.08 16:01:00 INFO  Progress (1): 1.2/2.0 MB
2026.03.08 16:01:00 INFO  Progress (1): 1.2/2.0 MB
2026.03.08 16:01:00 INFO  Progress (1): 1.2/2.0 MB
2026.03.08 16:01:00 INFO  Progress (1): 1.2/2.0 MB
2026.03.08 16:01:00 INFO  Progress (1): 1.2/2.0 MB
2026.03.08 16:01:00 INFO  Progress (1): 1.2/2.0 MB
2026.03.08 16:01:00 INFO  Progress (1): 1.3/2.0 MB
2026.03.08 16:01:00 INFO  Progress (1): 1.3/2.0 MB
2026.03.08 16:01:00 INFO  Progress (1): 1.3/2.0 MB
2026.03.08 16:01:00 INFO  Progress (1): 1.3/2.0 MB
2026.03.08 16:01:00 INFO  Progress (1): 1.3/2.0 MB
2026.03.08 16:01:00 INFO  Progress (1): 1.3/2.0 MB
2026.03.08 16:01:00 INFO  Progress (1): 1.4/2.0 MB
2026.03.08 16:01:00 INFO  Progress (1): 1.4/2.0 MB
2026.03.08 16:01:00 INFO  Progress (1): 1.4/2.0 MB
2026.03.08 16:01:00 INFO  Progress (1): 1.4/2.0 MB
2026.03.08 16:01:00 INFO  Progress (1): 1.4/2.0 MB
2026.03.08 16:01:00 INFO  Progress (1): 1.4/2.0 MB
2026.03.08 16:01:00 INFO  Progress (1): 1.4/2.0 MB
2026.03.08 16:01:00 INFO  Progress (1): 1.5/2.0 MB
2026.03.08 16:01:00 INFO  Progress (1): 1.5/2.0 MB
2026.03.08 16:01:00 INFO  Progress (1): 1.5/2.0 MB
2026.03.08 16:01:00 INFO  Progress (1): 1.5/2.0 MB
2026.03.08 16:01:00 INFO  Progress (1): 1.5/2.0 MB
2026.03.08 16:01:00 INFO  Progress (1): 1.5/2.0 MB
2026.03.08 16:01:00 INFO  Progress (1): 1.5/2.0 MB
2026.03.08 16:01:00 INFO  Progress (1): 1.5/2.0 MB
2026.03.08 16:01:00 INFO  Progress (1): 1.6/2.0 MB
2026.03.08 16:01:00 INFO  Progress (1): 1.6/2.0 MB
2026.03.08 16:01:00 INFO  Progress (1): 1.6/2.0 MB
2026.03.08 16:01:00 INFO  Progress (1): 1.6/2.0 MB
2026.03.08 16:01:00 INFO  Progress (1): 1.6/2.0 MB
2026.03.08 16:01:00 INFO  Progress (1): 1.6/2.0 MB
2026.03.08 16:01:00 INFO  Progress (1): 1.7/2.0 MB
2026.03.08 16:01:00 INFO  Progress (1): 1.7/2.0 MB
2026.03.08 16:01:00 INFO  Progress (1): 1.7/2.0 MB
2026.03.08 16:01:00 INFO  Progress (1): 1.7/2.0 MB
2026.03.08 16:01:00 INFO  Progress (1): 1.7/2.0 MB
2026.03.08 16:01:00 INFO  Progress (1): 1.7/2.0 MB
2026.03.08 16:01:00 INFO  Progress (1): 1.8/2.0 MB
2026.03.08 16:01:00 INFO  Progress (1): 1.8/2.0 MB
2026.03.08 16:01:00 INFO  Progress (1): 1.8/2.0 MB
2026.03.08 16:01:00 INFO  Progress (1): 1.8/2.0 MB
2026.03.08 16:01:00 INFO  Progress (1): 1.8/2.0 MB
2026.03.08 16:01:00 INFO  Progress (1): 1.8/2.0 MB
2026.03.08 16:01:00 INFO  Progress (1): 1.8/2.0 MB
2026.03.08 16:01:00 INFO  Progress (1): 1.9/2.0 MB
2026.03.08 16:01:00 INFO  Progress (1): 1.9/2.0 MB
2026.03.08 16:01:00 INFO  Progress (1): 1.9/2.0 MB
2026.03.08 16:01:00 INFO  Progress (1): 1.9/2.0 MB
2026.03.08 16:01:00 INFO  Progress (1): 1.9/2.0 MB
2026.03.08 16:01:00 INFO  Progress (1): 1.9/2.0 MB
2026.03.08 16:01:00 INFO  Progress (1): 1.9/2.0 MB
2026.03.08 16:01:00 INFO  Progress (1): 1.9/2.0 MB
2026.03.08 16:01:00 INFO  Progress (1): 2.0/2.0 MB
2026.03.08 16:01:00 INFO  Progress (1): 2.0/2.0 MB
2026.03.08 16:01:00 INFO  Progress (1): 2.0/2.0 MB
2026.03.08 16:01:00 INFO  Progress (1): 2.0/2.0 MB
2026.03.08 16:01:00 INFO  Progress (1): 2.0 MB    
2026.03.08 16:01:00 INFO                      
2026.03.08 16:01:00 INFO  Downloaded from central: https://repo.maven.apache.org/maven2/org/apache/parquet/parquet-jackson/1.12.3/parquet-jackson-1.12.3.jar (2.0 MB at 38 MB/s)
2026.03.08 16:01:00 INFO  [INFO] SUCCESS: org.apache.parquet:parquet-jackson:jar:1.12.3:runtime (sources = false)
2026.03.08 16:01:00 INFO  [INFO] Resolving artifact: org.apache.parquet:parquet-jackson:jar:1.12.3:runtime (sources = true)
2026.03.08 16:01:00 INFO  Downloading from central: https://repo.maven.apache.org/maven2/org/apache/parquet/parquet-jackson/1.12.3/parquet-jackson-1.12.3-sources.jar
2026.03.08 16:01:00 INFO  Progress (1): 6.3 kB
2026.03.08 16:01:00 INFO                      
2026.03.08 16:01:00 INFO  Downloaded from central: https://repo.maven.apache.org/maven2/org/apache/parquet/parquet-jackson/1.12.3/parquet-jackson-1.12.3-sources.jar (6.3 kB at 251 kB/s)
2026.03.08 16:01:00 INFO  [INFO] SUCCESS: org.apache.parquet:parquet-jackson:jar:1.12.3:runtime (sources = true)
2026.03.08 16:01:00 INFO  [INFO] Resolving artifact: commons-pool:commons-pool:jar:1.6:compile (sources = false)
2026.03.08 16:01:00 INFO  [INFO] SUCCESS: commons-pool:commons-pool:jar:1.6:compile (sources = false)
2026.03.08 16:01:00 INFO  [INFO] Resolving artifact: commons-pool:commons-pool:jar:1.6:compile (sources = true)
2026.03.08 16:01:00 INFO  Downloading from central: https://repo.maven.apache.org/maven2/commons-pool/commons-pool/1.6/commons-pool-1.6-sources.jar
2026.03.08 16:01:00 INFO  Progress (1): 7.7/108 kB
2026.03.08 16:01:00 INFO  Progress (1): 8.2/108 kB
2026.03.08 16:01:00 INFO  Progress (1): 25/108 kB 
2026.03.08 16:01:00 INFO  Progress (1): 41/108 kB
2026.03.08 16:01:00 INFO  Progress (1): 57/108 kB
2026.03.08 16:01:00 INFO  Progress (1): 66/108 kB
2026.03.08 16:01:00 INFO  Progress (1): 82/108 kB
2026.03.08 16:01:00 INFO  Progress (1): 98/108 kB
2026.03.08 16:01:00 INFO  Progress (1): 106/108 kB
2026.03.08 16:01:00 INFO  Progress (1): 108 kB    
2026.03.08 16:01:00 INFO                      
2026.03.08 16:01:00 INFO  Downloaded from central: https://repo.maven.apache.org/maven2/commons-pool/commons-pool/1.6/commons-pool-1.6-sources.jar (108 kB at 3.4 MB/s)
2026.03.08 16:01:00 INFO  [INFO] SUCCESS: commons-pool:commons-pool:jar:1.6:compile (sources = true)
2026.03.08 16:01:00 INFO  [INFO] Resolving artifact: com.github.luben:zstd-jni:jar:1.5.0-1:compile (sources = false)
2026.03.08 16:01:00 INFO  [INFO] SUCCESS: com.github.luben:zstd-jni:jar:1.5.0-1:compile (sources = false)
2026.03.08 16:01:00 INFO  [INFO] Resolving artifact: com.github.luben:zstd-jni:jar:1.5.0-1:compile (sources = true)
2026.03.08 16:01:00 INFO  Downloading from central: https://repo.maven.apache.org/maven2/com/github/luben/zstd-jni/1.5.0-1/zstd-jni-1.5.0-1-sources.jar
2026.03.08 16:01:00 INFO  Progress (1): 7.7/28 kB
2026.03.08 16:01:00 INFO  Progress (1): 8.2/28 kB
2026.03.08 16:01:00 INFO  Progress (1): 25/28 kB 
2026.03.08 16:01:00 INFO  Progress (1): 28 kB   
2026.03.08 16:01:00 INFO                     
2026.03.08 16:01:00 INFO  Downloaded from central: https://repo.maven.apache.org/maven2/com/github/luben/zstd-jni/1.5.0-1/zstd-jni-1.5.0-1-sources.jar (28 kB at 993 kB/s)
2026.03.08 16:01:00 INFO  [INFO] SUCCESS: com.github.luben:zstd-jni:jar:1.5.0-1:compile (sources = true)
2026.03.08 16:01:00 INFO  [INFO] Resolving artifact: org.apache.yetus:audience-annotations:jar:0.13.0:compile (sources = false)
2026.03.08 16:01:00 INFO  [INFO] SUCCESS: org.apache.yetus:audience-annotations:jar:0.13.0:compile (sources = false)
2026.03.08 16:01:00 INFO  [INFO] Resolving artifact: org.apache.yetus:audience-annotations:jar:0.13.0:compile (sources = true)
2026.03.08 16:01:00 INFO  Downloading from central: https://repo.maven.apache.org/maven2/org/apache/yetus/audience-annotations/0.13.0/audience-annotations-0.13.0-sources.jar
2026.03.08 16:01:00 INFO  Progress (1): 7.7/18 kB
2026.03.08 16:01:00 INFO  Progress (1): 8.2/18 kB
2026.03.08 16:01:00 INFO  Progress (1): 18 kB    
2026.03.08 16:01:00 INFO                     
2026.03.08 16:01:00 INFO  Downloaded from central: https://repo.maven.apache.org/maven2/org/apache/yetus/audience-annotations/0.13.0/audience-annotations-0.13.0-sources.jar (18 kB at 557 kB/s)
2026.03.08 16:01:00 INFO  [INFO] SUCCESS: org.apache.yetus:audience-annotations:jar:0.13.0:compile (sources = true)
2026.03.08 16:01:00 INFO  [INFO] Resolving artifact: org.apache.iceberg:iceberg-api:jar:1.7.0:compile (sources = false)
2026.03.08 16:01:00 INFO  [INFO] SUCCESS: org.apache.iceberg:iceberg-api:jar:1.7.0:compile (sources = false)
2026.03.08 16:01:00 INFO  [INFO] Resolving artifact: org.apache.iceberg:iceberg-api:jar:1.7.0:compile (sources = true)
2026.03.08 16:01:00 INFO  Downloading from central: https://repo.maven.apache.org/maven2/org/apache/iceberg/iceberg-api/1.7.0/iceberg-api-1.7.0-sources.jar
2026.03.08 16:01:00 INFO  Progress (1): 8.2/411 kB
2026.03.08 16:01:00 INFO  Progress (1): 16/411 kB 
2026.03.08 16:01:00 INFO  Progress (1): 25/411 kB
2026.03.08 16:01:00 INFO  Progress (1): 33/411 kB
2026.03.08 16:01:00 INFO  Progress (1): 49/411 kB
2026.03.08 16:01:00 INFO  Progress (1): 66/411 kB
2026.03.08 16:01:00 INFO  Progress (1): 82/411 kB
2026.03.08 16:01:00 INFO  Progress (1): 90/411 kB
2026.03.08 16:01:00 INFO  Progress (1): 98/411 kB
2026.03.08 16:01:00 INFO  Progress (1): 115/411 kB
2026.03.08 16:01:00 INFO  Progress (1): 131/411 kB
2026.03.08 16:01:00 INFO  Progress (1): 147/411 kB
2026.03.08 16:01:00 INFO  Progress (1): 164/411 kB
2026.03.08 16:01:00 INFO  Progress (1): 172/411 kB
2026.03.08 16:01:00 INFO  Progress (1): 188/411 kB
2026.03.08 16:01:00 INFO  Progress (1): 205/411 kB
2026.03.08 16:01:00 INFO  Progress (1): 221/411 kB
2026.03.08 16:01:00 INFO  Progress (1): 229/411 kB
2026.03.08 16:01:00 INFO  Progress (1): 246/411 kB
2026.03.08 16:01:00 INFO  Progress (1): 262/411 kB
2026.03.08 16:01:00 INFO  Progress (1): 279/411 kB
2026.03.08 16:01:00 INFO  Progress (1): 282/411 kB
2026.03.08 16:01:00 INFO  Progress (1): 299/411 kB
2026.03.08 16:01:00 INFO  Progress (1): 311/411 kB
2026.03.08 16:01:00 INFO  Progress (1): 328/411 kB
2026.03.08 16:01:00 INFO  Progress (1): 344/411 kB
2026.03.08 16:01:00 INFO  Progress (1): 360/411 kB
2026.03.08 16:01:00 INFO  Progress (1): 377/411 kB
2026.03.08 16:01:00 INFO  Progress (1): 393/411 kB
2026.03.08 16:01:00 INFO  Progress (1): 410/411 kB
2026.03.08 16:01:00 INFO  Progress (1): 411 kB    
2026.03.08 16:01:00 INFO                      
2026.03.08 16:01:00 INFO  Downloaded from central: https://repo.maven.apache.org/maven2/org/apache/iceberg/iceberg-api/1.7.0/iceberg-api-1.7.0-sources.jar (411 kB at 7.2 MB/s)
2026.03.08 16:01:00 INFO  [INFO] SUCCESS: org.apache.iceberg:iceberg-api:jar:1.7.0:compile (sources = true)
2026.03.08 16:01:00 INFO  [INFO] Resolving artifact: org.apache.iceberg:iceberg-bundled-guava:jar:1.7.0:runtime (sources = false)
2026.03.08 16:01:00 INFO  Downloading from central: https://repo.maven.apache.org/maven2/org/apache/iceberg/iceberg-bundled-guava/1.7.0/iceberg-bundled-guava-1.7.0.jar
2026.03.08 16:01:00 INFO  Progress (1): 0/1.8 MB
2026.03.08 16:01:00 INFO  Progress (1): 0/1.8 MB
2026.03.08 16:01:00 INFO  Progress (1): 0/1.8 MB
2026.03.08 16:01:00 INFO  Progress (1): 0/1.8 MB
2026.03.08 16:01:00 INFO  Progress (1): 0.1/1.8 MB
2026.03.08 16:01:00 INFO  Progress (1): 0.1/1.8 MB
2026.03.08 16:01:00 INFO  Progress (1): 0.1/1.8 MB
2026.03.08 16:01:00 INFO  Progress (1): 0.1/1.8 MB
2026.03.08 16:01:00 INFO  Progress (1): 0.1/1.8 MB
2026.03.08 16:01:00 INFO  Progress (1): 0.1/1.8 MB
2026.03.08 16:01:00 INFO  Progress (1): 0.1/1.8 MB
2026.03.08 16:01:00 INFO  Progress (1): 0.1/1.8 MB
2026.03.08 16:01:00 INFO  Progress (1): 0.1/1.8 MB
2026.03.08 16:01:00 INFO  Progress (1): 0.2/1.8 MB
2026.03.08 16:01:00 INFO  Progress (1): 0.2/1.8 MB
2026.03.08 16:01:00 INFO  Progress (1): 0.2/1.8 MB
2026.03.08 16:01:00 INFO  Progress (1): 0.2/1.8 MB
2026.03.08 16:01:00 INFO  Progress (1): 0.2/1.8 MB
2026.03.08 16:01:00 INFO  Progress (1): 0.2/1.8 MB
2026.03.08 16:01:00 INFO  Progress (1): 0.2/1.8 MB
2026.03.08 16:01:00 INFO  Progress (1): 0.2/1.8 MB
2026.03.08 16:01:00 INFO  Progress (1): 0.2/1.8 MB
2026.03.08 16:01:00 INFO  Progress (1): 0.2/1.8 MB
2026.03.08 16:01:00 INFO  Progress (1): 0.3/1.8 MB
2026.03.08 16:01:00 INFO  Progress (1): 0.3/1.8 MB
2026.03.08 16:01:00 INFO  Progress (1): 0.3/1.8 MB
2026.03.08 16:01:00 INFO  Progress (1): 0.3/1.8 MB
2026.03.08 16:01:00 INFO  Progress (1): 0.3/1.8 MB
2026.03.08 16:01:00 INFO  Progress (1): 0.3/1.8 MB
2026.03.08 16:01:00 INFO  Progress (1): 0.3/1.8 MB
2026.03.08 16:01:00 INFO  Progress (1): 0.3/1.8 MB
2026.03.08 16:01:00 INFO  Progress (1): 0.3/1.8 MB
2026.03.08 16:01:00 INFO  Progress (1): 0.4/1.8 MB
2026.03.08 16:01:00 INFO  Progress (1): 0.4/1.8 MB
2026.03.08 16:01:00 INFO  Progress (1): 0.4/1.8 MB
2026.03.08 16:01:00 INFO  Progress (1): 0.4/1.8 MB
2026.03.08 16:01:00 INFO  Progress (1): 0.4/1.8 MB
2026.03.08 16:01:00 INFO  Progress (1): 0.4/1.8 MB
2026.03.08 16:01:00 INFO  Progress (1): 0.4/1.8 MB
2026.03.08 16:01:00 INFO  Progress (1): 0.4/1.8 MB
2026.03.08 16:01:00 INFO  Progress (1): 0.5/1.8 MB
2026.03.08 16:01:00 INFO  Progress (1): 0.5/1.8 MB
2026.03.08 16:01:00 INFO  Progress (1): 0.5/1.8 MB
2026.03.08 16:01:00 INFO  Progress (1): 0.5/1.8 MB
2026.03.08 16:01:00 INFO  Progress (1): 0.5/1.8 MB
2026.03.08 16:01:00 INFO  Progress (1): 0.5/1.8 MB
2026.03.08 16:01:00 INFO  Progress (1): 0.5/1.8 MB
2026.03.08 16:01:00 INFO  Progress (1): 0.6/1.8 MB
2026.03.08 16:01:00 INFO  Progress (1): 0.6/1.8 MB
2026.03.08 16:01:00 INFO  Progress (1): 0.6/1.8 MB
2026.03.08 16:01:00 INFO  Progress (1): 0.6/1.8 MB
2026.03.08 16:01:00 INFO  Progress (1): 0.6/1.8 MB
2026.03.08 16:01:00 INFO  Progress (1): 0.6/1.8 MB
2026.03.08 16:01:00 INFO  Progress (1): 0.7/1.8 MB
2026.03.08 16:01:00 INFO  Progress (1): 0.7/1.8 MB
2026.03.08 16:01:00 INFO  Progress (1): 0.7/1.8 MB
2026.03.08 16:01:00 INFO  Progress (1): 0.7/1.8 MB
2026.03.08 16:01:00 INFO  Progress (1): 0.7/1.8 MB
2026.03.08 16:01:00 INFO  Progress (1): 0.7/1.8 MB
2026.03.08 16:01:00 INFO  Progress (1): 0.7/1.8 MB
2026.03.08 16:01:00 INFO  Progress (1): 0.7/1.8 MB
2026.03.08 16:01:00 INFO  Progress (1): 0.7/1.8 MB
2026.03.08 16:01:00 INFO  Progress (1): 0.8/1.8 MB
2026.03.08 16:01:00 INFO  Progress (1): 0.8/1.8 MB
2026.03.08 16:01:00 INFO  Progress (1): 0.8/1.8 MB
2026.03.08 16:01:00 INFO  Progress (1): 0.8/1.8 MB
2026.03.08 16:01:00 INFO  Progress (1): 0.8/1.8 MB
2026.03.08 16:01:00 INFO  Progress (1): 0.8/1.8 MB
2026.03.08 16:01:00 INFO  Progress (1): 0.8/1.8 MB
2026.03.08 16:01:00 INFO  Progress (1): 0.9/1.8 MB
2026.03.08 16:01:00 INFO  Progress (1): 0.9/1.8 MB
2026.03.08 16:01:00 INFO  Progress (1): 0.9/1.8 MB
2026.03.08 16:01:00 INFO  Progress (1): 0.9/1.8 MB
2026.03.08 16:01:00 INFO  Progress (1): 0.9/1.8 MB
2026.03.08 16:01:00 INFO  Progress (1): 0.9/1.8 MB
2026.03.08 16:01:00 INFO  Progress (1): 0.9/1.8 MB
2026.03.08 16:01:00 INFO  Progress (1): 0.9/1.8 MB
2026.03.08 16:01:00 INFO  Progress (1): 1.0/1.8 MB
2026.03.08 16:01:00 INFO  Progress (1): 1.0/1.8 MB
2026.03.08 16:01:00 INFO  Progress (1): 1.0/1.8 MB
2026.03.08 16:01:00 INFO  Progress (1): 1.0/1.8 MB
2026.03.08 16:01:00 INFO  Progress (1): 1.0/1.8 MB
2026.03.08 16:01:00 INFO  Progress (1): 1.0/1.8 MB
2026.03.08 16:01:00 INFO  Progress (1): 1.0/1.8 MB
2026.03.08 16:01:00 INFO  Progress (1): 1.1/1.8 MB
2026.03.08 16:01:00 INFO  Progress (1): 1.1/1.8 MB
2026.03.08 16:01:00 INFO  Progress (1): 1.1/1.8 MB
2026.03.08 16:01:00 INFO  Progress (1): 1.1/1.8 MB
2026.03.08 16:01:00 INFO  Progress (1): 1.1/1.8 MB
2026.03.08 16:01:00 INFO  Progress (1): 1.1/1.8 MB
2026.03.08 16:01:00 INFO  Progress (1): 1.2/1.8 MB
2026.03.08 16:01:00 INFO  Progress (1): 1.2/1.8 MB
2026.03.08 16:01:00 INFO  Progress (1): 1.2/1.8 MB
2026.03.08 16:01:00 INFO  Progress (1): 1.2/1.8 MB
2026.03.08 16:01:00 INFO  Progress (1): 1.2/1.8 MB
2026.03.08 16:01:00 INFO  Progress (1): 1.2/1.8 MB
2026.03.08 16:01:00 INFO  Progress (1): 1.2/1.8 MB
2026.03.08 16:01:00 INFO  Progress (1): 1.2/1.8 MB
2026.03.08 16:01:00 INFO  Progress (1): 1.3/1.8 MB
2026.03.08 16:01:00 INFO  Progress (1): 1.3/1.8 MB
2026.03.08 16:01:00 INFO  Progress (1): 1.3/1.8 MB
2026.03.08 16:01:00 INFO  Progress (1): 1.3/1.8 MB
2026.03.08 16:01:00 INFO  Progress (1): 1.3/1.8 MB
2026.03.08 16:01:00 INFO  Progress (1): 1.3/1.8 MB
2026.03.08 16:01:00 INFO  Progress (1): 1.3/1.8 MB
2026.03.08 16:01:00 INFO  Progress (1): 1.4/1.8 MB
2026.03.08 16:01:00 INFO  Progress (1): 1.4/1.8 MB
2026.03.08 16:01:00 INFO  Progress (1): 1.4/1.8 MB
2026.03.08 16:01:00 INFO  Progress (1): 1.4/1.8 MB
2026.03.08 16:01:00 INFO  Progress (1): 1.4/1.8 MB
2026.03.08 16:01:00 INFO  Progress (1): 1.4/1.8 MB
2026.03.08 16:01:00 INFO  Progress (1): 1.5/1.8 MB
2026.03.08 16:01:00 INFO  Progress (1): 1.5/1.8 MB
2026.03.08 16:01:00 INFO  Progress (1): 1.5/1.8 MB
2026.03.08 16:01:00 INFO  Progress (1): 1.5/1.8 MB
2026.03.08 16:01:00 INFO  Progress (1): 1.5/1.8 MB
2026.03.08 16:01:00 INFO  Progress (1): 1.5/1.8 MB
2026.03.08 16:01:00 INFO  Progress (1): 1.5/1.8 MB
2026.03.08 16:01:00 INFO  Progress (1): 1.5/1.8 MB
2026.03.08 16:01:00 INFO  Progress (1): 1.6/1.8 MB
2026.03.08 16:01:00 INFO  Progress (1): 1.6/1.8 MB
2026.03.08 16:01:00 INFO  Progress (1): 1.6/1.8 MB
2026.03.08 16:01:00 INFO  Progress (1): 1.6/1.8 MB
2026.03.08 16:01:00 INFO  Progress (1): 1.6/1.8 MB
2026.03.08 16:01:00 INFO  Progress (1): 1.6/1.8 MB
2026.03.08 16:01:00 INFO  Progress (1): 1.6/1.8 MB
2026.03.08 16:01:00 INFO  Progress (1): 1.7/1.8 MB
2026.03.08 16:01:00 INFO  Progress (1): 1.7/1.8 MB
2026.03.08 16:01:00 INFO  Progress (1): 1.7/1.8 MB
2026.03.08 16:01:00 INFO  Progress (1): 1.7/1.8 MB
2026.03.08 16:01:00 INFO  Progress (1): 1.7/1.8 MB
2026.03.08 16:01:00 INFO  Progress (1): 1.7/1.8 MB
2026.03.08 16:01:00 INFO  Progress (1): 1.8/1.8 MB
2026.03.08 16:01:00 INFO  Progress (1): 1.8/1.8 MB
2026.03.08 16:01:00 INFO  Progress (1): 1.8/1.8 MB
2026.03.08 16:01:00 INFO  Progress (1): 1.8/1.8 MB
2026.03.08 16:01:00 INFO  Progress (1): 1.8 MB    
2026.03.08 16:01:00 INFO                      
2026.03.08 16:01:00 INFO  Downloaded from central: https://repo.maven.apache.org/maven2/org/apache/iceberg/iceberg-bundled-guava/1.7.0/iceberg-bundled-guava-1.7.0.jar (1.8 MB at 11 MB/s)
2026.03.08 16:01:00 INFO  [INFO] SUCCESS: org.apache.iceberg:iceberg-bundled-guava:jar:1.7.0:runtime (sources = false)
2026.03.08 16:01:00 INFO  [INFO] Resolving artifact: org.apache.iceberg:iceberg-bundled-guava:jar:1.7.0:runtime (sources = true)
2026.03.08 16:01:00 INFO  Downloading from central: https://repo.maven.apache.org/maven2/org/apache/iceberg/iceberg-bundled-guava/1.7.0/iceberg-bundled-guava-1.7.0-sources.jar
2026.03.08 16:01:00 INFO  Progress (1): 7.7/7.8 kB
2026.03.08 16:01:00 INFO  Progress (1): 7.8 kB    
2026.03.08 16:01:00 INFO                      
2026.03.08 16:01:00 INFO  Downloaded from central: https://repo.maven.apache.org/maven2/org/apache/iceberg/iceberg-bundled-guava/1.7.0/iceberg-bundled-guava-1.7.0-sources.jar (7.8 kB at 200 kB/s)
2026.03.08 16:01:00 INFO  [INFO] SUCCESS: org.apache.iceberg:iceberg-bundled-guava:jar:1.7.0:runtime (sources = true)
2026.03.08 16:01:00 INFO  [INFO] Resolving artifact: org.apache.iceberg:iceberg-core:jar:1.7.0:compile (sources = false)
2026.03.08 16:01:00 INFO  [INFO] SUCCESS: org.apache.iceberg:iceberg-core:jar:1.7.0:compile (sources = false)
2026.03.08 16:01:00 INFO  [INFO] Resolving artifact: org.apache.iceberg:iceberg-core:jar:1.7.0:compile (sources = true)
2026.03.08 16:01:00 INFO  Downloading from central: https://repo.maven.apache.org/maven2/org/apache/iceberg/iceberg-core/1.7.0/iceberg-core-1.7.0-sources.jar
2026.03.08 16:01:00 INFO  Progress (1): 7.7/936 kB
2026.03.08 16:01:00 INFO  Progress (1): 8.2/936 kB
2026.03.08 16:01:00 INFO  Progress (1): 25/936 kB 
2026.03.08 16:01:00 INFO  Progress (1): 41/936 kB
2026.03.08 16:01:00 INFO  Progress (1): 49/936 kB
2026.03.08 16:01:00 INFO  Progress (1): 66/936 kB
2026.03.08 16:01:00 INFO  Progress (1): 82/936 kB
2026.03.08 16:01:00 INFO  Progress (1): 98/936 kB
2026.03.08 16:01:00 INFO  Progress (1): 115/936 kB
2026.03.08 16:01:00 INFO  Progress (1): 131/936 kB
2026.03.08 16:01:00 INFO  Progress (1): 147/936 kB
2026.03.08 16:01:00 INFO  Progress (1): 164/936 kB
2026.03.08 16:01:00 INFO  Progress (1): 180/936 kB
2026.03.08 16:01:00 INFO  Progress (1): 188/936 kB
2026.03.08 16:01:00 INFO  Progress (1): 205/936 kB
2026.03.08 16:01:00 INFO  Progress (1): 221/936 kB
2026.03.08 16:01:00 INFO  Progress (1): 238/936 kB
2026.03.08 16:01:00 INFO  Progress (1): 254/936 kB
2026.03.08 16:01:00 INFO  Progress (1): 270/936 kB
2026.03.08 16:01:00 INFO  Progress (1): 287/936 kB
2026.03.08 16:01:00 INFO  Progress (1): 303/936 kB
2026.03.08 16:01:00 INFO  Progress (1): 319/936 kB
2026.03.08 16:01:00 INFO  Progress (1): 336/936 kB
2026.03.08 16:01:00 INFO  Progress (1): 352/936 kB
2026.03.08 16:01:00 INFO  Progress (1): 369/936 kB
2026.03.08 16:01:00 INFO  Progress (1): 377/936 kB
2026.03.08 16:01:00 INFO  Progress (1): 385/936 kB
2026.03.08 16:01:00 INFO  Progress (1): 401/936 kB
2026.03.08 16:01:00 INFO  Progress (1): 418/936 kB
2026.03.08 16:01:00 INFO  Progress (1): 426/936 kB
2026.03.08 16:01:00 INFO  Progress (1): 434/936 kB
2026.03.08 16:01:00 INFO  Progress (1): 451/936 kB
2026.03.08 16:01:00 INFO  Progress (1): 467/936 kB
2026.03.08 16:01:00 INFO  Progress (1): 475/936 kB
2026.03.08 16:01:00 INFO  Progress (1): 492/936 kB
2026.03.08 16:01:00 INFO  Progress (1): 508/936 kB
2026.03.08 16:01:00 INFO  Progress (1): 524/936 kB
2026.03.08 16:01:00 INFO  Progress (1): 532/936 kB
2026.03.08 16:01:00 INFO  Progress (1): 549/936 kB
2026.03.08 16:01:00 INFO  Progress (1): 565/936 kB
2026.03.08 16:01:00 INFO  Progress (1): 582/936 kB
2026.03.08 16:01:00 INFO  Progress (1): 598/936 kB
2026.03.08 16:01:00 INFO  Progress (1): 606/936 kB
2026.03.08 16:01:00 INFO  Progress (1): 614/936 kB
2026.03.08 16:01:00 INFO  Progress (1): 623/936 kB
2026.03.08 16:01:00 INFO  Progress (1): 639/936 kB
2026.03.08 16:01:00 INFO  Progress (1): 655/936 kB
2026.03.08 16:01:00 INFO  Progress (1): 672/936 kB
2026.03.08 16:01:00 INFO  Progress (1): 688/936 kB
2026.03.08 16:01:00 INFO  Progress (1): 705/936 kB
2026.03.08 16:01:00 INFO  Progress (1): 721/936 kB
2026.03.08 16:01:00 INFO  Progress (1): 737/936 kB
2026.03.08 16:01:00 INFO  Progress (1): 754/936 kB
2026.03.08 16:01:00 INFO  Progress (1): 770/936 kB
2026.03.08 16:01:00 INFO  Progress (1): 786/936 kB
2026.03.08 16:01:00 INFO  Progress (1): 803/936 kB
2026.03.08 16:01:00 INFO  Progress (1): 819/936 kB
2026.03.08 16:01:00 INFO  Progress (1): 836/936 kB
2026.03.08 16:01:00 INFO  Progress (1): 852/936 kB
2026.03.08 16:01:00 INFO  Progress (1): 868/936 kB
2026.03.08 16:01:00 INFO  Progress (1): 885/936 kB
2026.03.08 16:01:00 INFO  Progress (1): 901/936 kB
2026.03.08 16:01:00 INFO  Progress (1): 918/936 kB
2026.03.08 16:01:00 INFO  Progress (1): 934/936 kB
2026.03.08 16:01:00 INFO  Progress (1): 936 kB    
2026.03.08 16:01:00 INFO                      
2026.03.08 16:01:00 INFO  Downloaded from central: https://repo.maven.apache.org/maven2/org/apache/iceberg/iceberg-core/1.7.0/iceberg-core-1.7.0-sources.jar (936 kB at 19 MB/s)
2026.03.08 16:01:00 INFO  [INFO] SUCCESS: org.apache.iceberg:iceberg-core:jar:1.7.0:compile (sources = true)
2026.03.08 16:01:00 INFO  [INFO] Resolving artifact: org.apache.avro:avro:jar:1.12.0:compile (sources = false)
2026.03.08 16:01:00 INFO  [INFO] SUCCESS: org.apache.avro:avro:jar:1.12.0:compile (sources = false)
2026.03.08 16:01:00 INFO  [INFO] Resolving artifact: org.apache.avro:avro:jar:1.12.0:compile (sources = true)
2026.03.08 16:01:00 INFO  Downloading from central: https://repo.maven.apache.org/maven2/org/apache/avro/avro/1.12.0/avro-1.12.0-sources.jar
2026.03.08 16:01:00 INFO  Progress (1): 7.7/409 kB
2026.03.08 16:01:00 INFO  Progress (1): 16/409 kB 
2026.03.08 16:01:00 INFO  Progress (1): 24/409 kB
2026.03.08 16:01:00 INFO  Progress (1): 40/409 kB
2026.03.08 16:01:00 INFO  Progress (1): 57/409 kB
2026.03.08 16:01:00 INFO  Progress (1): 73/409 kB
2026.03.08 16:01:00 INFO  Progress (1): 90/409 kB
2026.03.08 16:01:00 INFO  Progress (1): 106/409 kB
2026.03.08 16:01:00 INFO  Progress (1): 122/409 kB
2026.03.08 16:01:00 INFO  Progress (1): 123/409 kB
2026.03.08 16:01:00 INFO  Progress (1): 131/409 kB
2026.03.08 16:01:00 INFO  Progress (1): 139/409 kB
2026.03.08 16:01:00 INFO  Progress (1): 156/409 kB
2026.03.08 16:01:00 INFO  Progress (1): 164/409 kB
2026.03.08 16:01:00 INFO  Progress (1): 180/409 kB
2026.03.08 16:01:00 INFO  Progress (1): 197/409 kB
2026.03.08 16:01:00 INFO  Progress (1): 213/409 kB
2026.03.08 16:01:00 INFO  Progress (1): 229/409 kB
2026.03.08 16:01:00 INFO  Progress (1): 246/409 kB
2026.03.08 16:01:00 INFO  Progress (1): 262/409 kB
2026.03.08 16:01:00 INFO  Progress (1): 279/409 kB
2026.03.08 16:01:00 INFO  Progress (1): 295/409 kB
2026.03.08 16:01:00 INFO  Progress (1): 311/409 kB
2026.03.08 16:01:00 INFO  Progress (1): 328/409 kB
2026.03.08 16:01:00 INFO  Progress (1): 344/409 kB
2026.03.08 16:01:00 INFO  Progress (1): 360/409 kB
2026.03.08 16:01:00 INFO  Progress (1): 377/409 kB
2026.03.08 16:01:00 INFO  Progress (1): 393/409 kB
2026.03.08 16:01:00 INFO  Progress (1): 409 kB    
2026.03.08 16:01:00 INFO                      
2026.03.08 16:01:00 INFO  Downloaded from central: https://repo.maven.apache.org/maven2/org/apache/avro/avro/1.12.0/avro-1.12.0-sources.jar (409 kB at 11 MB/s)
2026.03.08 16:01:00 INFO  [INFO] SUCCESS: org.apache.avro:avro:jar:1.12.0:compile (sources = true)
2026.03.08 16:01:00 INFO  [INFO] Resolving artifact: org.apache.commons:commons-compress:jar:1.26.2:compile (sources = false)
2026.03.08 16:01:00 INFO  [INFO] SUCCESS: org.apache.commons:commons-compress:jar:1.26.2:compile (sources = false)
2026.03.08 16:01:00 INFO  [INFO] Resolving artifact: org.apache.commons:commons-compress:jar:1.26.2:compile (sources = true)
2026.03.08 16:01:00 INFO  Downloading from central: https://repo.maven.apache.org/maven2/org/apache/commons/commons-compress/1.26.2/commons-compress-1.26.2-sources.jar
2026.03.08 16:01:00 INFO  Progress (1): 8.2/900 kB
2026.03.08 16:01:00 INFO  Progress (1): 25/900 kB 
2026.03.08 16:01:00 INFO  Progress (1): 41/900 kB
2026.03.08 16:01:00 INFO  Progress (1): 57/900 kB
2026.03.08 16:01:00 INFO  Progress (1): 74/900 kB
2026.03.08 16:01:00 INFO  Progress (1): 82/900 kB
2026.03.08 16:01:00 INFO  Progress (1): 98/900 kB
2026.03.08 16:01:00 INFO  Progress (1): 115/900 kB
2026.03.08 16:01:00 INFO  Progress (1): 131/900 kB
2026.03.08 16:01:00 INFO  Progress (1): 139/900 kB
2026.03.08 16:01:00 INFO  Progress (1): 156/900 kB
2026.03.08 16:01:00 INFO  Progress (1): 164/900 kB
2026.03.08 16:01:00 INFO  Progress (1): 180/900 kB
2026.03.08 16:01:00 INFO  Progress (1): 197/900 kB
2026.03.08 16:01:00 INFO  Progress (1): 205/900 kB
2026.03.08 16:01:00 INFO  Progress (1): 221/900 kB
2026.03.08 16:01:00 INFO  Progress (1): 238/900 kB
2026.03.08 16:01:00 INFO  Progress (1): 254/900 kB
2026.03.08 16:01:00 INFO  Progress (1): 262/900 kB
2026.03.08 16:01:00 INFO  Progress (1): 279/900 kB
2026.03.08 16:01:00 INFO  Progress (1): 287/900 kB
2026.03.08 16:01:00 INFO  Progress (1): 303/900 kB
2026.03.08 16:01:00 INFO  Progress (1): 319/900 kB
2026.03.08 16:01:00 INFO  Progress (1): 328/900 kB
2026.03.08 16:01:00 INFO  Progress (1): 344/900 kB
2026.03.08 16:01:00 INFO  Progress (1): 360/900 kB
2026.03.08 16:01:00 INFO  Progress (1): 377/900 kB
2026.03.08 16:01:00 INFO  Progress (1): 393/900 kB
2026.03.08 16:01:00 INFO  Progress (1): 410/900 kB
2026.03.08 16:01:00 INFO  Progress (1): 426/900 kB
2026.03.08 16:01:00 INFO  Progress (1): 442/900 kB
2026.03.08 16:01:00 INFO  Progress (1): 459/900 kB
2026.03.08 16:01:00 INFO  Progress (1): 467/900 kB
2026.03.08 16:01:00 INFO  Progress (1): 475/900 kB
2026.03.08 16:01:00 INFO  Progress (1): 483/900 kB
2026.03.08 16:01:00 INFO  Progress (1): 492/900 kB
2026.03.08 16:01:00 INFO  Progress (1): 500/900 kB
2026.03.08 16:01:00 INFO  Progress (1): 516/900 kB
2026.03.08 16:01:00 INFO  Progress (1): 524/900 kB
2026.03.08 16:01:00 INFO  Progress (1): 541/900 kB
2026.03.08 16:01:00 INFO  Progress (1): 557/900 kB
2026.03.08 16:01:00 INFO  Progress (1): 573/900 kB
2026.03.08 16:01:00 INFO  Progress (1): 590/900 kB
2026.03.08 16:01:00 INFO  Progress (1): 606/900 kB
2026.03.08 16:01:00 INFO  Progress (1): 623/900 kB
2026.03.08 16:01:00 INFO  Progress (1): 639/900 kB
2026.03.08 16:01:00 INFO  Progress (1): 655/900 kB
2026.03.08 16:01:00 INFO  Progress (1): 672/900 kB
2026.03.08 16:01:00 INFO  Progress (1): 688/900 kB
2026.03.08 16:01:00 INFO  Progress (1): 705/900 kB
2026.03.08 16:01:00 INFO  Progress (1): 721/900 kB
2026.03.08 16:01:00 INFO  Progress (1): 737/900 kB
2026.03.08 16:01:00 INFO  Progress (1): 754/900 kB
2026.03.08 16:01:00 INFO  Progress (1): 770/900 kB
2026.03.08 16:01:00 INFO  Progress (1): 786/900 kB
2026.03.08 16:01:00 INFO  Progress (1): 803/900 kB
2026.03.08 16:01:00 INFO  Progress (1): 819/900 kB
2026.03.08 16:01:00 INFO  Progress (1): 836/900 kB
2026.03.08 16:01:00 INFO  Progress (1): 852/900 kB
2026.03.08 16:01:00 INFO  Progress (1): 868/900 kB
2026.03.08 16:01:00 INFO  Progress (1): 885/900 kB
2026.03.08 16:01:00 INFO  Progress (1): 900 kB    
2026.03.08 16:01:00 INFO                      
2026.03.08 16:01:00 INFO  Downloaded from central: https://repo.maven.apache.org/maven2/org/apache/commons/commons-compress/1.26.2/commons-compress-1.26.2-sources.jar (900 kB at 17 MB/s)
2026.03.08 16:01:00 INFO  [INFO] SUCCESS: org.apache.commons:commons-compress:jar:1.26.2:compile (sources = true)
2026.03.08 16:01:00 INFO  [INFO] Resolving artifact: commons-codec:commons-codec:jar:1.17.0:compile (sources = false)
2026.03.08 16:01:00 INFO  [INFO] SUCCESS: commons-codec:commons-codec:jar:1.17.0:compile (sources = false)
2026.03.08 16:01:00 INFO  [INFO] Resolving artifact: commons-codec:commons-codec:jar:1.17.0:compile (sources = true)
2026.03.08 16:01:00 INFO  Downloading from central: https://repo.maven.apache.org/maven2/commons-codec/commons-codec/1.17.0/commons-codec-1.17.0-sources.jar
2026.03.08 16:01:00 INFO  Progress (1): 7.7/373 kB
2026.03.08 16:01:00 INFO  Progress (1): 8.2/373 kB
2026.03.08 16:01:00 INFO  Progress (1): 25/373 kB 
2026.03.08 16:01:00 INFO  Progress (1): 41/373 kB
2026.03.08 16:01:00 INFO  Progress (1): 57/373 kB
2026.03.08 16:01:00 INFO  Progress (1): 74/373 kB
2026.03.08 16:01:00 INFO  Progress (1): 90/373 kB
2026.03.08 16:01:00 INFO  Progress (1): 106/373 kB
2026.03.08 16:01:00 INFO  Progress (1): 123/373 kB
2026.03.08 16:01:00 INFO  Progress (1): 139/373 kB
2026.03.08 16:01:00 INFO  Progress (1): 156/373 kB
2026.03.08 16:01:00 INFO  Progress (1): 172/373 kB
2026.03.08 16:01:00 INFO  Progress (1): 180/373 kB
2026.03.08 16:01:00 INFO  Progress (1): 197/373 kB
2026.03.08 16:01:00 INFO  Progress (1): 205/373 kB
2026.03.08 16:01:00 INFO  Progress (1): 221/373 kB
2026.03.08 16:01:00 INFO  Progress (1): 238/373 kB
2026.03.08 16:01:00 INFO  Progress (1): 254/373 kB
2026.03.08 16:01:00 INFO  Progress (1): 270/373 kB
2026.03.08 16:01:00 INFO  Progress (1): 287/373 kB
2026.03.08 16:01:00 INFO  Progress (1): 303/373 kB
2026.03.08 16:01:00 INFO  Progress (1): 311/373 kB
2026.03.08 16:01:00 INFO  Progress (1): 328/373 kB
2026.03.08 16:01:00 INFO  Progress (1): 336/373 kB
2026.03.08 16:01:00 INFO  Progress (1): 344/373 kB
2026.03.08 16:01:00 INFO  Progress (1): 360/373 kB
2026.03.08 16:01:00 INFO  Progress (1): 373 kB    
2026.03.08 16:01:00 INFO                      
2026.03.08 16:01:00 INFO  Downloaded from central: https://repo.maven.apache.org/maven2/commons-codec/commons-codec/1.17.0/commons-codec-1.17.0-sources.jar (373 kB at 11 MB/s)
2026.03.08 16:01:00 INFO  [INFO] SUCCESS: commons-codec:commons-codec:jar:1.17.0:compile (sources = true)
2026.03.08 16:01:00 INFO  [INFO] Resolving artifact: commons-io:commons-io:jar:2.16.1:compile (sources = false)
2026.03.08 16:01:00 INFO  [INFO] SUCCESS: commons-io:commons-io:jar:2.16.1:compile (sources = false)
2026.03.08 16:01:00 INFO  [INFO] Resolving artifact: commons-io:commons-io:jar:2.16.1:compile (sources = true)
2026.03.08 16:01:00 INFO  Downloading from central: https://repo.maven.apache.org/maven2/commons-io/commons-io/2.16.1/commons-io-2.16.1-sources.jar
2026.03.08 16:01:00 INFO  Progress (1): 7.7/528 kB
2026.03.08 16:01:00 INFO  Progress (1): 8.2/528 kB
2026.03.08 16:01:00 INFO  Progress (1): 25/528 kB 
2026.03.08 16:01:00 INFO  Progress (1): 41/528 kB
2026.03.08 16:01:00 INFO  Progress (1): 57/528 kB
2026.03.08 16:01:00 INFO  Progress (1): 74/528 kB
2026.03.08 16:01:00 INFO  Progress (1): 90/528 kB
2026.03.08 16:01:00 INFO  Progress (1): 106/528 kB
2026.03.08 16:01:00 INFO  Progress (1): 123/528 kB
2026.03.08 16:01:00 INFO  Progress (1): 139/528 kB
2026.03.08 16:01:00 INFO  Progress (1): 156/528 kB
2026.03.08 16:01:00 INFO  Progress (1): 172/528 kB
2026.03.08 16:01:00 INFO  Progress (1): 188/528 kB
2026.03.08 16:01:00 INFO  Progress (1): 205/528 kB
2026.03.08 16:01:00 INFO  Progress (1): 221/528 kB
2026.03.08 16:01:00 INFO  Progress (1): 238/528 kB
2026.03.08 16:01:00 INFO  Progress (1): 254/528 kB
2026.03.08 16:01:00 INFO  Progress (1): 262/528 kB
2026.03.08 16:01:00 INFO  Progress (1): 270/528 kB
2026.03.08 16:01:00 INFO  Progress (1): 279/528 kB
2026.03.08 16:01:00 INFO  Progress (1): 295/528 kB
2026.03.08 16:01:00 INFO  Progress (1): 311/528 kB
2026.03.08 16:01:00 INFO  Progress (1): 315/528 kB
2026.03.08 16:01:00 INFO  Progress (1): 331/528 kB
2026.03.08 16:01:00 INFO  Progress (1): 344/528 kB
2026.03.08 16:01:00 INFO  Progress (1): 360/528 kB
2026.03.08 16:01:00 INFO  Progress (1): 377/528 kB
2026.03.08 16:01:00 INFO  Progress (1): 393/528 kB
2026.03.08 16:01:00 INFO  Progress (1): 410/528 kB
2026.03.08 16:01:00 INFO  Progress (1): 426/528 kB
2026.03.08 16:01:00 INFO  Progress (1): 442/528 kB
2026.03.08 16:01:00 INFO  Progress (1): 459/528 kB
2026.03.08 16:01:00 INFO  Progress (1): 475/528 kB
2026.03.08 16:01:00 INFO  Progress (1): 492/528 kB
2026.03.08 16:01:00 INFO  Progress (1): 508/528 kB
2026.03.08 16:01:00 INFO  Progress (1): 524/528 kB
2026.03.08 16:01:00 INFO  Progress (1): 528 kB    
2026.03.08 16:01:00 INFO                      
2026.03.08 16:01:00 INFO  Downloaded from central: https://repo.maven.apache.org/maven2/commons-io/commons-io/2.16.1/commons-io-2.16.1-sources.jar (528 kB at 13 MB/s)
2026.03.08 16:01:00 INFO  [INFO] SUCCESS: commons-io:commons-io:jar:2.16.1:compile (sources = true)
2026.03.08 16:01:00 INFO  [INFO] Resolving artifact: org.apache.commons:commons-lang3:jar:3.14.0:compile (sources = false)
2026.03.08 16:01:00 INFO  [INFO] SUCCESS: org.apache.commons:commons-lang3:jar:3.14.0:compile (sources = false)
2026.03.08 16:01:00 INFO  [INFO] Resolving artifact: org.apache.commons:commons-lang3:jar:3.14.0:compile (sources = true)
2026.03.08 16:01:00 INFO  Downloading from central: https://repo.maven.apache.org/maven2/org/apache/commons/commons-lang3/3.14.0/commons-lang3-3.14.0-sources.jar
2026.03.08 16:01:00 INFO  Progress (1): 7.7/705 kB
2026.03.08 16:01:00 INFO  Progress (1): 8.2/705 kB
2026.03.08 16:01:00 INFO  Progress (1): 25/705 kB 
2026.03.08 16:01:00 INFO  Progress (1): 41/705 kB
2026.03.08 16:01:00 INFO  Progress (1): 49/705 kB
2026.03.08 16:01:00 INFO  Progress (1): 66/705 kB
2026.03.08 16:01:00 INFO  Progress (1): 82/705 kB
2026.03.08 16:01:00 INFO  Progress (1): 86/705 kB
2026.03.08 16:01:00 INFO  Progress (1): 102/705 kB
2026.03.08 16:01:00 INFO  Progress (1): 106/705 kB
2026.03.08 16:01:00 INFO  Progress (1): 123/705 kB
2026.03.08 16:01:00 INFO  Progress (1): 139/705 kB
2026.03.08 16:01:00 INFO  Progress (1): 156/705 kB
2026.03.08 16:01:00 INFO  Progress (1): 172/705 kB
2026.03.08 16:01:00 INFO  Progress (1): 188/705 kB
2026.03.08 16:01:00 INFO  Progress (1): 205/705 kB
2026.03.08 16:01:00 INFO  Progress (1): 221/705 kB
2026.03.08 16:01:00 INFO  Progress (1): 238/705 kB
2026.03.08 16:01:00 INFO  Progress (1): 254/705 kB
2026.03.08 16:01:00 INFO  Progress (1): 262/705 kB
2026.03.08 16:01:00 INFO  Progress (1): 279/705 kB
2026.03.08 16:01:00 INFO  Progress (1): 295/705 kB
2026.03.08 16:01:00 INFO  Progress (1): 311/705 kB
2026.03.08 16:01:00 INFO  Progress (1): 319/705 kB
2026.03.08 16:01:00 INFO  Progress (1): 336/705 kB
2026.03.08 16:01:00 INFO  Progress (1): 352/705 kB
2026.03.08 16:01:00 INFO  Progress (1): 369/705 kB
2026.03.08 16:01:00 INFO  Progress (1): 385/705 kB
2026.03.08 16:01:00 INFO  Progress (1): 401/705 kB
2026.03.08 16:01:00 INFO  Progress (1): 418/705 kB
2026.03.08 16:01:00 INFO  Progress (1): 426/705 kB
2026.03.08 16:01:00 INFO  Progress (1): 442/705 kB
2026.03.08 16:01:00 INFO  Progress (1): 459/705 kB
2026.03.08 16:01:00 INFO  Progress (1): 467/705 kB
2026.03.08 16:01:01 INFO  Progress (1): 483/705 kB
2026.03.08 16:01:01 INFO  Progress (1): 492/705 kB
2026.03.08 16:01:01 INFO  Progress (1): 500/705 kB
2026.03.08 16:01:01 INFO  Progress (1): 508/705 kB
2026.03.08 16:01:01 INFO  Progress (1): 524/705 kB
2026.03.08 16:01:01 INFO  Progress (1): 541/705 kB
2026.03.08 16:01:01 INFO  Progress (1): 557/705 kB
2026.03.08 16:01:01 INFO  Progress (1): 573/705 kB
2026.03.08 16:01:01 INFO  Progress (1): 590/705 kB
2026.03.08 16:01:01 INFO  Progress (1): 606/705 kB
2026.03.08 16:01:01 INFO  Progress (1): 623/705 kB
2026.03.08 16:01:01 INFO  Progress (1): 639/705 kB
2026.03.08 16:01:01 INFO  Progress (1): 655/705 kB
2026.03.08 16:01:01 INFO  Progress (1): 672/705 kB
2026.03.08 16:01:01 INFO  Progress (1): 688/705 kB
2026.03.08 16:01:01 INFO  Progress (1): 705/705 kB
2026.03.08 16:01:01 INFO  Progress (1): 705 kB    
2026.03.08 16:01:01 INFO                      
2026.03.08 16:01:01 INFO  Downloaded from central: https://repo.maven.apache.org/maven2/org/apache/commons/commons-lang3/3.14.0/commons-lang3-3.14.0-sources.jar (705 kB at 20 MB/s)
2026.03.08 16:01:01 INFO  [INFO] SUCCESS: org.apache.commons:commons-lang3:jar:3.14.0:compile (sources = true)
2026.03.08 16:01:01 INFO  [INFO] Resolving artifact: org.apache.iceberg:iceberg-common:jar:1.7.0:runtime (sources = false)
2026.03.08 16:01:01 INFO  Downloading from central: https://repo.maven.apache.org/maven2/org/apache/iceberg/iceberg-common/1.7.0/iceberg-common-1.7.0.jar
2026.03.08 16:01:01 INFO  Progress (1): 8.2/31 kB
2026.03.08 16:01:01 INFO  Progress (1): 16/31 kB 
2026.03.08 16:01:01 INFO  Progress (1): 25/31 kB
2026.03.08 16:01:01 INFO  Progress (1): 31 kB   
2026.03.08 16:01:01 INFO                     
2026.03.08 16:01:01 INFO  Downloaded from central: https://repo.maven.apache.org/maven2/org/apache/iceberg/iceberg-common/1.7.0/iceberg-common-1.7.0.jar (31 kB at 731 kB/s)
2026.03.08 16:01:01 INFO  [INFO] SUCCESS: org.apache.iceberg:iceberg-common:jar:1.7.0:runtime (sources = false)
2026.03.08 16:01:01 INFO  [INFO] Resolving artifact: org.apache.iceberg:iceberg-common:jar:1.7.0:runtime (sources = true)
2026.03.08 16:01:01 INFO  Downloading from central: https://repo.maven.apache.org/maven2/org/apache/iceberg/iceberg-common/1.7.0/iceberg-common-1.7.0-sources.jar
2026.03.08 16:01:01 INFO  Progress (1): 3.4/17 kB
2026.03.08 16:01:01 INFO  Progress (1): 12/17 kB 
2026.03.08 16:01:01 INFO  Progress (1): 13/17 kB
2026.03.08 16:01:01 INFO  Progress (1): 17 kB   
2026.03.08 16:01:01 INFO                     
2026.03.08 16:01:01 INFO  Downloaded from central: https://repo.maven.apache.org/maven2/org/apache/iceberg/iceberg-common/1.7.0/iceberg-common-1.7.0-sources.jar (17 kB at 77 kB/s)
2026.03.08 16:01:01 INFO  [INFO] SUCCESS: org.apache.iceberg:iceberg-common:jar:1.7.0:runtime (sources = true)
2026.03.08 16:01:01 INFO  [INFO] Resolving artifact: io.airlift:aircompressor:jar:0.27:runtime (sources = false)
2026.03.08 16:01:01 INFO  [INFO] SUCCESS: io.airlift:aircompressor:jar:0.27:runtime (sources = false)
2026.03.08 16:01:01 INFO  [INFO] Resolving artifact: io.airlift:aircompressor:jar:0.27:runtime (sources = true)
2026.03.08 16:01:01 INFO  Downloading from central: https://repo.maven.apache.org/maven2/io/airlift/aircompressor/0.27/aircompressor-0.27-sources.jar
2026.03.08 16:01:01 INFO  Progress (1): 7.7/207 kB
2026.03.08 16:01:01 INFO  Progress (1): 16/207 kB 
2026.03.08 16:01:01 INFO  Progress (1): 16/207 kB
2026.03.08 16:01:01 INFO  Progress (1): 33/207 kB
2026.03.08 16:01:01 INFO  Progress (1): 49/207 kB
2026.03.08 16:01:01 INFO  Progress (1): 66/207 kB
2026.03.08 16:01:01 INFO  Progress (1): 82/207 kB
2026.03.08 16:01:01 INFO  Progress (1): 98/207 kB
2026.03.08 16:01:01 INFO  Progress (1): 115/207 kB
2026.03.08 16:01:01 INFO  Progress (1): 123/207 kB
2026.03.08 16:01:01 INFO  Progress (1): 131/207 kB
2026.03.08 16:01:01 INFO  Progress (1): 139/207 kB
2026.03.08 16:01:01 INFO  Progress (1): 156/207 kB
2026.03.08 16:01:01 INFO  Progress (1): 164/207 kB
2026.03.08 16:01:01 INFO  Progress (1): 180/207 kB
2026.03.08 16:01:01 INFO  Progress (1): 197/207 kB
2026.03.08 16:01:01 INFO  Progress (1): 207 kB    
2026.03.08 16:01:01 INFO                      
2026.03.08 16:01:01 INFO  Downloaded from central: https://repo.maven.apache.org/maven2/io/airlift/aircompressor/0.27/aircompressor-0.27-sources.jar (207 kB at 6.3 MB/s)
2026.03.08 16:01:01 INFO  [INFO] SUCCESS: io.airlift:aircompressor:jar:0.27:runtime (sources = true)
2026.03.08 16:01:01 INFO  [INFO] Resolving artifact: org.apache.httpcomponents.client5:httpclient5:jar:5.4:runtime (sources = false)
2026.03.08 16:01:01 INFO  [INFO] SUCCESS: org.apache.httpcomponents.client5:httpclient5:jar:5.4:runtime (sources = false)
2026.03.08 16:01:01 INFO  [INFO] Resolving artifact: org.apache.httpcomponents.client5:httpclient5:jar:5.4:runtime (sources = true)
2026.03.08 16:01:01 INFO  Downloading from central: https://repo.maven.apache.org/maven2/org/apache/httpcomponents/client5/httpclient5/5.4/httpclient5-5.4-sources.jar
2026.03.08 16:01:01 INFO  Progress (1): 7.7/752 kB
2026.03.08 16:01:01 INFO  Progress (1): 7.7/752 kB
2026.03.08 16:01:01 INFO  Progress (1): 24/752 kB 
2026.03.08 16:01:01 INFO  Progress (1): 41/752 kB
2026.03.08 16:01:01 INFO  Progress (1): 57/752 kB
2026.03.08 16:01:01 INFO  Progress (1): 73/752 kB
2026.03.08 16:01:01 INFO  Progress (1): 90/752 kB
2026.03.08 16:01:01 INFO  Progress (1): 106/752 kB
2026.03.08 16:01:01 INFO  Progress (1): 122/752 kB
2026.03.08 16:01:01 INFO  Progress (1): 131/752 kB
2026.03.08 16:01:01 INFO  Progress (1): 147/752 kB
2026.03.08 16:01:01 INFO  Progress (1): 164/752 kB
2026.03.08 16:01:01 INFO  Progress (1): 180/752 kB
2026.03.08 16:01:01 INFO  Progress (1): 188/752 kB
2026.03.08 16:01:01 INFO  Progress (1): 205/752 kB
2026.03.08 16:01:01 INFO  Progress (1): 213/752 kB
2026.03.08 16:01:01 INFO  Progress (1): 229/752 kB
2026.03.08 16:01:01 INFO  Progress (1): 246/752 kB
2026.03.08 16:01:01 INFO  Progress (1): 262/752 kB
2026.03.08 16:01:01 INFO  Progress (1): 279/752 kB
2026.03.08 16:01:01 INFO  Progress (1): 295/752 kB
2026.03.08 16:01:01 INFO  Progress (1): 303/752 kB
2026.03.08 16:01:01 INFO  Progress (1): 311/752 kB
2026.03.08 16:01:01 INFO  Progress (1): 328/752 kB
2026.03.08 16:01:01 INFO  Progress (1): 344/752 kB
2026.03.08 16:01:01 INFO  Progress (1): 360/752 kB
2026.03.08 16:01:01 INFO  Progress (1): 369/752 kB
2026.03.08 16:01:01 INFO  Progress (1): 377/752 kB
2026.03.08 16:01:01 INFO  Progress (1): 393/752 kB
2026.03.08 16:01:01 INFO  Progress (1): 410/752 kB
2026.03.08 16:01:01 INFO  Progress (1): 426/752 kB
2026.03.08 16:01:01 INFO  Progress (1): 442/752 kB
2026.03.08 16:01:01 INFO  Progress (1): 459/752 kB
2026.03.08 16:01:01 INFO  Progress (1): 475/752 kB
2026.03.08 16:01:01 INFO  Progress (1): 492/752 kB
2026.03.08 16:01:01 INFO  Progress (1): 508/752 kB
2026.03.08 16:01:01 INFO  Progress (1): 516/752 kB
2026.03.08 16:01:01 INFO  Progress (1): 532/752 kB
2026.03.08 16:01:01 INFO  Progress (1): 541/752 kB
2026.03.08 16:01:01 INFO  Progress (1): 557/752 kB
2026.03.08 16:01:01 INFO  Progress (1): 573/752 kB
2026.03.08 16:01:01 INFO  Progress (1): 590/752 kB
2026.03.08 16:01:01 INFO  Progress (1): 606/752 kB
2026.03.08 16:01:01 INFO  Progress (1): 623/752 kB
2026.03.08 16:01:01 INFO  Progress (1): 631/752 kB
2026.03.08 16:01:01 INFO  Progress (1): 639/752 kB
2026.03.08 16:01:01 INFO  Progress (1): 647/752 kB
2026.03.08 16:01:01 INFO  Progress (1): 655/752 kB
2026.03.08 16:01:01 INFO  Progress (1): 664/752 kB
2026.03.08 16:01:01 INFO  Progress (1): 680/752 kB
2026.03.08 16:01:01 INFO  Progress (1): 688/752 kB
2026.03.08 16:01:01 INFO  Progress (1): 705/752 kB
2026.03.08 16:01:01 INFO  Progress (1): 721/752 kB
2026.03.08 16:01:01 INFO  Progress (1): 737/752 kB
2026.03.08 16:01:01 INFO  Progress (1): 745/752 kB
2026.03.08 16:01:01 INFO  Progress (1): 752 kB    
2026.03.08 16:01:01 INFO                      
2026.03.08 16:01:01 INFO  Downloaded from central: https://repo.maven.apache.org/maven2/org/apache/httpcomponents/client5/httpclient5/5.4/httpclient5-5.4-sources.jar (752 kB at 5.7 MB/s)
2026.03.08 16:01:01 INFO  [INFO] SUCCESS: org.apache.httpcomponents.client5:httpclient5:jar:5.4:runtime (sources = true)
2026.03.08 16:01:01 INFO  [INFO] Resolving artifact: org.apache.httpcomponents.core5:httpcore5:jar:5.3:runtime (sources = false)
2026.03.08 16:01:01 INFO  [INFO] SUCCESS: org.apache.httpcomponents.core5:httpcore5:jar:5.3:runtime (sources = false)
2026.03.08 16:01:01 INFO  [INFO] Resolving artifact: org.apache.httpcomponents.core5:httpcore5:jar:5.3:runtime (sources = true)
2026.03.08 16:01:01 INFO  Downloading from central: https://repo.maven.apache.org/maven2/org/apache/httpcomponents/core5/httpcore5/5.3/httpcore5-5.3-sources.jar
2026.03.08 16:01:01 INFO  Progress (1): 16/829 kB
2026.03.08 16:01:01 INFO  Progress (1): 33/829 kB
2026.03.08 16:01:01 INFO  Progress (1): 49/829 kB
2026.03.08 16:01:01 INFO  Progress (1): 66/829 kB
2026.03.08 16:01:01 INFO  Progress (1): 82/829 kB
2026.03.08 16:01:01 INFO  Progress (1): 98/829 kB
2026.03.08 16:01:01 INFO  Progress (1): 115/829 kB
2026.03.08 16:01:01 INFO  Progress (1): 131/829 kB
2026.03.08 16:01:01 INFO  Progress (1): 147/829 kB
2026.03.08 16:01:01 INFO  Progress (1): 164/829 kB
2026.03.08 16:01:01 INFO  Progress (1): 172/829 kB
2026.03.08 16:01:01 INFO  Progress (1): 188/829 kB
2026.03.08 16:01:01 INFO  Progress (1): 197/829 kB
2026.03.08 16:01:01 INFO  Progress (1): 205/829 kB
2026.03.08 16:01:01 INFO  Progress (1): 221/829 kB
2026.03.08 16:01:01 INFO  Progress (1): 229/829 kB
2026.03.08 16:01:01 INFO  Progress (1): 246/829 kB
2026.03.08 16:01:01 INFO  Progress (1): 262/829 kB
2026.03.08 16:01:01 INFO  Progress (1): 279/829 kB
2026.03.08 16:01:01 INFO  Progress (1): 295/829 kB
2026.03.08 16:01:01 INFO  Progress (1): 303/829 kB
2026.03.08 16:01:01 INFO  Progress (1): 311/829 kB
2026.03.08 16:01:01 INFO  Progress (1): 328/829 kB
2026.03.08 16:01:01 INFO  Progress (1): 344/829 kB
2026.03.08 16:01:01 INFO  Progress (1): 360/829 kB
2026.03.08 16:01:01 INFO  Progress (1): 377/829 kB
2026.03.08 16:01:01 INFO  Progress (1): 393/829 kB
2026.03.08 16:01:01 INFO  Progress (1): 410/829 kB
2026.03.08 16:01:01 INFO  Progress (1): 426/829 kB
2026.03.08 16:01:01 INFO  Progress (1): 442/829 kB
2026.03.08 16:01:01 INFO  Progress (1): 459/829 kB
2026.03.08 16:01:01 INFO  Progress (1): 467/829 kB
2026.03.08 16:01:01 INFO  Progress (1): 483/829 kB
2026.03.08 16:01:01 INFO  Progress (1): 500/829 kB
2026.03.08 16:01:01 INFO  Progress (1): 516/829 kB
2026.03.08 16:01:01 INFO  Progress (1): 524/829 kB
2026.03.08 16:01:01 INFO  Progress (1): 541/829 kB
2026.03.08 16:01:01 INFO  Progress (1): 557/829 kB
2026.03.08 16:01:01 INFO  Progress (1): 573/829 kB
2026.03.08 16:01:01 INFO  Progress (1): 590/829 kB
2026.03.08 16:01:01 INFO  Progress (1): 606/829 kB
2026.03.08 16:01:01 INFO  Progress (1): 623/829 kB
2026.03.08 16:01:01 INFO  Progress (1): 631/829 kB
2026.03.08 16:01:01 INFO  Progress (1): 647/829 kB
2026.03.08 16:01:01 INFO  Progress (1): 664/829 kB
2026.03.08 16:01:01 INFO  Progress (1): 680/829 kB
2026.03.08 16:01:01 INFO  Progress (1): 688/829 kB
2026.03.08 16:01:01 INFO  Progress (1): 705/829 kB
2026.03.08 16:01:01 INFO  Progress (1): 721/829 kB
2026.03.08 16:01:01 INFO  Progress (1): 737/829 kB
2026.03.08 16:01:01 INFO  Progress (1): 754/829 kB
2026.03.08 16:01:01 INFO  Progress (1): 770/829 kB
2026.03.08 16:01:01 INFO  Progress (1): 786/829 kB
2026.03.08 16:01:01 INFO  Progress (1): 803/829 kB
2026.03.08 16:01:01 INFO  Progress (1): 811/829 kB
2026.03.08 16:01:01 INFO  Progress (1): 827/829 kB
2026.03.08 16:01:01 INFO  Progress (1): 829 kB    
2026.03.08 16:01:01 INFO                      
2026.03.08 16:01:01 INFO  Downloaded from central: https://repo.maven.apache.org/maven2/org/apache/httpcomponents/core5/httpcore5/5.3/httpcore5-5.3-sources.jar (829 kB at 7.5 MB/s)
2026.03.08 16:01:01 INFO  [INFO] SUCCESS: org.apache.httpcomponents.core5:httpcore5:jar:5.3:runtime (sources = true)
2026.03.08 16:01:01 INFO  [INFO] Resolving artifact: org.apache.httpcomponents.core5:httpcore5-h2:jar:5.3:runtime (sources = false)
2026.03.08 16:01:01 INFO  [INFO] SUCCESS: org.apache.httpcomponents.core5:httpcore5-h2:jar:5.3:runtime (sources = false)
2026.03.08 16:01:01 INFO  [INFO] Resolving artifact: org.apache.httpcomponents.core5:httpcore5-h2:jar:5.3:runtime (sources = true)
2026.03.08 16:01:01 INFO  Downloading from central: https://repo.maven.apache.org/maven2/org/apache/httpcomponents/core5/httpcore5-h2/5.3/httpcore5-h2-5.3-sources.jar
2026.03.08 16:01:01 INFO  Progress (1): 7.7/180 kB
2026.03.08 16:01:01 INFO  Progress (1): 8.2/180 kB
2026.03.08 16:01:01 INFO  Progress (1): 25/180 kB 
2026.03.08 16:01:01 INFO  Progress (1): 41/180 kB
2026.03.08 16:01:01 INFO  Progress (1): 57/180 kB
2026.03.08 16:01:01 INFO  Progress (1): 66/180 kB
2026.03.08 16:01:01 INFO  Progress (1): 82/180 kB
2026.03.08 16:01:01 INFO  Progress (1): 98/180 kB
2026.03.08 16:01:01 INFO  Progress (1): 115/180 kB
2026.03.08 16:01:01 INFO  Progress (1): 131/180 kB
2026.03.08 16:01:01 INFO  Progress (1): 147/180 kB
2026.03.08 16:01:01 INFO  Progress (1): 164/180 kB
2026.03.08 16:01:01 INFO  Progress (1): 180 kB    
2026.03.08 16:01:01 INFO                      
2026.03.08 16:01:01 INFO  Downloaded from central: https://repo.maven.apache.org/maven2/org/apache/httpcomponents/core5/httpcore5-h2/5.3/httpcore5-h2-5.3-sources.jar (180 kB at 6.0 MB/s)
2026.03.08 16:01:01 INFO  [INFO] SUCCESS: org.apache.httpcomponents.core5:httpcore5-h2:jar:5.3:runtime (sources = true)
2026.03.08 16:01:01 INFO  [INFO] Resolving artifact: com.github.ben-manes.caffeine:caffeine:jar:2.9.3:runtime (sources = false)
2026.03.08 16:01:01 INFO  [INFO] SUCCESS: com.github.ben-manes.caffeine:caffeine:jar:2.9.3:runtime (sources = false)
2026.03.08 16:01:01 INFO  [INFO] Resolving artifact: com.github.ben-manes.caffeine:caffeine:jar:2.9.3:runtime (sources = true)
2026.03.08 16:01:01 INFO  Downloading from central: https://repo.maven.apache.org/maven2/com/github/ben-manes/caffeine/caffeine/2.9.3/caffeine-2.9.3-sources.jar
2026.03.08 16:01:01 INFO  Progress (1): 8.2/731 kB
2026.03.08 16:01:01 INFO  Progress (1): 25/731 kB 
2026.03.08 16:01:01 INFO  Progress (1): 41/731 kB
2026.03.08 16:01:01 INFO  Progress (1): 57/731 kB
2026.03.08 16:01:01 INFO  Progress (1): 66/731 kB
2026.03.08 16:01:01 INFO  Progress (1): 82/731 kB
2026.03.08 16:01:01 INFO  Progress (1): 98/731 kB
2026.03.08 16:01:01 INFO  Progress (1): 115/731 kB
2026.03.08 16:01:01 INFO  Progress (1): 131/731 kB
2026.03.08 16:01:01 INFO  Progress (1): 147/731 kB
2026.03.08 16:01:01 INFO  Progress (1): 164/731 kB
2026.03.08 16:01:01 INFO  Progress (1): 180/731 kB
2026.03.08 16:01:01 INFO  Progress (1): 197/731 kB
2026.03.08 16:01:01 INFO  Progress (1): 213/731 kB
2026.03.08 16:01:01 INFO  Progress (1): 229/731 kB
2026.03.08 16:01:01 INFO  Progress (1): 246/731 kB
2026.03.08 16:01:01 INFO  Progress (1): 254/731 kB
2026.03.08 16:01:01 INFO  Progress (1): 270/731 kB
2026.03.08 16:01:01 INFO  Progress (1): 279/731 kB
2026.03.08 16:01:01 INFO  Progress (1): 287/731 kB
2026.03.08 16:01:01 INFO  Progress (1): 303/731 kB
2026.03.08 16:01:01 INFO  Progress (1): 311/731 kB
2026.03.08 16:01:01 INFO  Progress (1): 319/731 kB
2026.03.08 16:01:01 INFO  Progress (1): 336/731 kB
2026.03.08 16:01:01 INFO  Progress (1): 352/731 kB
2026.03.08 16:01:01 INFO  Progress (1): 369/731 kB
2026.03.08 16:01:01 INFO  Progress (1): 385/731 kB
2026.03.08 16:01:01 INFO  Progress (1): 393/731 kB
2026.03.08 16:01:01 INFO  Progress (1): 410/731 kB
2026.03.08 16:01:01 INFO  Progress (1): 426/731 kB
2026.03.08 16:01:01 INFO  Progress (1): 442/731 kB
2026.03.08 16:01:01 INFO  Progress (1): 451/731 kB
2026.03.08 16:01:01 INFO  Progress (1): 459/731 kB
2026.03.08 16:01:01 INFO  Progress (1): 475/731 kB
2026.03.08 16:01:01 INFO  Progress (1): 492/731 kB
2026.03.08 16:01:01 INFO  Progress (1): 508/731 kB
2026.03.08 16:01:01 INFO  Progress (1): 524/731 kB
2026.03.08 16:01:01 INFO  Progress (1): 541/731 kB
2026.03.08 16:01:01 INFO  Progress (1): 549/731 kB
2026.03.08 16:01:01 INFO  Progress (1): 557/731 kB
2026.03.08 16:01:01 INFO  Progress (1): 573/731 kB
2026.03.08 16:01:01 INFO  Progress (1): 582/731 kB
2026.03.08 16:01:01 INFO  Progress (1): 590/731 kB
2026.03.08 16:01:01 INFO  Progress (1): 606/731 kB
2026.03.08 16:01:01 INFO  Progress (1): 614/731 kB
2026.03.08 16:01:01 INFO  Progress (1): 631/731 kB
2026.03.08 16:01:01 INFO  Progress (1): 647/731 kB
2026.03.08 16:01:01 INFO  Progress (1): 664/731 kB
2026.03.08 16:01:01 INFO  Progress (1): 680/731 kB
2026.03.08 16:01:01 INFO  Progress (1): 696/731 kB
2026.03.08 16:01:01 INFO  Progress (1): 713/731 kB
2026.03.08 16:01:01 INFO  Progress (1): 729/731 kB
2026.03.08 16:01:01 INFO  Progress (1): 731 kB    
2026.03.08 16:01:01 INFO                      
2026.03.08 16:01:01 INFO  Downloaded from central: https://repo.maven.apache.org/maven2/com/github/ben-manes/caffeine/caffeine/2.9.3/caffeine-2.9.3-sources.jar (731 kB at 19 MB/s)
2026.03.08 16:01:01 INFO  [INFO] SUCCESS: com.github.ben-manes.caffeine:caffeine:jar:2.9.3:runtime (sources = true)
2026.03.08 16:01:01 INFO  [INFO] Resolving artifact: com.google.errorprone:error_prone_annotations:jar:2.10.0:runtime (sources = false)
2026.03.08 16:01:01 INFO  [INFO] SUCCESS: com.google.errorprone:error_prone_annotations:jar:2.10.0:runtime (sources = false)
2026.03.08 16:01:01 INFO  [INFO] Resolving artifact: com.google.errorprone:error_prone_annotations:jar:2.10.0:runtime (sources = true)
2026.03.08 16:01:01 INFO  Downloading from central: https://repo.maven.apache.org/maven2/com/google/errorprone/error_prone_annotations/2.10.0/error_prone_annotations-2.10.0-sources.jar
2026.03.08 16:01:01 INFO  Progress (1): 7.7/32 kB
2026.03.08 16:01:01 INFO  Progress (1): 16/32 kB 
2026.03.08 16:01:01 INFO  Progress (1): 25/32 kB
2026.03.08 16:01:01 INFO  Progress (1): 32 kB   
2026.03.08 16:01:01 INFO                     
2026.03.08 16:01:01 INFO  Downloaded from central: https://repo.maven.apache.org/maven2/com/google/errorprone/error_prone_annotations/2.10.0/error_prone_annotations-2.10.0-sources.jar (32 kB at 1.1 MB/s)
2026.03.08 16:01:01 INFO  [INFO] SUCCESS: com.google.errorprone:error_prone_annotations:jar:2.10.0:runtime (sources = true)
2026.03.08 16:01:01 INFO  [INFO] Resolving artifact: dev.failsafe:failsafe:jar:3.3.2:runtime (sources = false)
2026.03.08 16:01:01 INFO  Downloading from central: https://repo.maven.apache.org/maven2/dev/failsafe/failsafe/3.3.2/failsafe-3.3.2.jar
2026.03.08 16:01:01 INFO  Progress (1): 7.7/144 kB
2026.03.08 16:01:01 INFO  Progress (1): 8.2/144 kB
2026.03.08 16:01:01 INFO  Progress (1): 25/144 kB 
2026.03.08 16:01:01 INFO  Progress (1): 41/144 kB
2026.03.08 16:01:01 INFO  Progress (1): 57/144 kB
2026.03.08 16:01:01 INFO  Progress (1): 74/144 kB
2026.03.08 16:01:01 INFO  Progress (1): 90/144 kB
2026.03.08 16:01:01 INFO  Progress (1): 106/144 kB
2026.03.08 16:01:01 INFO  Progress (1): 123/144 kB
2026.03.08 16:01:01 INFO  Progress (1): 139/144 kB
2026.03.08 16:01:01 INFO  Progress (1): 144 kB    
2026.03.08 16:01:01 INFO                      
2026.03.08 16:01:01 INFO  Downloaded from central: https://repo.maven.apache.org/maven2/dev/failsafe/failsafe/3.3.2/failsafe-3.3.2.jar (144 kB at 4.5 MB/s)
2026.03.08 16:01:01 INFO  [INFO] SUCCESS: dev.failsafe:failsafe:jar:3.3.2:runtime (sources = false)
2026.03.08 16:01:01 INFO  [INFO] Resolving artifact: dev.failsafe:failsafe:jar:3.3.2:runtime (sources = true)
2026.03.08 16:01:01 INFO  Downloading from central: https://repo.maven.apache.org/maven2/dev/failsafe/failsafe/3.3.2/failsafe-3.3.2-sources.jar
2026.03.08 16:01:01 INFO  Progress (1): 7.7/131 kB
2026.03.08 16:01:01 INFO  Progress (1): 8.2/131 kB
2026.03.08 16:01:01 INFO  Progress (1): 25/131 kB 
2026.03.08 16:01:01 INFO  Progress (1): 41/131 kB
2026.03.08 16:01:01 INFO  Progress (1): 57/131 kB
2026.03.08 16:01:01 INFO  Progress (1): 74/131 kB
2026.03.08 16:01:01 INFO  Progress (1): 90/131 kB
2026.03.08 16:01:01 INFO  Progress (1): 106/131 kB
2026.03.08 16:01:01 INFO  Progress (1): 123/131 kB
2026.03.08 16:01:01 INFO  Progress (1): 131 kB    
2026.03.08 16:01:01 INFO                      
2026.03.08 16:01:01 INFO  Downloaded from central: https://repo.maven.apache.org/maven2/dev/failsafe/failsafe/3.3.2/failsafe-3.3.2-sources.jar (131 kB at 5.0 MB/s)
2026.03.08 16:01:01 INFO  [INFO] SUCCESS: dev.failsafe:failsafe:jar:3.3.2:runtime (sources = true)
2026.03.08 16:01:01 INFO  [INFO] Resolving artifact: org.apache.pekko:pekko-connectors-kafka_3:jar:1.1.0:compile (sources = false)
2026.03.08 16:01:01 INFO  [INFO] SUCCESS: org.apache.pekko:pekko-connectors-kafka_3:jar:1.1.0:compile (sources = false)
2026.03.08 16:01:01 INFO  [INFO] Resolving artifact: org.apache.pekko:pekko-connectors-kafka_3:jar:1.1.0:compile (sources = true)
2026.03.08 16:01:01 INFO  Downloading from central: https://repo.maven.apache.org/maven2/org/apache/pekko/pekko-connectors-kafka_3/1.1.0/pekko-connectors-kafka_3-1.1.0-sources.jar
2026.03.08 16:01:01 INFO  Progress (1): 7.7/123 kB
2026.03.08 16:01:01 INFO  Progress (1): 13/123 kB 
2026.03.08 16:01:01 INFO  Progress (1): 21/123 kB
2026.03.08 16:01:01 INFO  Progress (1): 21/123 kB
2026.03.08 16:01:01 INFO  Progress (1): 38/123 kB
2026.03.08 16:01:01 INFO  Progress (1): 41/123 kB
2026.03.08 16:01:01 INFO  Progress (1): 58/123 kB
2026.03.08 16:01:01 INFO  Progress (1): 74/123 kB
2026.03.08 16:01:01 INFO  Progress (1): 91/123 kB
2026.03.08 16:01:01 INFO  Progress (1): 99/123 kB
2026.03.08 16:01:01 INFO  Progress (1): 107/123 kB
2026.03.08 16:01:01 INFO  Progress (1): 123/123 kB
2026.03.08 16:01:01 INFO  Progress (1): 123 kB    
2026.03.08 16:01:01 INFO                      
2026.03.08 16:01:01 INFO  Downloaded from central: https://repo.maven.apache.org/maven2/org/apache/pekko/pekko-connectors-kafka_3/1.1.0/pekko-connectors-kafka_3-1.1.0-sources.jar (123 kB at 483 kB/s)
2026.03.08 16:01:01 INFO  [INFO] SUCCESS: org.apache.pekko:pekko-connectors-kafka_3:jar:1.1.0:compile (sources = true)
2026.03.08 16:01:01 INFO  [INFO] Resolving artifact: org.apache.kafka:kafka-clients:jar:3.8.0:compile (sources = false)
2026.03.08 16:01:01 INFO  [INFO] SUCCESS: org.apache.kafka:kafka-clients:jar:3.8.0:compile (sources = false)
2026.03.08 16:01:01 INFO  [INFO] Resolving artifact: org.apache.kafka:kafka-clients:jar:3.8.0:compile (sources = true)
2026.03.08 16:01:01 INFO  Downloading from central: https://repo.maven.apache.org/maven2/org/apache/kafka/kafka-clients/3.8.0/kafka-clients-3.8.0-sources.jar
2026.03.08 16:01:01 INFO  Progress (1): 0/3.3 MB
2026.03.08 16:01:01 INFO  Progress (1): 0/3.3 MB
2026.03.08 16:01:01 INFO  Progress (1): 0/3.3 MB
2026.03.08 16:01:01 INFO  Progress (1): 0/3.3 MB
2026.03.08 16:01:01 INFO  Progress (1): 0.1/3.3 MB
2026.03.08 16:01:01 INFO  Progress (1): 0.1/3.3 MB
2026.03.08 16:01:01 INFO  Progress (1): 0.1/3.3 MB
2026.03.08 16:01:01 INFO  Progress (1): 0.1/3.3 MB
2026.03.08 16:01:01 INFO  Progress (1): 0.1/3.3 MB
2026.03.08 16:01:01 INFO  Progress (1): 0.1/3.3 MB
2026.03.08 16:01:01 INFO  Progress (1): 0.1/3.3 MB
2026.03.08 16:01:01 INFO  Progress (1): 0.2/3.3 MB
2026.03.08 16:01:01 INFO  Progress (1): 0.2/3.3 MB
2026.03.08 16:01:01 INFO  Progress (1): 0.2/3.3 MB
2026.03.08 16:01:01 INFO  Progress (1): 0.2/3.3 MB
2026.03.08 16:01:01 INFO  Progress (1): 0.2/3.3 MB
2026.03.08 16:01:01 INFO  Progress (1): 0.2/3.3 MB
2026.03.08 16:01:01 INFO  Progress (1): 0.2/3.3 MB
2026.03.08 16:01:01 INFO  Progress (1): 0.3/3.3 MB
2026.03.08 16:01:01 INFO  Progress (1): 0.3/3.3 MB
2026.03.08 16:01:01 INFO  Progress (1): 0.3/3.3 MB
2026.03.08 16:01:01 INFO  Progress (1): 0.3/3.3 MB
2026.03.08 16:01:01 INFO  Progress (1): 0.3/3.3 MB
2026.03.08 16:01:01 INFO  Progress (1): 0.3/3.3 MB
2026.03.08 16:01:01 INFO  Progress (1): 0.3/3.3 MB
2026.03.08 16:01:01 INFO  Progress (1): 0.4/3.3 MB
2026.03.08 16:01:01 INFO  Progress (1): 0.4/3.3 MB
2026.03.08 16:01:01 INFO  Progress (1): 0.4/3.3 MB
2026.03.08 16:01:01 INFO  Progress (1): 0.4/3.3 MB
2026.03.08 16:01:01 INFO  Progress (1): 0.4/3.3 MB
2026.03.08 16:01:02 INFO  Progress (1): 0.4/3.3 MB
2026.03.08 16:01:02 INFO  Progress (1): 0.4/3.3 MB
2026.03.08 16:01:02 INFO  Progress (1): 0.5/3.3 MB
2026.03.08 16:01:02 INFO  Progress (1): 0.5/3.3 MB
2026.03.08 16:01:02 INFO  Progress (1): 0.5/3.3 MB
2026.03.08 16:01:02 INFO  Progress (1): 0.5/3.3 MB
2026.03.08 16:01:02 INFO  Progress (1): 0.5/3.3 MB
2026.03.08 16:01:02 INFO  Progress (1): 0.5/3.3 MB
2026.03.08 16:01:02 INFO  Progress (1): 0.5/3.3 MB
2026.03.08 16:01:02 INFO  Progress (1): 0.5/3.3 MB
2026.03.08 16:01:02 INFO  Progress (1): 0.5/3.3 MB
2026.03.08 16:01:02 INFO  Progress (1): 0.6/3.3 MB
2026.03.08 16:01:02 INFO  Progress (1): 0.6/3.3 MB
2026.03.08 16:01:02 INFO  Progress (1): 0.6/3.3 MB
2026.03.08 16:01:02 INFO  Progress (1): 0.6/3.3 MB
2026.03.08 16:01:02 INFO  Progress (1): 0.6/3.3 MB
2026.03.08 16:01:02 INFO  Progress (1): 0.6/3.3 MB
2026.03.08 16:01:02 INFO  Progress (1): 0.7/3.3 MB
2026.03.08 16:01:02 INFO  Progress (1): 0.7/3.3 MB
2026.03.08 16:01:02 INFO  Progress (1): 0.7/3.3 MB
2026.03.08 16:01:02 INFO  Progress (1): 0.7/3.3 MB
2026.03.08 16:01:02 INFO  Progress (1): 0.7/3.3 MB
2026.03.08 16:01:02 INFO  Progress (1): 0.7/3.3 MB
2026.03.08 16:01:02 INFO  Progress (1): 0.8/3.3 MB
2026.03.08 16:01:02 INFO  Progress (1): 0.8/3.3 MB
2026.03.08 16:01:02 INFO  Progress (1): 0.8/3.3 MB
2026.03.08 16:01:02 INFO  Progress (1): 0.8/3.3 MB
2026.03.08 16:01:02 INFO  Progress (1): 0.8/3.3 MB
2026.03.08 16:01:02 INFO  Progress (1): 0.8/3.3 MB
2026.03.08 16:01:02 INFO  Progress (1): 0.9/3.3 MB
2026.03.08 16:01:02 INFO  Progress (1): 0.9/3.3 MB
2026.03.08 16:01:02 INFO  Progress (1): 0.9/3.3 MB
2026.03.08 16:01:02 INFO  Progress (1): 0.9/3.3 MB
2026.03.08 16:01:02 INFO  Progress (1): 0.9/3.3 MB
2026.03.08 16:01:02 INFO  Progress (1): 0.9/3.3 MB
2026.03.08 16:01:02 INFO  Progress (1): 1.0/3.3 MB
2026.03.08 16:01:02 INFO  Progress (1): 1.0/3.3 MB
2026.03.08 16:01:02 INFO  Progress (1): 1.0/3.3 MB
2026.03.08 16:01:02 INFO  Progress (1): 1.0/3.3 MB
2026.03.08 16:01:02 INFO  Progress (1): 1.0/3.3 MB
2026.03.08 16:01:02 INFO  Progress (1): 1.0/3.3 MB
2026.03.08 16:01:02 INFO  Progress (1): 1.0/3.3 MB
2026.03.08 16:01:02 INFO  Progress (1): 1.1/3.3 MB
2026.03.08 16:01:02 INFO  Progress (1): 1.1/3.3 MB
2026.03.08 16:01:02 INFO  Progress (1): 1.1/3.3 MB
2026.03.08 16:01:02 INFO  Progress (1): 1.1/3.3 MB
2026.03.08 16:01:02 INFO  Progress (1): 1.1/3.3 MB
2026.03.08 16:01:02 INFO  Progress (1): 1.1/3.3 MB
2026.03.08 16:01:02 INFO  Progress (1): 1.2/3.3 MB
2026.03.08 16:01:02 INFO  Progress (1): 1.2/3.3 MB
2026.03.08 16:01:02 INFO  Progress (1): 1.2/3.3 MB
2026.03.08 16:01:02 INFO  Progress (1): 1.2/3.3 MB
2026.03.08 16:01:02 INFO  Progress (1): 1.2/3.3 MB
2026.03.08 16:01:02 INFO  Progress (1): 1.2/3.3 MB
2026.03.08 16:01:02 INFO  Progress (1): 1.3/3.3 MB
2026.03.08 16:01:02 INFO  Progress (1): 1.3/3.3 MB
2026.03.08 16:01:02 INFO  Progress (1): 1.3/3.3 MB
2026.03.08 16:01:02 INFO  Progress (1): 1.3/3.3 MB
2026.03.08 16:01:02 INFO  Progress (1): 1.3/3.3 MB
2026.03.08 16:01:02 INFO  Progress (1): 1.3/3.3 MB
2026.03.08 16:01:02 INFO  Progress (1): 1.4/3.3 MB
2026.03.08 16:01:02 INFO  Progress (1): 1.4/3.3 MB
2026.03.08 16:01:02 INFO  Progress (1): 1.4/3.3 MB
2026.03.08 16:01:02 INFO  Progress (1): 1.4/3.3 MB
2026.03.08 16:01:02 INFO  Progress (1): 1.4/3.3 MB
2026.03.08 16:01:02 INFO  Progress (1): 1.4/3.3 MB
2026.03.08 16:01:02 INFO  Progress (1): 1.5/3.3 MB
2026.03.08 16:01:02 INFO  Progress (1): 1.5/3.3 MB
2026.03.08 16:01:02 INFO  Progress (1): 1.5/3.3 MB
2026.03.08 16:01:02 INFO  Progress (1): 1.5/3.3 MB
2026.03.08 16:01:02 INFO  Progress (1): 1.5/3.3 MB
2026.03.08 16:01:02 INFO  Progress (1): 1.5/3.3 MB
2026.03.08 16:01:02 INFO  Progress (1): 1.6/3.3 MB
2026.03.08 16:01:02 INFO  Progress (1): 1.6/3.3 MB
2026.03.08 16:01:02 INFO  Progress (1): 1.6/3.3 MB
2026.03.08 16:01:02 INFO  Progress (1): 1.6/3.3 MB
2026.03.08 16:01:02 INFO  Progress (1): 1.6/3.3 MB
2026.03.08 16:01:02 INFO  Progress (1): 1.6/3.3 MB
2026.03.08 16:01:02 INFO  Progress (1): 1.7/3.3 MB
2026.03.08 16:01:02 INFO  Progress (1): 1.7/3.3 MB
2026.03.08 16:01:02 INFO  Progress (1): 1.7/3.3 MB
2026.03.08 16:01:02 INFO  Progress (1): 1.7/3.3 MB
2026.03.08 16:01:02 INFO  Progress (1): 1.7/3.3 MB
2026.03.08 16:01:02 INFO  Progress (1): 1.7/3.3 MB
2026.03.08 16:01:02 INFO  Progress (1): 1.8/3.3 MB
2026.03.08 16:01:02 INFO  Progress (1): 1.8/3.3 MB
2026.03.08 16:01:02 INFO  Progress (1): 1.8/3.3 MB
2026.03.08 16:01:02 INFO  Progress (1): 1.8/3.3 MB
2026.03.08 16:01:02 INFO  Progress (1): 1.8/3.3 MB
2026.03.08 16:01:02 INFO  Progress (1): 1.8/3.3 MB
2026.03.08 16:01:02 INFO  Progress (1): 1.9/3.3 MB
2026.03.08 16:01:02 INFO  Progress (1): 1.9/3.3 MB
2026.03.08 16:01:02 INFO  Progress (1): 1.9/3.3 MB
2026.03.08 16:01:02 INFO  Progress (1): 1.9/3.3 MB
2026.03.08 16:01:02 INFO  Progress (1): 1.9/3.3 MB
2026.03.08 16:01:02 INFO  Progress (1): 1.9/3.3 MB
2026.03.08 16:01:02 INFO  Progress (1): 1.9/3.3 MB
2026.03.08 16:01:02 INFO  Progress (1): 2.0/3.3 MB
2026.03.08 16:01:02 INFO  Progress (1): 2.0/3.3 MB
2026.03.08 16:01:02 INFO  Progress (1): 2.0/3.3 MB
2026.03.08 16:01:02 INFO  Progress (1): 2.0/3.3 MB
2026.03.08 16:01:02 INFO  Progress (1): 2.0/3.3 MB
2026.03.08 16:01:02 INFO  Progress (1): 2.0/3.3 MB
2026.03.08 16:01:02 INFO  Progress (1): 2.1/3.3 MB
2026.03.08 16:01:02 INFO  Progress (1): 2.1/3.3 MB
2026.03.08 16:01:02 INFO  Progress (1): 2.1/3.3 MB
2026.03.08 16:01:02 INFO  Progress (1): 2.1/3.3 MB
2026.03.08 16:01:02 INFO  Progress (1): 2.1/3.3 MB
2026.03.08 16:01:02 INFO  Progress (1): 2.1/3.3 MB
2026.03.08 16:01:02 INFO  Progress (1): 2.2/3.3 MB
2026.03.08 16:01:02 INFO  Progress (1): 2.2/3.3 MB
2026.03.08 16:01:02 INFO  Progress (1): 2.2/3.3 MB
2026.03.08 16:01:02 INFO  Progress (1): 2.2/3.3 MB
2026.03.08 16:01:02 INFO  Progress (1): 2.2/3.3 MB
2026.03.08 16:01:02 INFO  Progress (1): 2.2/3.3 MB
2026.03.08 16:01:02 INFO  Progress (1): 2.3/3.3 MB
2026.03.08 16:01:02 INFO  Progress (1): 2.3/3.3 MB
2026.03.08 16:01:02 INFO  Progress (1): 2.3/3.3 MB
2026.03.08 16:01:02 INFO  Progress (1): 2.3/3.3 MB
2026.03.08 16:01:02 INFO  Progress (1): 2.3/3.3 MB
2026.03.08 16:01:02 INFO  Progress (1): 2.3/3.3 MB
2026.03.08 16:01:02 INFO  Progress (1): 2.4/3.3 MB
2026.03.08 16:01:02 INFO  Progress (1): 2.4/3.3 MB
2026.03.08 16:01:02 INFO  Progress (1): 2.4/3.3 MB
2026.03.08 16:01:02 INFO  Progress (1): 2.4/3.3 MB
2026.03.08 16:01:02 INFO  Progress (1): 2.4/3.3 MB
2026.03.08 16:01:02 INFO  Progress (1): 2.4/3.3 MB
2026.03.08 16:01:02 INFO  Progress (1): 2.5/3.3 MB
2026.03.08 16:01:02 INFO  Progress (1): 2.5/3.3 MB
2026.03.08 16:01:02 INFO  Progress (1): 2.5/3.3 MB
2026.03.08 16:01:02 INFO  Progress (1): 2.5/3.3 MB
2026.03.08 16:01:02 INFO  Progress (1): 2.5/3.3 MB
2026.03.08 16:01:02 INFO  Progress (1): 2.5/3.3 MB
2026.03.08 16:01:02 INFO  Progress (1): 2.6/3.3 MB
2026.03.08 16:01:02 INFO  Progress (1): 2.6/3.3 MB
2026.03.08 16:01:02 INFO  Progress (1): 2.6/3.3 MB
2026.03.08 16:01:02 INFO  Progress (1): 2.6/3.3 MB
2026.03.08 16:01:02 INFO  Progress (1): 2.6/3.3 MB
2026.03.08 16:01:02 INFO  Progress (1): 2.6/3.3 MB
2026.03.08 16:01:02 INFO  Progress (1): 2.7/3.3 MB
2026.03.08 16:01:02 INFO  Progress (1): 2.7/3.3 MB
2026.03.08 16:01:02 INFO  Progress (1): 2.7/3.3 MB
2026.03.08 16:01:02 INFO  Progress (1): 2.7/3.3 MB
2026.03.08 16:01:02 INFO  Progress (1): 2.7/3.3 MB
2026.03.08 16:01:02 INFO  Progress (1): 2.7/3.3 MB
2026.03.08 16:01:02 INFO  Progress (1): 2.8/3.3 MB
2026.03.08 16:01:02 INFO  Progress (1): 2.8/3.3 MB
2026.03.08 16:01:02 INFO  Progress (1): 2.8/3.3 MB
2026.03.08 16:01:02 INFO  Progress (1): 2.8/3.3 MB
2026.03.08 16:01:02 INFO  Progress (1): 2.8/3.3 MB
2026.03.08 16:01:02 INFO  Progress (1): 2.8/3.3 MB
2026.03.08 16:01:02 INFO  Progress (1): 2.9/3.3 MB
2026.03.08 16:01:02 INFO  Progress (1): 2.9/3.3 MB
2026.03.08 16:01:02 INFO  Progress (1): 2.9/3.3 MB
2026.03.08 16:01:02 INFO  Progress (1): 2.9/3.3 MB
2026.03.08 16:01:02 INFO  Progress (1): 2.9/3.3 MB
2026.03.08 16:01:02 INFO  Progress (1): 2.9/3.3 MB
2026.03.08 16:01:02 INFO  Progress (1): 2.9/3.3 MB
2026.03.08 16:01:02 INFO  Progress (1): 3.0/3.3 MB
2026.03.08 16:01:02 INFO  Progress (1): 3.0/3.3 MB
2026.03.08 16:01:02 INFO  Progress (1): 3.0/3.3 MB
2026.03.08 16:01:02 INFO  Progress (1): 3.0/3.3 MB
2026.03.08 16:01:02 INFO  Progress (1): 3.0/3.3 MB
2026.03.08 16:01:02 INFO  Progress (1): 3.0/3.3 MB
2026.03.08 16:01:02 INFO  Progress (1): 3.1/3.3 MB
2026.03.08 16:01:02 INFO  Progress (1): 3.1/3.3 MB
2026.03.08 16:01:02 INFO  Progress (1): 3.1/3.3 MB
2026.03.08 16:01:02 INFO  Progress (1): 3.1/3.3 MB
2026.03.08 16:01:02 INFO  Progress (1): 3.1/3.3 MB
2026.03.08 16:01:02 INFO  Progress (1): 3.1/3.3 MB
2026.03.08 16:01:02 INFO  Progress (1): 3.2/3.3 MB
2026.03.08 16:01:02 INFO  Progress (1): 3.2/3.3 MB
2026.03.08 16:01:02 INFO  Progress (1): 3.2/3.3 MB
2026.03.08 16:01:02 INFO  Progress (1): 3.2/3.3 MB
2026.03.08 16:01:02 INFO  Progress (1): 3.2/3.3 MB
2026.03.08 16:01:02 INFO  Progress (1): 3.2/3.3 MB
2026.03.08 16:01:02 INFO  Progress (1): 3.3/3.3 MB
2026.03.08 16:01:02 INFO  Progress (1): 3.3/3.3 MB
2026.03.08 16:01:02 INFO  Progress (1): 3.3/3.3 MB
2026.03.08 16:01:02 INFO  Progress (1): 3.3/3.3 MB
2026.03.08 16:01:02 INFO  Progress (1): 3.3/3.3 MB
2026.03.08 16:01:02 INFO  Progress (1): 3.3 MB    
2026.03.08 16:01:02 INFO                      
2026.03.08 16:01:02 INFO  Downloaded from central: https://repo.maven.apache.org/maven2/org/apache/kafka/kafka-clients/3.8.0/kafka-clients-3.8.0-sources.jar (3.3 MB at 50 MB/s)
2026.03.08 16:01:02 INFO  [INFO] SUCCESS: org.apache.kafka:kafka-clients:jar:3.8.0:compile (sources = true)
2026.03.08 16:01:02 INFO  [INFO] Resolving artifact: org.lz4:lz4-java:jar:1.8.0:runtime (sources = false)
2026.03.08 16:01:02 INFO  [INFO] SUCCESS: org.lz4:lz4-java:jar:1.8.0:runtime (sources = false)
2026.03.08 16:01:02 INFO  [INFO] Resolving artifact: org.lz4:lz4-java:jar:1.8.0:runtime (sources = true)
2026.03.08 16:01:02 INFO  Downloading from central: https://repo.maven.apache.org/maven2/org/lz4/lz4-java/1.8.0/lz4-java-1.8.0-sources.jar
2026.03.08 16:01:02 INFO  Progress (1): 7.7/68 kB
2026.03.08 16:01:02 INFO  Progress (1): 8.2/68 kB
2026.03.08 16:01:02 INFO  Progress (1): 25/68 kB 
2026.03.08 16:01:02 INFO  Progress (1): 41/68 kB
2026.03.08 16:01:02 INFO  Progress (1): 57/68 kB
2026.03.08 16:01:02 INFO  Progress (1): 66/68 kB
2026.03.08 16:01:02 INFO  Progress (1): 68 kB   
2026.03.08 16:01:02 INFO                     
2026.03.08 16:01:02 INFO  Downloaded from central: https://repo.maven.apache.org/maven2/org/lz4/lz4-java/1.8.0/lz4-java-1.8.0-sources.jar (68 kB at 2.3 MB/s)
2026.03.08 16:01:02 INFO  [INFO] SUCCESS: org.lz4:lz4-java:jar:1.8.0:runtime (sources = true)
2026.03.08 16:01:02 INFO  [INFO] Resolving artifact: org.apache.pekko:pekko-actor-testkit-typed_3:jar:1.1.2:test (sources = false)
2026.03.08 16:01:02 INFO  Downloading from central: https://repo.maven.apache.org/maven2/org/apache/pekko/pekko-actor-testkit-typed_3/1.1.2/pekko-actor-testkit-typed_3-1.1.2.jar
2026.03.08 16:01:02 INFO  Progress (1): 3.4/496 kB
2026.03.08 16:01:02 INFO  Progress (1): 13/496 kB 
2026.03.08 16:01:02 INFO  Progress (1): 21/496 kB
2026.03.08 16:01:02 INFO  Progress (1): 37/496 kB
2026.03.08 16:01:02 INFO  Progress (1): 42/496 kB
2026.03.08 16:01:02 INFO  Progress (1): 50/496 kB
2026.03.08 16:01:02 INFO  Progress (1): 58/496 kB
2026.03.08 16:01:02 INFO  Progress (1): 75/496 kB
2026.03.08 16:01:02 INFO  Progress (1): 91/496 kB
2026.03.08 16:01:02 INFO  Progress (1): 97/496 kB
2026.03.08 16:01:02 INFO  Progress (1): 114/496 kB
2026.03.08 16:01:02 INFO  Progress (1): 130/496 kB
2026.03.08 16:01:02 INFO  Progress (1): 130/496 kB
2026.03.08 16:01:02 INFO  Progress (1): 147/496 kB
2026.03.08 16:01:02 INFO  Progress (1): 163/496 kB
2026.03.08 16:01:02 INFO  Progress (1): 179/496 kB
2026.03.08 16:01:02 INFO  Progress (1): 181/496 kB
2026.03.08 16:01:02 INFO  Progress (1): 189/496 kB
2026.03.08 16:01:02 INFO  Progress (1): 197/496 kB
2026.03.08 16:01:02 INFO  Progress (1): 213/496 kB
2026.03.08 16:01:02 INFO  Progress (1): 221/496 kB
2026.03.08 16:01:02 INFO  Progress (1): 237/496 kB
2026.03.08 16:01:02 INFO  Progress (1): 244/496 kB
2026.03.08 16:01:02 INFO  Progress (1): 252/496 kB
2026.03.08 16:01:02 INFO  Progress (1): 261/496 kB
2026.03.08 16:01:02 INFO  Progress (1): 269/496 kB
2026.03.08 16:01:02 INFO  Progress (1): 277/496 kB
2026.03.08 16:01:02 INFO  Progress (1): 293/496 kB
2026.03.08 16:01:02 INFO  Progress (1): 302/496 kB
2026.03.08 16:01:02 INFO  Progress (1): 310/496 kB
2026.03.08 16:01:02 INFO  Progress (1): 326/496 kB
2026.03.08 16:01:02 INFO  Progress (1): 343/496 kB
2026.03.08 16:01:02 INFO  Progress (1): 359/496 kB
2026.03.08 16:01:02 INFO  Progress (1): 375/496 kB
2026.03.08 16:01:02 INFO  Progress (1): 392/496 kB
2026.03.08 16:01:02 INFO  Progress (1): 408/496 kB
2026.03.08 16:01:02 INFO  Progress (1): 416/496 kB
2026.03.08 16:01:02 INFO  Progress (1): 433/496 kB
2026.03.08 16:01:02 INFO  Progress (1): 441/496 kB
2026.03.08 16:01:02 INFO  Progress (1): 457/496 kB
2026.03.08 16:01:02 INFO  Progress (1): 474/496 kB
2026.03.08 16:01:02 INFO  Progress (1): 474/496 kB
2026.03.08 16:01:02 INFO  Progress (1): 482/496 kB
2026.03.08 16:01:02 INFO  Progress (1): 490/496 kB
2026.03.08 16:01:02 INFO  Progress (1): 496 kB    
2026.03.08 16:01:02 INFO                      
2026.03.08 16:01:02 INFO  Downloaded from central: https://repo.maven.apache.org/maven2/org/apache/pekko/pekko-actor-testkit-typed_3/1.1.2/pekko-actor-testkit-typed_3-1.1.2.jar (496 kB at 1.3 MB/s)
2026.03.08 16:01:02 INFO  [INFO] SUCCESS: org.apache.pekko:pekko-actor-testkit-typed_3:jar:1.1.2:test (sources = false)
2026.03.08 16:01:02 INFO  [INFO] Resolving artifact: org.apache.pekko:pekko-actor-testkit-typed_3:jar:1.1.2:test (sources = true)
2026.03.08 16:01:02 INFO  Downloading from central: https://repo.maven.apache.org/maven2/org/apache/pekko/pekko-actor-testkit-typed_3/1.1.2/pekko-actor-testkit-typed_3-1.1.2-sources.jar
2026.03.08 16:01:02 INFO  Progress (1): 7.7/81 kB
2026.03.08 16:01:02 INFO  Progress (1): 8.2/81 kB
2026.03.08 16:01:02 INFO  Progress (1): 13/81 kB 
2026.03.08 16:01:02 INFO  Progress (1): 29/81 kB
2026.03.08 16:01:02 INFO  Progress (1): 41/81 kB
2026.03.08 16:01:02 INFO  Progress (1): 49/81 kB
2026.03.08 16:01:02 INFO  Progress (1): 58/81 kB
2026.03.08 16:01:02 INFO  Progress (1): 74/81 kB
2026.03.08 16:01:02 INFO  Progress (1): 81 kB   
2026.03.08 16:01:02 INFO                     
2026.03.08 16:01:02 INFO  Downloaded from central: https://repo.maven.apache.org/maven2/org/apache/pekko/pekko-actor-testkit-typed_3/1.1.2/pekko-actor-testkit-typed_3-1.1.2-sources.jar (81 kB at 292 kB/s)
2026.03.08 16:01:02 INFO  [INFO] SUCCESS: org.apache.pekko:pekko-actor-testkit-typed_3:jar:1.1.2:test (sources = true)
2026.03.08 16:01:02 INFO  [INFO] Resolving artifact: org.apache.pekko:pekko-actor-typed_3:jar:1.1.2:test (sources = false)
2026.03.08 16:01:02 INFO  Downloading from central: https://repo.maven.apache.org/maven2/org/apache/pekko/pekko-actor-typed_3/1.1.2/pekko-actor-typed_3-1.1.2.jar
2026.03.08 16:01:03 INFO  Progress (1): 0/1.6 MB
2026.03.08 16:01:03 INFO  Progress (1): 0/1.6 MB
2026.03.08 16:01:03 INFO  Progress (1): 0/1.6 MB
2026.03.08 16:01:03 INFO  Progress (1): 0/1.6 MB
2026.03.08 16:01:03 INFO  Progress (1): 0/1.6 MB
2026.03.08 16:01:03 INFO  Progress (1): 0/1.6 MB
2026.03.08 16:01:03 INFO  Progress (1): 0.1/1.6 MB
2026.03.08 16:01:03 INFO  Progress (1): 0.1/1.6 MB
2026.03.08 16:01:03 INFO  Progress (1): 0.1/1.6 MB
2026.03.08 16:01:03 INFO  Progress (1): 0.1/1.6 MB
2026.03.08 16:01:03 INFO  Progress (1): 0.1/1.6 MB
2026.03.08 16:01:03 INFO  Progress (1): 0.1/1.6 MB
2026.03.08 16:01:03 INFO  Progress (1): 0.1/1.6 MB
2026.03.08 16:01:03 INFO  Progress (1): 0.1/1.6 MB
2026.03.08 16:01:03 INFO  Progress (1): 0.2/1.6 MB
2026.03.08 16:01:03 INFO  Progress (1): 0.2/1.6 MB
2026.03.08 16:01:03 INFO  Progress (1): 0.2/1.6 MB
2026.03.08 16:01:03 INFO  Progress (1): 0.2/1.6 MB
2026.03.08 16:01:03 INFO  Progress (1): 0.2/1.6 MB
2026.03.08 16:01:03 INFO  Progress (1): 0.2/1.6 MB
2026.03.08 16:01:03 INFO  Progress (1): 0.2/1.6 MB
2026.03.08 16:01:03 INFO  Progress (1): 0.2/1.6 MB
2026.03.08 16:01:03 INFO  Progress (1): 0.3/1.6 MB
2026.03.08 16:01:03 INFO  Progress (1): 0.3/1.6 MB
2026.03.08 16:01:03 INFO  Progress (1): 0.3/1.6 MB
2026.03.08 16:01:03 INFO  Progress (1): 0.3/1.6 MB
2026.03.08 16:01:03 INFO  Progress (1): 0.3/1.6 MB
2026.03.08 16:01:03 INFO  Progress (1): 0.3/1.6 MB
2026.03.08 16:01:03 INFO  Progress (1): 0.3/1.6 MB
2026.03.08 16:01:03 INFO  Progress (1): 0.3/1.6 MB
2026.03.08 16:01:03 INFO  Progress (1): 0.4/1.6 MB
2026.03.08 16:01:03 INFO  Progress (1): 0.4/1.6 MB
2026.03.08 16:01:03 INFO  Progress (1): 0.4/1.6 MB
2026.03.08 16:01:03 INFO  Progress (1): 0.4/1.6 MB
2026.03.08 16:01:03 INFO  Progress (1): 0.4/1.6 MB
2026.03.08 16:01:03 INFO  Progress (1): 0.4/1.6 MB
2026.03.08 16:01:03 INFO  Progress (1): 0.4/1.6 MB
2026.03.08 16:01:03 INFO  Progress (1): 0.4/1.6 MB
2026.03.08 16:01:03 INFO  Progress (1): 0.4/1.6 MB
2026.03.08 16:01:03 INFO  Progress (1): 0.5/1.6 MB
2026.03.08 16:01:03 INFO  Progress (1): 0.5/1.6 MB
2026.03.08 16:01:03 INFO  Progress (1): 0.5/1.6 MB
2026.03.08 16:01:03 INFO  Progress (1): 0.5/1.6 MB
2026.03.08 16:01:03 INFO  Progress (1): 0.5/1.6 MB
2026.03.08 16:01:03 INFO  Progress (1): 0.5/1.6 MB
2026.03.08 16:01:03 INFO  Progress (1): 0.5/1.6 MB
2026.03.08 16:01:03 INFO  Progress (1): 0.5/1.6 MB
2026.03.08 16:01:03 INFO  Progress (1): 0.6/1.6 MB
2026.03.08 16:01:03 INFO  Progress (1): 0.6/1.6 MB
2026.03.08 16:01:03 INFO  Progress (1): 0.6/1.6 MB
2026.03.08 16:01:03 INFO  Progress (1): 0.6/1.6 MB
2026.03.08 16:01:03 INFO  Progress (1): 0.6/1.6 MB
2026.03.08 16:01:03 INFO  Progress (1): 0.6/1.6 MB
2026.03.08 16:01:03 INFO  Progress (1): 0.6/1.6 MB
2026.03.08 16:01:03 INFO  Progress (1): 0.6/1.6 MB
2026.03.08 16:01:03 INFO  Progress (1): 0.7/1.6 MB
2026.03.08 16:01:03 INFO  Progress (1): 0.7/1.6 MB
2026.03.08 16:01:03 INFO  Progress (1): 0.7/1.6 MB
2026.03.08 16:01:03 INFO  Progress (1): 0.7/1.6 MB
2026.03.08 16:01:03 INFO  Progress (1): 0.7/1.6 MB
2026.03.08 16:01:03 INFO  Progress (1): 0.7/1.6 MB
2026.03.08 16:01:03 INFO  Progress (1): 0.7/1.6 MB
2026.03.08 16:01:03 INFO  Progress (1): 0.8/1.6 MB
2026.03.08 16:01:03 INFO  Progress (1): 0.8/1.6 MB
2026.03.08 16:01:03 INFO  Progress (1): 0.8/1.6 MB
2026.03.08 16:01:03 INFO  Progress (1): 0.8/1.6 MB
2026.03.08 16:01:03 INFO  Progress (1): 0.8/1.6 MB
2026.03.08 16:01:03 INFO  Progress (1): 0.8/1.6 MB
2026.03.08 16:01:03 INFO  Progress (1): 0.8/1.6 MB
2026.03.08 16:01:03 INFO  Progress (1): 0.8/1.6 MB
2026.03.08 16:01:03 INFO  Progress (1): 0.9/1.6 MB
2026.03.08 16:01:03 INFO  Progress (1): 0.9/1.6 MB
2026.03.08 16:01:03 INFO  Progress (1): 0.9/1.6 MB
2026.03.08 16:01:03 INFO  Progress (1): 0.9/1.6 MB
2026.03.08 16:01:03 INFO  Progress (1): 0.9/1.6 MB
2026.03.08 16:01:03 INFO  Progress (1): 0.9/1.6 MB
2026.03.08 16:01:03 INFO  Progress (1): 0.9/1.6 MB
2026.03.08 16:01:03 INFO  Progress (1): 1.0/1.6 MB
2026.03.08 16:01:03 INFO  Progress (1): 1.0/1.6 MB
2026.03.08 16:01:03 INFO  Progress (1): 1.0/1.6 MB
2026.03.08 16:01:03 INFO  Progress (1): 1.0/1.6 MB
2026.03.08 16:01:03 INFO  Progress (1): 1.0/1.6 MB
2026.03.08 16:01:03 INFO  Progress (1): 1.0/1.6 MB
2026.03.08 16:01:03 INFO  Progress (1): 1.0/1.6 MB
2026.03.08 16:01:03 INFO  Progress (1): 1.1/1.6 MB
2026.03.08 16:01:03 INFO  Progress (1): 1.1/1.6 MB
2026.03.08 16:01:03 INFO  Progress (1): 1.1/1.6 MB
2026.03.08 16:01:03 INFO  Progress (1): 1.1/1.6 MB
2026.03.08 16:01:03 INFO  Progress (1): 1.1/1.6 MB
2026.03.08 16:01:03 INFO  Progress (1): 1.1/1.6 MB
2026.03.08 16:01:03 INFO  Progress (1): 1.1/1.6 MB
2026.03.08 16:01:03 INFO  Progress (1): 1.2/1.6 MB
2026.03.08 16:01:03 INFO  Progress (1): 1.2/1.6 MB
2026.03.08 16:01:03 INFO  Progress (1): 1.2/1.6 MB
2026.03.08 16:01:03 INFO  Progress (1): 1.2/1.6 MB
2026.03.08 16:01:03 INFO  Progress (1): 1.2/1.6 MB
2026.03.08 16:01:03 INFO  Progress (1): 1.2/1.6 MB
2026.03.08 16:01:03 INFO  Progress (1): 1.3/1.6 MB
2026.03.08 16:01:03 INFO  Progress (1): 1.3/1.6 MB
2026.03.08 16:01:03 INFO  Progress (1): 1.3/1.6 MB
2026.03.08 16:01:03 INFO  Progress (1): 1.3/1.6 MB
2026.03.08 16:01:03 INFO  Progress (1): 1.3/1.6 MB
2026.03.08 16:01:03 INFO  Progress (1): 1.3/1.6 MB
2026.03.08 16:01:03 INFO  Progress (1): 1.3/1.6 MB
2026.03.08 16:01:03 INFO  Progress (1): 1.4/1.6 MB
2026.03.08 16:01:03 INFO  Progress (1): 1.4/1.6 MB
2026.03.08 16:01:03 INFO  Progress (1): 1.4/1.6 MB
2026.03.08 16:01:03 INFO  Progress (1): 1.4/1.6 MB
2026.03.08 16:01:03 INFO  Progress (1): 1.4/1.6 MB
2026.03.08 16:01:03 INFO  Progress (1): 1.4/1.6 MB
2026.03.08 16:01:03 INFO  Progress (1): 1.4/1.6 MB
2026.03.08 16:01:03 INFO  Progress (1): 1.4/1.6 MB
2026.03.08 16:01:03 INFO  Progress (1): 1.5/1.6 MB
2026.03.08 16:01:03 INFO  Progress (1): 1.5/1.6 MB
2026.03.08 16:01:03 INFO  Progress (1): 1.5/1.6 MB
2026.03.08 16:01:03 INFO  Progress (1): 1.5/1.6 MB
2026.03.08 16:01:03 INFO  Progress (1): 1.5/1.6 MB
2026.03.08 16:01:03 INFO  Progress (1): 1.5/1.6 MB
2026.03.08 16:01:03 INFO  Progress (1): 1.5/1.6 MB
2026.03.08 16:01:03 INFO  Progress (1): 1.6/1.6 MB
2026.03.08 16:01:03 INFO  Progress (1): 1.6/1.6 MB
2026.03.08 16:01:03 INFO  Progress (1): 1.6/1.6 MB
2026.03.08 16:01:03 INFO  Progress (1): 1.6/1.6 MB
2026.03.08 16:01:03 INFO  Progress (1): 1.6/1.6 MB
2026.03.08 16:01:03 INFO  Progress (1): 1.6/1.6 MB
2026.03.08 16:01:03 INFO  Progress (1): 1.6 MB    
2026.03.08 16:01:03 INFO                      
2026.03.08 16:01:03 INFO  Downloaded from central: https://repo.maven.apache.org/maven2/org/apache/pekko/pekko-actor-typed_3/1.1.2/pekko-actor-typed_3-1.1.2.jar (1.6 MB at 4.3 MB/s)
2026.03.08 16:01:03 INFO  [INFO] SUCCESS: org.apache.pekko:pekko-actor-typed_3:jar:1.1.2:test (sources = false)
2026.03.08 16:01:03 INFO  [INFO] Resolving artifact: org.apache.pekko:pekko-actor-typed_3:jar:1.1.2:test (sources = true)
2026.03.08 16:01:03 INFO  Downloading from central: https://repo.maven.apache.org/maven2/org/apache/pekko/pekko-actor-typed_3/1.1.2/pekko-actor-typed_3-1.1.2-sources.jar
2026.03.08 16:01:03 INFO  Progress (1): 7.7/197 kB
2026.03.08 16:01:03 INFO  Progress (1): 13/197 kB 
2026.03.08 16:01:03 INFO  Progress (1): 21/197 kB
2026.03.08 16:01:03 INFO  Progress (1): 37/197 kB
2026.03.08 16:01:03 INFO  Progress (1): 41/197 kB
2026.03.08 16:01:03 INFO  Progress (1): 49/197 kB
2026.03.08 16:01:03 INFO  Progress (1): 54/197 kB
2026.03.08 16:01:03 INFO  Progress (1): 63/197 kB
2026.03.08 16:01:03 INFO  Progress (1): 71/197 kB
2026.03.08 16:01:03 INFO  Progress (1): 87/197 kB
2026.03.08 16:01:03 INFO  Progress (1): 99/197 kB
2026.03.08 16:01:03 INFO  Progress (1): 107/197 kB
2026.03.08 16:01:03 INFO  Progress (1): 123/197 kB
2026.03.08 16:01:03 INFO  Progress (1): 140/197 kB
2026.03.08 16:01:03 INFO  Progress (1): 156/197 kB
2026.03.08 16:01:03 INFO  Progress (1): 173/197 kB
2026.03.08 16:01:03 INFO  Progress (1): 189/197 kB
2026.03.08 16:01:03 INFO  Progress (1): 192/197 kB
2026.03.08 16:01:03 INFO  Progress (1): 197 kB    
2026.03.08 16:01:03 INFO                      
2026.03.08 16:01:03 INFO  Downloaded from central: https://repo.maven.apache.org/maven2/org/apache/pekko/pekko-actor-typed_3/1.1.2/pekko-actor-typed_3-1.1.2-sources.jar (197 kB at 547 kB/s)
2026.03.08 16:01:03 INFO  [INFO] SUCCESS: org.apache.pekko:pekko-actor-typed_3:jar:1.1.2:test (sources = true)
2026.03.08 16:01:03 INFO  [INFO] Resolving artifact: org.apache.pekko:pekko-testkit_3:jar:1.1.2:test (sources = false)
2026.03.08 16:01:03 INFO  Downloading from central: https://repo.maven.apache.org/maven2/org/apache/pekko/pekko-testkit_3/1.1.2/pekko-testkit_3-1.1.2.jar
2026.03.08 16:01:03 INFO  Progress (1): 7.7/374 kB
2026.03.08 16:01:03 INFO  Progress (1): 8.2/374 kB
2026.03.08 16:01:03 INFO  Progress (1): 16/374 kB 
2026.03.08 16:01:03 INFO  Progress (1): 25/374 kB
2026.03.08 16:01:03 INFO  Progress (1): 41/374 kB
2026.03.08 16:01:03 INFO  Progress (1): 57/374 kB
2026.03.08 16:01:03 INFO  Progress (1): 66/374 kB
2026.03.08 16:01:03 INFO  Progress (1): 74/374 kB
2026.03.08 16:01:03 INFO  Progress (1): 82/374 kB
2026.03.08 16:01:03 INFO  Progress (1): 90/374 kB
2026.03.08 16:01:03 INFO  Progress (1): 98/374 kB
2026.03.08 16:01:03 INFO  Progress (1): 115/374 kB
2026.03.08 16:01:03 INFO  Progress (1): 131/374 kB
2026.03.08 16:01:03 INFO  Progress (1): 147/374 kB
2026.03.08 16:01:03 INFO  Progress (1): 164/374 kB
2026.03.08 16:01:03 INFO  Progress (1): 180/374 kB
2026.03.08 16:01:03 INFO  Progress (1): 197/374 kB
2026.03.08 16:01:03 INFO  Progress (1): 213/374 kB
2026.03.08 16:01:03 INFO  Progress (1): 229/374 kB
2026.03.08 16:01:03 INFO  Progress (1): 246/374 kB
2026.03.08 16:01:03 INFO  Progress (1): 262/374 kB
2026.03.08 16:01:03 INFO  Progress (1): 279/374 kB
2026.03.08 16:01:03 INFO  Progress (1): 295/374 kB
2026.03.08 16:01:03 INFO  Progress (1): 311/374 kB
2026.03.08 16:01:03 INFO  Progress (1): 328/374 kB
2026.03.08 16:01:03 INFO  Progress (1): 344/374 kB
2026.03.08 16:01:03 INFO  Progress (1): 360/374 kB
2026.03.08 16:01:03 INFO  Progress (1): 374 kB    
2026.03.08 16:01:03 INFO                      
2026.03.08 16:01:03 INFO  Downloaded from central: https://repo.maven.apache.org/maven2/org/apache/pekko/pekko-testkit_3/1.1.2/pekko-testkit_3-1.1.2.jar (374 kB at 6.0 MB/s)
2026.03.08 16:01:03 INFO  [INFO] SUCCESS: org.apache.pekko:pekko-testkit_3:jar:1.1.2:test (sources = false)
2026.03.08 16:01:03 INFO  [INFO] Resolving artifact: org.apache.pekko:pekko-testkit_3:jar:1.1.2:test (sources = true)
2026.03.08 16:01:03 INFO  Downloading from central: https://repo.maven.apache.org/maven2/org/apache/pekko/pekko-testkit_3/1.1.2/pekko-testkit_3-1.1.2-sources.jar
2026.03.08 16:01:03 INFO  Progress (1): 7.7/49 kB
2026.03.08 16:01:03 INFO  Progress (1): 13/49 kB 
2026.03.08 16:01:03 INFO  Progress (1): 29/49 kB
2026.03.08 16:01:03 INFO  Progress (1): 41/49 kB
2026.03.08 16:01:03 INFO  Progress (1): 49 kB   
2026.03.08 16:01:03 INFO                     
2026.03.08 16:01:03 INFO  Downloaded from central: https://repo.maven.apache.org/maven2/org/apache/pekko/pekko-testkit_3/1.1.2/pekko-testkit_3-1.1.2-sources.jar (49 kB at 145 kB/s)
2026.03.08 16:01:03 INFO  [INFO] SUCCESS: org.apache.pekko:pekko-testkit_3:jar:1.1.2:test (sources = true)
2026.03.08 16:01:03 INFO  [INFO] Resolving artifact: org.apache.pekko:pekko-stream-testkit_3:jar:1.1.2:test (sources = false)
2026.03.08 16:01:03 INFO  Downloading from central: https://repo.maven.apache.org/maven2/org/apache/pekko/pekko-stream-testkit_3/1.1.2/pekko-stream-testkit_3-1.1.2.jar
2026.03.08 16:01:03 INFO  Progress (1): 8.2/183 kB
2026.03.08 16:01:03 INFO  Progress (1): 16/183 kB 
2026.03.08 16:01:03 INFO  Progress (1): 33/183 kB
2026.03.08 16:01:03 INFO  Progress (1): 49/183 kB
2026.03.08 16:01:03 INFO  Progress (1): 66/183 kB
2026.03.08 16:01:03 INFO  Progress (1): 82/183 kB
2026.03.08 16:01:03 INFO  Progress (1): 98/183 kB
2026.03.08 16:01:03 INFO  Progress (1): 115/183 kB
2026.03.08 16:01:03 INFO  Progress (1): 131/183 kB
2026.03.08 16:01:03 INFO  Progress (1): 139/183 kB
2026.03.08 16:01:03 INFO  Progress (1): 156/183 kB
2026.03.08 16:01:03 INFO  Progress (1): 164/183 kB
2026.03.08 16:01:03 INFO  Progress (1): 172/183 kB
2026.03.08 16:01:03 INFO  Progress (1): 183 kB    
2026.03.08 16:01:03 INFO                      
2026.03.08 16:01:03 INFO  Downloaded from central: https://repo.maven.apache.org/maven2/org/apache/pekko/pekko-stream-testkit_3/1.1.2/pekko-stream-testkit_3-1.1.2.jar (183 kB at 3.5 MB/s)
2026.03.08 16:01:03 INFO  [INFO] SUCCESS: org.apache.pekko:pekko-stream-testkit_3:jar:1.1.2:test (sources = false)
2026.03.08 16:01:03 INFO  [INFO] Resolving artifact: org.apache.pekko:pekko-stream-testkit_3:jar:1.1.2:test (sources = true)
2026.03.08 16:01:03 INFO  Downloading from central: https://repo.maven.apache.org/maven2/org/apache/pekko/pekko-stream-testkit_3/1.1.2/pekko-stream-testkit_3-1.1.2-sources.jar
2026.03.08 16:01:04 INFO  Progress (1): 7.7/20 kB
2026.03.08 16:01:04 INFO  Progress (1): 13/20 kB 
2026.03.08 16:01:04 INFO  Progress (1): 18/20 kB
2026.03.08 16:01:04 INFO  Progress (1): 20 kB   
2026.03.08 16:01:04 INFO                     
2026.03.08 16:01:04 INFO  Downloaded from central: https://repo.maven.apache.org/maven2/org/apache/pekko/pekko-stream-testkit_3/1.1.2/pekko-stream-testkit_3-1.1.2-sources.jar (20 kB at 88 kB/s)
2026.03.08 16:01:04 INFO  [INFO] SUCCESS: org.apache.pekko:pekko-stream-testkit_3:jar:1.1.2:test (sources = true)
2026.03.08 16:01:04 INFO  [INFO] Resolving artifact: org.apache.pekko:pekko-http-testkit_3:jar:1.0.1:test (sources = false)
2026.03.08 16:01:04 INFO  Downloading from central: https://repo.maven.apache.org/maven2/org/apache/pekko/pekko-http-testkit_3/1.0.1/pekko-http-testkit_3-1.0.1.jar
2026.03.08 16:01:04 INFO  Progress (1): 7.7/172 kB
2026.03.08 16:01:04 INFO  Progress (1): 13/172 kB 
2026.03.08 16:01:04 INFO  Progress (1): 21/172 kB
2026.03.08 16:01:04 INFO  Progress (1): 37/172 kB
2026.03.08 16:01:04 INFO  Progress (1): 42/172 kB
2026.03.08 16:01:04 INFO  Progress (1): 44/172 kB
2026.03.08 16:01:04 INFO  Progress (1): 61/172 kB
2026.03.08 16:01:04 INFO  Progress (1): 77/172 kB
2026.03.08 16:01:04 INFO  Progress (1): 93/172 kB
2026.03.08 16:01:04 INFO  Progress (1): 99/172 kB
2026.03.08 16:01:04 INFO  Progress (1): 115/172 kB
2026.03.08 16:01:04 INFO  Progress (1): 118/172 kB
2026.03.08 16:01:04 INFO  Progress (1): 134/172 kB
2026.03.08 16:01:04 INFO  Progress (1): 139/172 kB
2026.03.08 16:01:04 INFO  Progress (1): 155/172 kB
2026.03.08 16:01:04 INFO  Progress (1): 172/172 kB
2026.03.08 16:01:04 INFO  Progress (1): 172 kB    
2026.03.08 16:01:04 INFO                      
2026.03.08 16:01:04 INFO  Downloaded from central: https://repo.maven.apache.org/maven2/org/apache/pekko/pekko-http-testkit_3/1.0.1/pekko-http-testkit_3-1.0.1.jar (172 kB at 529 kB/s)
2026.03.08 16:01:04 INFO  [INFO] SUCCESS: org.apache.pekko:pekko-http-testkit_3:jar:1.0.1:test (sources = false)
2026.03.08 16:01:04 INFO  [INFO] Resolving artifact: org.apache.pekko:pekko-http-testkit_3:jar:1.0.1:test (sources = true)
2026.03.08 16:01:04 INFO  Downloading from central: https://repo.maven.apache.org/maven2/org/apache/pekko/pekko-http-testkit_3/1.0.1/pekko-http-testkit_3-1.0.1-sources.jar
2026.03.08 16:01:04 INFO  Progress (1): 7.7/29 kB
2026.03.08 16:01:04 INFO  Progress (1): 13/29 kB 
2026.03.08 16:01:04 INFO  Progress (1): 29 kB   
2026.03.08 16:01:04 INFO                     
2026.03.08 16:01:04 INFO  Downloaded from central: https://repo.maven.apache.org/maven2/org/apache/pekko/pekko-http-testkit_3/1.0.1/pekko-http-testkit_3-1.0.1-sources.jar (29 kB at 125 kB/s)
2026.03.08 16:01:04 INFO  [INFO] SUCCESS: org.apache.pekko:pekko-http-testkit_3:jar:1.0.1:test (sources = true)
2026.03.08 16:01:04 INFO  [INFO] Resolving artifact: org.junit.jupiter:junit-jupiter:jar:5.10.2:test (sources = false)
2026.03.08 16:01:04 INFO  Downloading from central: https://repo.maven.apache.org/maven2/org/junit/jupiter/junit-jupiter/5.10.2/junit-jupiter-5.10.2.jar
2026.03.08 16:01:04 INFO  Progress (1): 6.4 kB
2026.03.08 16:01:04 INFO                      
2026.03.08 16:01:04 INFO  Downloaded from central: https://repo.maven.apache.org/maven2/org/junit/jupiter/junit-jupiter/5.10.2/junit-jupiter-5.10.2.jar (6.4 kB at 199 kB/s)
2026.03.08 16:01:04 INFO  [INFO] SUCCESS: org.junit.jupiter:junit-jupiter:jar:5.10.2:test (sources = false)
2026.03.08 16:01:04 INFO  [INFO] Resolving artifact: org.junit.jupiter:junit-jupiter:jar:5.10.2:test (sources = true)
2026.03.08 16:01:04 INFO  Downloading from central: https://repo.maven.apache.org/maven2/org/junit/jupiter/junit-jupiter/5.10.2/junit-jupiter-5.10.2-sources.jar
2026.03.08 16:01:04 INFO  Progress (1): 6.1 kB
2026.03.08 16:01:04 INFO                      
2026.03.08 16:01:04 INFO  Downloaded from central: https://repo.maven.apache.org/maven2/org/junit/jupiter/junit-jupiter/5.10.2/junit-jupiter-5.10.2-sources.jar (6.1 kB at 203 kB/s)
2026.03.08 16:01:04 INFO  [INFO] SUCCESS: org.junit.jupiter:junit-jupiter:jar:5.10.2:test (sources = true)
2026.03.08 16:01:04 INFO  [INFO] Resolving artifact: org.junit.jupiter:junit-jupiter-api:jar:5.10.2:test (sources = false)
2026.03.08 16:01:04 INFO  Downloading from central: https://repo.maven.apache.org/maven2/org/junit/jupiter/junit-jupiter-api/5.10.2/junit-jupiter-api-5.10.2.jar
2026.03.08 16:01:04 INFO  Progress (1): 7.7/211 kB
2026.03.08 16:01:04 INFO  Progress (1): 16/211 kB 
2026.03.08 16:01:04 INFO  Progress (1): 25/211 kB
2026.03.08 16:01:04 INFO  Progress (1): 41/211 kB
2026.03.08 16:01:04 INFO  Progress (1): 49/211 kB
2026.03.08 16:01:04 INFO  Progress (1): 66/211 kB
2026.03.08 16:01:04 INFO  Progress (1): 82/211 kB
2026.03.08 16:01:04 INFO  Progress (1): 98/211 kB
2026.03.08 16:01:04 INFO  Progress (1): 106/211 kB
2026.03.08 16:01:04 INFO  Progress (1): 115/211 kB
2026.03.08 16:01:04 INFO  Progress (1): 131/211 kB
2026.03.08 16:01:04 INFO  Progress (1): 147/211 kB
2026.03.08 16:01:04 INFO  Progress (1): 156/211 kB
2026.03.08 16:01:04 INFO  Progress (1): 164/211 kB
2026.03.08 16:01:04 INFO  Progress (1): 180/211 kB
2026.03.08 16:01:04 INFO  Progress (1): 197/211 kB
2026.03.08 16:01:04 INFO  Progress (1): 205/211 kB
2026.03.08 16:01:04 INFO  Progress (1): 211 kB    
2026.03.08 16:01:04 INFO                      
2026.03.08 16:01:04 INFO  Downloaded from central: https://repo.maven.apache.org/maven2/org/junit/jupiter/junit-jupiter-api/5.10.2/junit-jupiter-api-5.10.2.jar (211 kB at 6.6 MB/s)
2026.03.08 16:01:04 INFO  [INFO] SUCCESS: org.junit.jupiter:junit-jupiter-api:jar:5.10.2:test (sources = false)
2026.03.08 16:01:04 INFO  [INFO] Resolving artifact: org.junit.jupiter:junit-jupiter-api:jar:5.10.2:test (sources = true)
2026.03.08 16:01:04 INFO  Downloading from central: https://repo.maven.apache.org/maven2/org/junit/jupiter/junit-jupiter-api/5.10.2/junit-jupiter-api-5.10.2-sources.jar
2026.03.08 16:01:04 INFO  Progress (1): 7.7/210 kB
2026.03.08 16:01:04 INFO  Progress (1): 16/210 kB 
2026.03.08 16:01:04 INFO  Progress (1): 28/210 kB
2026.03.08 16:01:04 INFO  Progress (1): 44/210 kB
2026.03.08 16:01:04 INFO  Progress (1): 61/210 kB
2026.03.08 16:01:04 INFO  Progress (1): 77/210 kB
2026.03.08 16:01:04 INFO  Progress (1): 93/210 kB
2026.03.08 16:01:04 INFO  Progress (1): 110/210 kB
2026.03.08 16:01:04 INFO  Progress (1): 126/210 kB
2026.03.08 16:01:04 INFO  Progress (1): 139/210 kB
2026.03.08 16:01:04 INFO  Progress (1): 156/210 kB
2026.03.08 16:01:04 INFO  Progress (1): 164/210 kB
2026.03.08 16:01:04 INFO  Progress (1): 172/210 kB
2026.03.08 16:01:04 INFO  Progress (1): 188/210 kB
2026.03.08 16:01:04 INFO  Progress (1): 205/210 kB
2026.03.08 16:01:04 INFO  Progress (1): 210 kB    
2026.03.08 16:01:04 INFO                      
2026.03.08 16:01:04 INFO  Downloaded from central: https://repo.maven.apache.org/maven2/org/junit/jupiter/junit-jupiter-api/5.10.2/junit-jupiter-api-5.10.2-sources.jar (210 kB at 6.4 MB/s)
2026.03.08 16:01:04 INFO  [INFO] SUCCESS: org.junit.jupiter:junit-jupiter-api:jar:5.10.2:test (sources = true)
2026.03.08 16:01:04 INFO  [INFO] Resolving artifact: org.opentest4j:opentest4j:jar:1.3.0:test (sources = false)
2026.03.08 16:01:04 INFO  [INFO] SUCCESS: org.opentest4j:opentest4j:jar:1.3.0:test (sources = false)
2026.03.08 16:01:04 INFO  [INFO] Resolving artifact: org.opentest4j:opentest4j:jar:1.3.0:test (sources = true)
2026.03.08 16:01:04 INFO  Downloading from central: https://repo.maven.apache.org/maven2/org/opentest4j/opentest4j/1.3.0/opentest4j-1.3.0-sources.jar
2026.03.08 16:01:04 INFO  Progress (1): 7.7/10 kB
2026.03.08 16:01:04 INFO  Progress (1): 10 kB    
2026.03.08 16:01:04 INFO                     
2026.03.08 16:01:04 INFO  Downloaded from central: https://repo.maven.apache.org/maven2/org/opentest4j/opentest4j/1.3.0/opentest4j-1.3.0-sources.jar (10 kB at 312 kB/s)
2026.03.08 16:01:04 INFO  [INFO] SUCCESS: org.opentest4j:opentest4j:jar:1.3.0:test (sources = true)
2026.03.08 16:01:04 INFO  [INFO] Resolving artifact: org.junit.platform:junit-platform-commons:jar:1.10.2:test (sources = false)
2026.03.08 16:01:04 INFO  Downloading from central: https://repo.maven.apache.org/maven2/org/junit/platform/junit-platform-commons/1.10.2/junit-platform-commons-1.10.2.jar
2026.03.08 16:01:04 INFO  Progress (1): 7.7/106 kB
2026.03.08 16:01:04 INFO  Progress (1): 16/106 kB 
2026.03.08 16:01:04 INFO  Progress (1): 32/106 kB
2026.03.08 16:01:04 INFO  Progress (1): 49/106 kB
2026.03.08 16:01:04 INFO  Progress (1): 65/106 kB
2026.03.08 16:01:04 INFO  Progress (1): 81/106 kB
2026.03.08 16:01:04 INFO  Progress (1): 98/106 kB
2026.03.08 16:01:04 INFO  Progress (1): 106 kB   
2026.03.08 16:01:04 INFO                      
2026.03.08 16:01:04 INFO  Downloaded from central: https://repo.maven.apache.org/maven2/org/junit/platform/junit-platform-commons/1.10.2/junit-platform-commons-1.10.2.jar (106 kB at 3.2 MB/s)
2026.03.08 16:01:04 INFO  [INFO] SUCCESS: org.junit.platform:junit-platform-commons:jar:1.10.2:test (sources = false)
2026.03.08 16:01:04 INFO  [INFO] Resolving artifact: org.junit.platform:junit-platform-commons:jar:1.10.2:test (sources = true)
2026.03.08 16:01:04 INFO  Downloading from central: https://repo.maven.apache.org/maven2/org/junit/platform/junit-platform-commons/1.10.2/junit-platform-commons-1.10.2-sources.jar
2026.03.08 16:01:04 INFO  Progress (1): 7.7/78 kB
2026.03.08 16:01:04 INFO  Progress (1): 16/78 kB 
2026.03.08 16:01:04 INFO  Progress (1): 25/78 kB
2026.03.08 16:01:04 INFO  Progress (1): 41/78 kB
2026.03.08 16:01:04 INFO  Progress (1): 57/78 kB
2026.03.08 16:01:04 INFO  Progress (1): 74/78 kB
2026.03.08 16:01:04 INFO  Progress (1): 78 kB   
2026.03.08 16:01:04 INFO                     
2026.03.08 16:01:04 INFO  Downloaded from central: https://repo.maven.apache.org/maven2/org/junit/platform/junit-platform-commons/1.10.2/junit-platform-commons-1.10.2-sources.jar (78 kB at 2.5 MB/s)
2026.03.08 16:01:04 INFO  [INFO] SUCCESS: org.junit.platform:junit-platform-commons:jar:1.10.2:test (sources = true)
2026.03.08 16:01:04 INFO  [INFO] Resolving artifact: org.apiguardian:apiguardian-api:jar:1.1.2:test (sources = false)
2026.03.08 16:01:04 INFO  [INFO] SUCCESS: org.apiguardian:apiguardian-api:jar:1.1.2:test (sources = false)
2026.03.08 16:01:04 INFO  [INFO] Resolving artifact: org.apiguardian:apiguardian-api:jar:1.1.2:test (sources = true)
2026.03.08 16:01:04 INFO  Downloading from central: https://repo.maven.apache.org/maven2/org/apiguardian/apiguardian-api/1.1.2/apiguardian-api-1.1.2-sources.jar
2026.03.08 16:01:04 INFO  Progress (1): 3.4/6.6 kB
2026.03.08 16:01:04 INFO  Progress (1): 6.6 kB    
2026.03.08 16:01:04 INFO                      
2026.03.08 16:01:04 INFO  Downloaded from central: https://repo.maven.apache.org/maven2/org/apiguardian/apiguardian-api/1.1.2/apiguardian-api-1.1.2-sources.jar (6.6 kB at 190 kB/s)
2026.03.08 16:01:04 INFO  [INFO] SUCCESS: org.apiguardian:apiguardian-api:jar:1.1.2:test (sources = true)
2026.03.08 16:01:04 INFO  [INFO] Resolving artifact: org.junit.jupiter:junit-jupiter-params:jar:5.10.2:test (sources = false)
2026.03.08 16:01:04 INFO  Downloading from central: https://repo.maven.apache.org/maven2/org/junit/jupiter/junit-jupiter-params/5.10.2/junit-jupiter-params-5.10.2.jar
2026.03.08 16:01:04 INFO  Progress (1): 7.7/586 kB
2026.03.08 16:01:04 INFO  Progress (1): 8.2/586 kB
2026.03.08 16:01:04 INFO  Progress (1): 16/586 kB 
2026.03.08 16:01:04 INFO  Progress (1): 33/586 kB
2026.03.08 16:01:04 INFO  Progress (1): 49/586 kB
2026.03.08 16:01:04 INFO  Progress (1): 66/586 kB
2026.03.08 16:01:04 INFO  Progress (1): 82/586 kB
2026.03.08 16:01:04 INFO  Progress (1): 98/586 kB
2026.03.08 16:01:04 INFO  Progress (1): 115/586 kB
2026.03.08 16:01:04 INFO  Progress (1): 131/586 kB
2026.03.08 16:01:04 INFO  Progress (1): 147/586 kB
2026.03.08 16:01:04 INFO  Progress (1): 164/586 kB
2026.03.08 16:01:04 INFO  Progress (1): 172/586 kB
2026.03.08 16:01:04 INFO  Progress (1): 188/586 kB
2026.03.08 16:01:04 INFO  Progress (1): 197/586 kB
2026.03.08 16:01:04 INFO  Progress (1): 205/586 kB
2026.03.08 16:01:04 INFO  Progress (1): 221/586 kB
2026.03.08 16:01:04 INFO  Progress (1): 238/586 kB
2026.03.08 16:01:04 INFO  Progress (1): 246/586 kB
2026.03.08 16:01:04 INFO  Progress (1): 262/586 kB
2026.03.08 16:01:04 INFO  Progress (1): 279/586 kB
2026.03.08 16:01:04 INFO  Progress (1): 295/586 kB
2026.03.08 16:01:04 INFO  Progress (1): 311/586 kB
2026.03.08 16:01:04 INFO  Progress (1): 319/586 kB
2026.03.08 16:01:04 INFO  Progress (1): 336/586 kB
2026.03.08 16:01:04 INFO  Progress (1): 352/586 kB
2026.03.08 16:01:04 INFO  Progress (1): 360/586 kB
2026.03.08 16:01:04 INFO  Progress (1): 377/586 kB
2026.03.08 16:01:04 INFO  Progress (1): 385/586 kB
2026.03.08 16:01:04 INFO  Progress (1): 401/586 kB
2026.03.08 16:01:04 INFO  Progress (1): 410/586 kB
2026.03.08 16:01:04 INFO  Progress (1): 426/586 kB
2026.03.08 16:01:04 INFO  Progress (1): 442/586 kB
2026.03.08 16:01:04 INFO  Progress (1): 459/586 kB
2026.03.08 16:01:04 INFO  Progress (1): 475/586 kB
2026.03.08 16:01:04 INFO  Progress (1): 492/586 kB
2026.03.08 16:01:04 INFO  Progress (1): 508/586 kB
2026.03.08 16:01:04 INFO  Progress (1): 524/586 kB
2026.03.08 16:01:04 INFO  Progress (1): 532/586 kB
2026.03.08 16:01:04 INFO  Progress (1): 549/586 kB
2026.03.08 16:01:04 INFO  Progress (1): 565/586 kB
2026.03.08 16:01:04 INFO  Progress (1): 582/586 kB
2026.03.08 16:01:04 INFO  Progress (1): 586 kB    
2026.03.08 16:01:04 INFO                      
2026.03.08 16:01:04 INFO  Downloaded from central: https://repo.maven.apache.org/maven2/org/junit/jupiter/junit-jupiter-params/5.10.2/junit-jupiter-params-5.10.2.jar (586 kB at 17 MB/s)
2026.03.08 16:01:04 INFO  [INFO] SUCCESS: org.junit.jupiter:junit-jupiter-params:jar:5.10.2:test (sources = false)
2026.03.08 16:01:04 INFO  [INFO] Resolving artifact: org.junit.jupiter:junit-jupiter-params:jar:5.10.2:test (sources = true)
2026.03.08 16:01:04 INFO  Downloading from central: https://repo.maven.apache.org/maven2/org/junit/jupiter/junit-jupiter-params/5.10.2/junit-jupiter-params-5.10.2-sources.jar
2026.03.08 16:01:04 INFO  Progress (1): 7.7/83 kB
2026.03.08 16:01:04 INFO  Progress (1): 8.2/83 kB
2026.03.08 16:01:04 INFO  Progress (1): 16/83 kB 
2026.03.08 16:01:04 INFO  Progress (1): 33/83 kB
2026.03.08 16:01:04 INFO  Progress (1): 41/83 kB
2026.03.08 16:01:04 INFO  Progress (1): 57/83 kB
2026.03.08 16:01:04 INFO  Progress (1): 74/83 kB
2026.03.08 16:01:04 INFO  Progress (1): 83 kB   
2026.03.08 16:01:04 INFO                     
2026.03.08 16:01:04 INFO  Downloaded from central: https://repo.maven.apache.org/maven2/org/junit/jupiter/junit-jupiter-params/5.10.2/junit-jupiter-params-5.10.2-sources.jar (83 kB at 2.6 MB/s)
2026.03.08 16:01:04 INFO  [INFO] SUCCESS: org.junit.jupiter:junit-jupiter-params:jar:5.10.2:test (sources = true)
2026.03.08 16:01:04 INFO  [INFO] Resolving artifact: org.junit.jupiter:junit-jupiter-engine:jar:5.10.2:test (sources = false)
2026.03.08 16:01:04 INFO  Downloading from central: https://repo.maven.apache.org/maven2/org/junit/jupiter/junit-jupiter-engine/5.10.2/junit-jupiter-engine-5.10.2.jar
2026.03.08 16:01:04 INFO  Progress (1): 7.7/245 kB
2026.03.08 16:01:04 INFO  Progress (1): 8.2/245 kB
2026.03.08 16:01:04 INFO  Progress (1): 25/245 kB 
2026.03.08 16:01:04 INFO  Progress (1): 41/245 kB
2026.03.08 16:01:04 INFO  Progress (1): 57/245 kB
2026.03.08 16:01:04 INFO  Progress (1): 74/245 kB
2026.03.08 16:01:04 INFO  Progress (1): 82/245 kB
2026.03.08 16:01:04 INFO  Progress (1): 98/245 kB
2026.03.08 16:01:04 INFO  Progress (1): 115/245 kB
2026.03.08 16:01:04 INFO  Progress (1): 123/245 kB
2026.03.08 16:01:04 INFO  Progress (1): 131/245 kB
2026.03.08 16:01:04 INFO  Progress (1): 139/245 kB
2026.03.08 16:01:04 INFO  Progress (1): 156/245 kB
2026.03.08 16:01:04 INFO  Progress (1): 164/245 kB
2026.03.08 16:01:04 INFO  Progress (1): 180/245 kB
2026.03.08 16:01:04 INFO  Progress (1): 197/245 kB
2026.03.08 16:01:04 INFO  Progress (1): 213/245 kB
2026.03.08 16:01:04 INFO  Progress (1): 229/245 kB
2026.03.08 16:01:04 INFO  Progress (1): 245 kB    
2026.03.08 16:01:04 INFO                      
2026.03.08 16:01:04 INFO  Downloaded from central: https://repo.maven.apache.org/maven2/org/junit/jupiter/junit-jupiter-engine/5.10.2/junit-jupiter-engine-5.10.2.jar (245 kB at 7.4 MB/s)
2026.03.08 16:01:04 INFO  [INFO] SUCCESS: org.junit.jupiter:junit-jupiter-engine:jar:5.10.2:test (sources = false)
2026.03.08 16:01:04 INFO  [INFO] Resolving artifact: org.junit.jupiter:junit-jupiter-engine:jar:5.10.2:test (sources = true)
2026.03.08 16:01:04 INFO  Downloading from central: https://repo.maven.apache.org/maven2/org/junit/jupiter/junit-jupiter-engine/5.10.2/junit-jupiter-engine-5.10.2-sources.jar
2026.03.08 16:01:04 INFO  Progress (1): 7.7/131 kB
2026.03.08 16:01:04 INFO  Progress (1): 16/131 kB 
2026.03.08 16:01:04 INFO  Progress (1): 24/131 kB
2026.03.08 16:01:04 INFO  Progress (1): 40/131 kB
2026.03.08 16:01:04 INFO  Progress (1): 57/131 kB
2026.03.08 16:01:04 INFO  Progress (1): 66/131 kB
2026.03.08 16:01:04 INFO  Progress (1): 82/131 kB
2026.03.08 16:01:04 INFO  Progress (1): 98/131 kB
2026.03.08 16:01:04 INFO  Progress (1): 115/131 kB
2026.03.08 16:01:04 INFO  Progress (1): 123/131 kB
2026.03.08 16:01:04 INFO  Progress (1): 131 kB    
2026.03.08 16:01:04 INFO                      
2026.03.08 16:01:04 INFO  Downloaded from central: https://repo.maven.apache.org/maven2/org/junit/jupiter/junit-jupiter-engine/5.10.2/junit-jupiter-engine-5.10.2-sources.jar (131 kB at 4.4 MB/s)
2026.03.08 16:01:04 INFO  [INFO] SUCCESS: org.junit.jupiter:junit-jupiter-engine:jar:5.10.2:test (sources = true)
2026.03.08 16:01:04 INFO  [INFO] Resolving artifact: org.junit.platform:junit-platform-engine:jar:1.10.2:test (sources = false)
2026.03.08 16:01:04 INFO  Downloading from central: https://repo.maven.apache.org/maven2/org/junit/platform/junit-platform-engine/1.10.2/junit-platform-engine-1.10.2.jar
2026.03.08 16:01:05 INFO  Progress (1): 7.7/205 kB
2026.03.08 16:01:05 INFO  Progress (1): 16/205 kB 
2026.03.08 16:01:05 INFO  Progress (1): 25/205 kB
2026.03.08 16:01:05 INFO  Progress (1): 41/205 kB
2026.03.08 16:01:05 INFO  Progress (1): 57/205 kB
2026.03.08 16:01:05 INFO  Progress (1): 66/205 kB
2026.03.08 16:01:05 INFO  Progress (1): 82/205 kB
2026.03.08 16:01:05 INFO  Progress (1): 98/205 kB
2026.03.08 16:01:05 INFO  Progress (1): 106/205 kB
2026.03.08 16:01:05 INFO  Progress (1): 123/205 kB
2026.03.08 16:01:05 INFO  Progress (1): 131/205 kB
2026.03.08 16:01:05 INFO  Progress (1): 147/205 kB
2026.03.08 16:01:05 INFO  Progress (1): 156/205 kB
2026.03.08 16:01:05 INFO  Progress (1): 172/205 kB
2026.03.08 16:01:05 INFO  Progress (1): 188/205 kB
2026.03.08 16:01:05 INFO  Progress (1): 205/205 kB
2026.03.08 16:01:05 INFO  Progress (1): 205 kB    
2026.03.08 16:01:05 INFO                      
2026.03.08 16:01:05 INFO  Downloaded from central: https://repo.maven.apache.org/maven2/org/junit/platform/junit-platform-engine/1.10.2/junit-platform-engine-1.10.2.jar (205 kB at 7.3 MB/s)
2026.03.08 16:01:05 INFO  [INFO] SUCCESS: org.junit.platform:junit-platform-engine:jar:1.10.2:test (sources = false)
2026.03.08 16:01:05 INFO  [INFO] Resolving artifact: org.junit.platform:junit-platform-engine:jar:1.10.2:test (sources = true)
2026.03.08 16:01:05 INFO  Downloading from central: https://repo.maven.apache.org/maven2/org/junit/platform/junit-platform-engine/1.10.2/junit-platform-engine-1.10.2-sources.jar
2026.03.08 16:01:05 INFO  Progress (1): 7.7/142 kB
2026.03.08 16:01:05 INFO  Progress (1): 8.2/142 kB
2026.03.08 16:01:05 INFO  Progress (1): 25/142 kB 
2026.03.08 16:01:05 INFO  Progress (1): 41/142 kB
2026.03.08 16:01:05 INFO  Progress (1): 57/142 kB
2026.03.08 16:01:05 INFO  Progress (1): 74/142 kB
2026.03.08 16:01:05 INFO  Progress (1): 90/142 kB
2026.03.08 16:01:05 INFO  Progress (1): 106/142 kB
2026.03.08 16:01:05 INFO  Progress (1): 110/142 kB
2026.03.08 16:01:05 INFO  Progress (1): 115/142 kB
2026.03.08 16:01:05 INFO  Progress (1): 123/142 kB
2026.03.08 16:01:05 INFO  Progress (1): 139/142 kB
2026.03.08 16:01:05 INFO  Progress (1): 142 kB    
2026.03.08 16:01:05 INFO                      
2026.03.08 16:01:05 INFO  Downloaded from central: https://repo.maven.apache.org/maven2/org/junit/platform/junit-platform-engine/1.10.2/junit-platform-engine-1.10.2-sources.jar (142 kB at 5.7 MB/s)
2026.03.08 16:01:05 INFO  [INFO] SUCCESS: org.junit.platform:junit-platform-engine:jar:1.10.2:test (sources = true)
2026.03.08 16:01:05 INFO  [INFO] Resolving artifact: org.mockito:mockito-core:jar:5.14.2:test (sources = false)
2026.03.08 16:01:05 INFO  Downloading from central: https://repo.maven.apache.org/maven2/org/mockito/mockito-core/5.14.2/mockito-core-5.14.2.jar
2026.03.08 16:01:05 INFO  Progress (1): 7.7/708 kB
2026.03.08 16:01:05 INFO  Progress (1): 8.2/708 kB
2026.03.08 16:01:05 INFO  Progress (1): 25/708 kB 
2026.03.08 16:01:05 INFO  Progress (1): 41/708 kB
2026.03.08 16:01:05 INFO  Progress (1): 57/708 kB
2026.03.08 16:01:05 INFO  Progress (1): 74/708 kB
2026.03.08 16:01:05 INFO  Progress (1): 90/708 kB
2026.03.08 16:01:05 INFO  Progress (1): 106/708 kB
2026.03.08 16:01:05 INFO  Progress (1): 123/708 kB
2026.03.08 16:01:05 INFO  Progress (1): 139/708 kB
2026.03.08 16:01:05 INFO  Progress (1): 156/708 kB
2026.03.08 16:01:05 INFO  Progress (1): 172/708 kB
2026.03.08 16:01:05 INFO  Progress (1): 188/708 kB
2026.03.08 16:01:05 INFO  Progress (1): 205/708 kB
2026.03.08 16:01:05 INFO  Progress (1): 221/708 kB
2026.03.08 16:01:05 INFO  Progress (1): 238/708 kB
2026.03.08 16:01:05 INFO  Progress (1): 254/708 kB
2026.03.08 16:01:05 INFO  Progress (1): 270/708 kB
2026.03.08 16:01:05 INFO  Progress (1): 287/708 kB
2026.03.08 16:01:05 INFO  Progress (1): 295/708 kB
2026.03.08 16:01:05 INFO  Progress (1): 311/708 kB
2026.03.08 16:01:05 INFO  Progress (1): 319/708 kB
2026.03.08 16:01:05 INFO  Progress (1): 336/708 kB
2026.03.08 16:01:05 INFO  Progress (1): 352/708 kB
2026.03.08 16:01:05 INFO  Progress (1): 369/708 kB
2026.03.08 16:01:05 INFO  Progress (1): 385/708 kB
2026.03.08 16:01:05 INFO  Progress (1): 393/708 kB
2026.03.08 16:01:05 INFO  Progress (1): 410/708 kB
2026.03.08 16:01:05 INFO  Progress (1): 426/708 kB
2026.03.08 16:01:05 INFO  Progress (1): 442/708 kB
2026.03.08 16:01:05 INFO  Progress (1): 451/708 kB
2026.03.08 16:01:05 INFO  Progress (1): 467/708 kB
2026.03.08 16:01:05 INFO  Progress (1): 475/708 kB
2026.03.08 16:01:05 INFO  Progress (1): 492/708 kB
2026.03.08 16:01:05 INFO  Progress (1): 508/708 kB
2026.03.08 16:01:05 INFO  Progress (1): 516/708 kB
2026.03.08 16:01:05 INFO  Progress (1): 524/708 kB
2026.03.08 16:01:05 INFO  Progress (1): 541/708 kB
2026.03.08 16:01:05 INFO  Progress (1): 557/708 kB
2026.03.08 16:01:05 INFO  Progress (1): 573/708 kB
2026.03.08 16:01:05 INFO  Progress (1): 590/708 kB
2026.03.08 16:01:05 INFO  Progress (1): 606/708 kB
2026.03.08 16:01:05 INFO  Progress (1): 623/708 kB
2026.03.08 16:01:05 INFO  Progress (1): 639/708 kB
2026.03.08 16:01:05 INFO  Progress (1): 647/708 kB
2026.03.08 16:01:05 INFO  Progress (1): 664/708 kB
2026.03.08 16:01:05 INFO  Progress (1): 680/708 kB
2026.03.08 16:01:05 INFO  Progress (1): 696/708 kB
2026.03.08 16:01:05 INFO  Progress (1): 708 kB    
2026.03.08 16:01:05 INFO                      
2026.03.08 16:01:05 INFO  Downloaded from central: https://repo.maven.apache.org/maven2/org/mockito/mockito-core/5.14.2/mockito-core-5.14.2.jar (708 kB at 18 MB/s)
2026.03.08 16:01:05 INFO  [INFO] SUCCESS: org.mockito:mockito-core:jar:5.14.2:test (sources = false)
2026.03.08 16:01:05 INFO  [INFO] Resolving artifact: org.mockito:mockito-core:jar:5.14.2:test (sources = true)
2026.03.08 16:01:05 INFO  Downloading from central: https://repo.maven.apache.org/maven2/org/mockito/mockito-core/5.14.2/mockito-core-5.14.2-sources.jar
2026.03.08 16:01:05 INFO  Progress (1): 7.7/542 kB
2026.03.08 16:01:05 INFO  Progress (1): 16/542 kB 
2026.03.08 16:01:05 INFO  Progress (1): 32/542 kB
2026.03.08 16:01:05 INFO  Progress (1): 33/542 kB
2026.03.08 16:01:05 INFO  Progress (1): 49/542 kB
2026.03.08 16:01:05 INFO  Progress (1): 66/542 kB
2026.03.08 16:01:05 INFO  Progress (1): 82/542 kB
2026.03.08 16:01:05 INFO  Progress (1): 98/542 kB
2026.03.08 16:01:05 INFO  Progress (1): 115/542 kB
2026.03.08 16:01:05 INFO  Progress (1): 131/542 kB
2026.03.08 16:01:05 INFO  Progress (1): 139/542 kB
2026.03.08 16:01:05 INFO  Progress (1): 156/542 kB
2026.03.08 16:01:05 INFO  Progress (1): 172/542 kB
2026.03.08 16:01:05 INFO  Progress (1): 180/542 kB
2026.03.08 16:01:05 INFO  Progress (1): 188/542 kB
2026.03.08 16:01:05 INFO  Progress (1): 197/542 kB
2026.03.08 16:01:05 INFO  Progress (1): 213/542 kB
2026.03.08 16:01:05 INFO  Progress (1): 229/542 kB
2026.03.08 16:01:05 INFO  Progress (1): 238/542 kB
2026.03.08 16:01:05 INFO  Progress (1): 246/542 kB
2026.03.08 16:01:05 INFO  Progress (1): 262/542 kB
2026.03.08 16:01:05 INFO  Progress (1): 279/542 kB
2026.03.08 16:01:05 INFO  Progress (1): 295/542 kB
2026.03.08 16:01:05 INFO  Progress (1): 311/542 kB
2026.03.08 16:01:05 INFO  Progress (1): 328/542 kB
2026.03.08 16:01:05 INFO  Progress (1): 344/542 kB
2026.03.08 16:01:05 INFO  Progress (1): 360/542 kB
2026.03.08 16:01:05 INFO  Progress (1): 377/542 kB
2026.03.08 16:01:05 INFO  Progress (1): 393/542 kB
2026.03.08 16:01:05 INFO  Progress (1): 410/542 kB
2026.03.08 16:01:05 INFO  Progress (1): 426/542 kB
2026.03.08 16:01:05 INFO  Progress (1): 442/542 kB
2026.03.08 16:01:05 INFO  Progress (1): 459/542 kB
2026.03.08 16:01:05 INFO  Progress (1): 475/542 kB
2026.03.08 16:01:05 INFO  Progress (1): 492/542 kB
2026.03.08 16:01:05 INFO  Progress (1): 500/542 kB
2026.03.08 16:01:05 INFO  Progress (1): 516/542 kB
2026.03.08 16:01:05 INFO  Progress (1): 524/542 kB
2026.03.08 16:01:05 INFO  Progress (1): 541/542 kB
2026.03.08 16:01:05 INFO  Progress (1): 542 kB    
2026.03.08 16:01:05 INFO                      
2026.03.08 16:01:05 INFO  Downloaded from central: https://repo.maven.apache.org/maven2/org/mockito/mockito-core/5.14.2/mockito-core-5.14.2-sources.jar (542 kB at 15 MB/s)
2026.03.08 16:01:05 INFO  [INFO] SUCCESS: org.mockito:mockito-core:jar:5.14.2:test (sources = true)
2026.03.08 16:01:05 INFO  [INFO] Resolving artifact: net.bytebuddy:byte-buddy:jar:1.15.4:test (sources = false)
2026.03.08 16:01:05 INFO  Downloading from central: https://repo.maven.apache.org/maven2/net/bytebuddy/byte-buddy/1.15.4/byte-buddy-1.15.4.jar
2026.03.08 16:01:05 INFO  Progress (1): 0/4.2 MB
2026.03.08 16:01:05 INFO  Progress (1): 0/4.2 MB
2026.03.08 16:01:05 INFO  Progress (1): 0/4.2 MB
2026.03.08 16:01:05 INFO  Progress (1): 0/4.2 MB
2026.03.08 16:01:05 INFO  Progress (1): 0.1/4.2 MB
2026.03.08 16:01:05 INFO  Progress (1): 0.1/4.2 MB
2026.03.08 16:01:05 INFO  Progress (1): 0.1/4.2 MB
2026.03.08 16:01:05 INFO  Progress (1): 0.1/4.2 MB
2026.03.08 16:01:05 INFO  Progress (1): 0.1/4.2 MB
2026.03.08 16:01:05 INFO  Progress (1): 0.1/4.2 MB
2026.03.08 16:01:05 INFO  Progress (1): 0.1/4.2 MB
2026.03.08 16:01:05 INFO  Progress (1): 0.2/4.2 MB
2026.03.08 16:01:05 INFO  Progress (1): 0.2/4.2 MB
2026.03.08 16:01:05 INFO  Progress (1): 0.2/4.2 MB
2026.03.08 16:01:05 INFO  Progress (1): 0.2/4.2 MB
2026.03.08 16:01:05 INFO  Progress (1): 0.2/4.2 MB
2026.03.08 16:01:05 INFO  Progress (1): 0.2/4.2 MB
2026.03.08 16:01:05 INFO  Progress (1): 0.3/4.2 MB
2026.03.08 16:01:05 INFO  Progress (1): 0.3/4.2 MB
2026.03.08 16:01:05 INFO  Progress (1): 0.3/4.2 MB
2026.03.08 16:01:05 INFO  Progress (1): 0.3/4.2 MB
2026.03.08 16:01:05 INFO  Progress (1): 0.3/4.2 MB
2026.03.08 16:01:05 INFO  Progress (1): 0.3/4.2 MB
2026.03.08 16:01:05 INFO  Progress (1): 0.3/4.2 MB
2026.03.08 16:01:05 INFO  Progress (1): 0.4/4.2 MB
2026.03.08 16:01:05 INFO  Progress (1): 0.4/4.2 MB
2026.03.08 16:01:05 INFO  Progress (1): 0.4/4.2 MB
2026.03.08 16:01:05 INFO  Progress (1): 0.4/4.2 MB
2026.03.08 16:01:05 INFO  Progress (1): 0.4/4.2 MB
2026.03.08 16:01:05 INFO  Progress (1): 0.4/4.2 MB
2026.03.08 16:01:05 INFO  Progress (1): 0.4/4.2 MB
2026.03.08 16:01:05 INFO  Progress (1): 0.5/4.2 MB
2026.03.08 16:01:05 INFO  Progress (1): 0.5/4.2 MB
2026.03.08 16:01:05 INFO  Progress (1): 0.5/4.2 MB
2026.03.08 16:01:05 INFO  Progress (1): 0.5/4.2 MB
2026.03.08 16:01:05 INFO  Progress (1): 0.5/4.2 MB
2026.03.08 16:01:05 INFO  Progress (1): 0.5/4.2 MB
2026.03.08 16:01:05 INFO  Progress (1): 0.5/4.2 MB
2026.03.08 16:01:05 INFO  Progress (1): 0.6/4.2 MB
2026.03.08 16:01:05 INFO  Progress (1): 0.6/4.2 MB
2026.03.08 16:01:05 INFO  Progress (1): 0.6/4.2 MB
2026.03.08 16:01:05 INFO  Progress (1): 0.6/4.2 MB
2026.03.08 16:01:05 INFO  Progress (1): 0.6/4.2 MB
2026.03.08 16:01:05 INFO  Progress (1): 0.6/4.2 MB
2026.03.08 16:01:05 INFO  Progress (1): 0.7/4.2 MB
2026.03.08 16:01:05 INFO  Progress (1): 0.7/4.2 MB
2026.03.08 16:01:05 INFO  Progress (1): 0.7/4.2 MB
2026.03.08 16:01:05 INFO  Progress (1): 0.7/4.2 MB
2026.03.08 16:01:05 INFO  Progress (1): 0.7/4.2 MB
2026.03.08 16:01:05 INFO  Progress (1): 0.7/4.2 MB
2026.03.08 16:01:05 INFO  Progress (1): 0.8/4.2 MB
2026.03.08 16:01:05 INFO  Progress (1): 0.8/4.2 MB
2026.03.08 16:01:05 INFO  Progress (1): 0.8/4.2 MB
2026.03.08 16:01:05 INFO  Progress (1): 0.8/4.2 MB
2026.03.08 16:01:05 INFO  Progress (1): 0.8/4.2 MB
2026.03.08 16:01:05 INFO  Progress (1): 0.8/4.2 MB
2026.03.08 16:01:05 INFO  Progress (1): 0.9/4.2 MB
2026.03.08 16:01:05 INFO  Progress (1): 0.9/4.2 MB
2026.03.08 16:01:05 INFO  Progress (1): 0.9/4.2 MB
2026.03.08 16:01:05 INFO  Progress (1): 0.9/4.2 MB
2026.03.08 16:01:05 INFO  Progress (1): 0.9/4.2 MB
2026.03.08 16:01:05 INFO  Progress (1): 0.9/4.2 MB
2026.03.08 16:01:05 INFO  Progress (1): 1.0/4.2 MB
2026.03.08 16:01:05 INFO  Progress (1): 1.0/4.2 MB
2026.03.08 16:01:05 INFO  Progress (1): 1.0/4.2 MB
2026.03.08 16:01:05 INFO  Progress (1): 1.0/4.2 MB
2026.03.08 16:01:05 INFO  Progress (1): 1.0/4.2 MB
2026.03.08 16:01:05 INFO  Progress (1): 1.0/4.2 MB
2026.03.08 16:01:05 INFO  Progress (1): 1.1/4.2 MB
2026.03.08 16:01:05 INFO  Progress (1): 1.1/4.2 MB
2026.03.08 16:01:05 INFO  Progress (1): 1.1/4.2 MB
2026.03.08 16:01:05 INFO  Progress (1): 1.1/4.2 MB
2026.03.08 16:01:05 INFO  Progress (1): 1.1/4.2 MB
2026.03.08 16:01:05 INFO  Progress (1): 1.1/4.2 MB
2026.03.08 16:01:05 INFO  Progress (1): 1.2/4.2 MB
2026.03.08 16:01:05 INFO  Progress (1): 1.2/4.2 MB
2026.03.08 16:01:05 INFO  Progress (1): 1.2/4.2 MB
2026.03.08 16:01:05 INFO  Progress (1): 1.2/4.2 MB
2026.03.08 16:01:05 INFO  Progress (1): 1.2/4.2 MB
2026.03.08 16:01:05 INFO  Progress (1): 1.2/4.2 MB
2026.03.08 16:01:05 INFO  Progress (1): 1.3/4.2 MB
2026.03.08 16:01:05 INFO  Progress (1): 1.3/4.2 MB
2026.03.08 16:01:05 INFO  Progress (1): 1.3/4.2 MB
2026.03.08 16:01:05 INFO  Progress (1): 1.3/4.2 MB
2026.03.08 16:01:05 INFO  Progress (1): 1.3/4.2 MB
2026.03.08 16:01:05 INFO  Progress (1): 1.3/4.2 MB
2026.03.08 16:01:05 INFO  Progress (1): 1.4/4.2 MB
2026.03.08 16:01:05 INFO  Progress (1): 1.4/4.2 MB
2026.03.08 16:01:05 INFO  Progress (1): 1.4/4.2 MB
2026.03.08 16:01:05 INFO  Progress (1): 1.4/4.2 MB
2026.03.08 16:01:05 INFO  Progress (1): 1.4/4.2 MB
2026.03.08 16:01:05 INFO  Progress (1): 1.4/4.2 MB
2026.03.08 16:01:05 INFO  Progress (1): 1.4/4.2 MB
2026.03.08 16:01:05 INFO  Progress (1): 1.5/4.2 MB
2026.03.08 16:01:05 INFO  Progress (1): 1.5/4.2 MB
2026.03.08 16:01:05 INFO  Progress (1): 1.5/4.2 MB
2026.03.08 16:01:05 INFO  Progress (1): 1.5/4.2 MB
2026.03.08 16:01:05 INFO  Progress (1): 1.5/4.2 MB
2026.03.08 16:01:05 INFO  Progress (1): 1.5/4.2 MB
2026.03.08 16:01:05 INFO  Progress (1): 1.6/4.2 MB
2026.03.08 16:01:05 INFO  Progress (1): 1.6/4.2 MB
2026.03.08 16:01:05 INFO  Progress (1): 1.6/4.2 MB
2026.03.08 16:01:05 INFO  Progress (1): 1.6/4.2 MB
2026.03.08 16:01:05 INFO  Progress (1): 1.6/4.2 MB
2026.03.08 16:01:05 INFO  Progress (1): 1.6/4.2 MB
2026.03.08 16:01:05 INFO  Progress (1): 1.7/4.2 MB
2026.03.08 16:01:05 INFO  Progress (1): 1.7/4.2 MB
2026.03.08 16:01:05 INFO  Progress (1): 1.7/4.2 MB
2026.03.08 16:01:05 INFO  Progress (1): 1.7/4.2 MB
2026.03.08 16:01:05 INFO  Progress (1): 1.7/4.2 MB
2026.03.08 16:01:05 INFO  Progress (1): 1.7/4.2 MB
2026.03.08 16:01:05 INFO  Progress (1): 1.8/4.2 MB
2026.03.08 16:01:05 INFO  Progress (1): 1.8/4.2 MB
2026.03.08 16:01:05 INFO  Progress (1): 1.8/4.2 MB
2026.03.08 16:01:05 INFO  Progress (1): 1.8/4.2 MB
2026.03.08 16:01:05 INFO  Progress (1): 1.8/4.2 MB
2026.03.08 16:01:05 INFO  Progress (1): 1.8/4.2 MB
2026.03.08 16:01:05 INFO  Progress (1): 1.9/4.2 MB
2026.03.08 16:01:05 INFO  Progress (1): 1.9/4.2 MB
2026.03.08 16:01:05 INFO  Progress (1): 1.9/4.2 MB
2026.03.08 16:01:05 INFO  Progress (1): 1.9/4.2 MB
2026.03.08 16:01:05 INFO  Progress (1): 1.9/4.2 MB
2026.03.08 16:01:05 INFO  Progress (1): 1.9/4.2 MB
2026.03.08 16:01:05 INFO  Progress (1): 2.0/4.2 MB
2026.03.08 16:01:05 INFO  Progress (1): 2.0/4.2 MB
2026.03.08 16:01:05 INFO  Progress (1): 2.0/4.2 MB
2026.03.08 16:01:05 INFO  Progress (1): 2.0/4.2 MB
2026.03.08 16:01:05 INFO  Progress (1): 2.0/4.2 MB
2026.03.08 16:01:05 INFO  Progress (1): 2.0/4.2 MB
2026.03.08 16:01:05 INFO  Progress (1): 2.1/4.2 MB
2026.03.08 16:01:05 INFO  Progress (1): 2.1/4.2 MB
2026.03.08 16:01:05 INFO  Progress (1): 2.1/4.2 MB
2026.03.08 16:01:05 INFO  Progress (1): 2.1/4.2 MB
2026.03.08 16:01:05 INFO  Progress (1): 2.1/4.2 MB
2026.03.08 16:01:05 INFO  Progress (1): 2.1/4.2 MB
2026.03.08 16:01:05 INFO  Progress (1): 2.2/4.2 MB
2026.03.08 16:01:05 INFO  Progress (1): 2.2/4.2 MB
2026.03.08 16:01:05 INFO  Progress (1): 2.2/4.2 MB
2026.03.08 16:01:05 INFO  Progress (1): 2.2/4.2 MB
2026.03.08 16:01:05 INFO  Progress (1): 2.2/4.2 MB
2026.03.08 16:01:05 INFO  Progress (1): 2.2/4.2 MB
2026.03.08 16:01:05 INFO  Progress (1): 2.3/4.2 MB
2026.03.08 16:01:05 INFO  Progress (1): 2.3/4.2 MB
2026.03.08 16:01:05 INFO  Progress (1): 2.3/4.2 MB
2026.03.08 16:01:05 INFO  Progress (1): 2.3/4.2 MB
2026.03.08 16:01:05 INFO  Progress (1): 2.3/4.2 MB
2026.03.08 16:01:05 INFO  Progress (1): 2.3/4.2 MB
2026.03.08 16:01:05 INFO  Progress (1): 2.4/4.2 MB
2026.03.08 16:01:05 INFO  Progress (1): 2.4/4.2 MB
2026.03.08 16:01:05 INFO  Progress (1): 2.4/4.2 MB
2026.03.08 16:01:05 INFO  Progress (1): 2.4/4.2 MB
2026.03.08 16:01:05 INFO  Progress (1): 2.4/4.2 MB
2026.03.08 16:01:05 INFO  Progress (1): 2.4/4.2 MB
2026.03.08 16:01:05 INFO  Progress (1): 2.4/4.2 MB
2026.03.08 16:01:05 INFO  Progress (1): 2.5/4.2 MB
2026.03.08 16:01:05 INFO  Progress (1): 2.5/4.2 MB
2026.03.08 16:01:05 INFO  Progress (1): 2.5/4.2 MB
2026.03.08 16:01:05 INFO  Progress (1): 2.5/4.2 MB
2026.03.08 16:01:05 INFO  Progress (1): 2.5/4.2 MB
2026.03.08 16:01:05 INFO  Progress (1): 2.5/4.2 MB
2026.03.08 16:01:05 INFO  Progress (1): 2.6/4.2 MB
2026.03.08 16:01:05 INFO  Progress (1): 2.6/4.2 MB
2026.03.08 16:01:05 INFO  Progress (1): 2.6/4.2 MB
2026.03.08 16:01:05 INFO  Progress (1): 2.6/4.2 MB
2026.03.08 16:01:05 INFO  Progress (1): 2.6/4.2 MB
2026.03.08 16:01:05 INFO  Progress (1): 2.6/4.2 MB
2026.03.08 16:01:05 INFO  Progress (1): 2.7/4.2 MB
2026.03.08 16:01:05 INFO  Progress (1): 2.7/4.2 MB
2026.03.08 16:01:05 INFO  Progress (1): 2.7/4.2 MB
2026.03.08 16:01:05 INFO  Progress (1): 2.7/4.2 MB
2026.03.08 16:01:05 INFO  Progress (1): 2.7/4.2 MB
2026.03.08 16:01:05 INFO  Progress (1): 2.7/4.2 MB
2026.03.08 16:01:05 INFO  Progress (1): 2.8/4.2 MB
2026.03.08 16:01:05 INFO  Progress (1): 2.8/4.2 MB
2026.03.08 16:01:05 INFO  Progress (1): 2.8/4.2 MB
2026.03.08 16:01:05 INFO  Progress (1): 2.8/4.2 MB
2026.03.08 16:01:05 INFO  Progress (1): 2.8/4.2 MB
2026.03.08 16:01:05 INFO  Progress (1): 2.8/4.2 MB
2026.03.08 16:01:05 INFO  Progress (1): 2.9/4.2 MB
2026.03.08 16:01:05 INFO  Progress (1): 2.9/4.2 MB
2026.03.08 16:01:05 INFO  Progress (1): 2.9/4.2 MB
2026.03.08 16:01:05 INFO  Progress (1): 2.9/4.2 MB
2026.03.08 16:01:05 INFO  Progress (1): 2.9/4.2 MB
2026.03.08 16:01:05 INFO  Progress (1): 2.9/4.2 MB
2026.03.08 16:01:05 INFO  Progress (1): 3.0/4.2 MB
2026.03.08 16:01:05 INFO  Progress (1): 3.0/4.2 MB
2026.03.08 16:01:05 INFO  Progress (1): 3.0/4.2 MB
2026.03.08 16:01:05 INFO  Progress (1): 3.0/4.2 MB
2026.03.08 16:01:05 INFO  Progress (1): 3.0/4.2 MB
2026.03.08 16:01:05 INFO  Progress (1): 3.0/4.2 MB
2026.03.08 16:01:05 INFO  Progress (1): 3.1/4.2 MB
2026.03.08 16:01:05 INFO  Progress (1): 3.1/4.2 MB
2026.03.08 16:01:05 INFO  Progress (1): 3.1/4.2 MB
2026.03.08 16:01:05 INFO  Progress (1): 3.1/4.2 MB
2026.03.08 16:01:05 INFO  Progress (1): 3.1/4.2 MB
2026.03.08 16:01:05 INFO  Progress (1): 3.1/4.2 MB
2026.03.08 16:01:05 INFO  Progress (1): 3.2/4.2 MB
2026.03.08 16:01:05 INFO  Progress (1): 3.2/4.2 MB
2026.03.08 16:01:05 INFO  Progress (1): 3.2/4.2 MB
2026.03.08 16:01:05 INFO  Progress (1): 3.2/4.2 MB
2026.03.08 16:01:05 INFO  Progress (1): 3.2/4.2 MB
2026.03.08 16:01:05 INFO  Progress (1): 3.2/4.2 MB
2026.03.08 16:01:05 INFO  Progress (1): 3.3/4.2 MB
2026.03.08 16:01:05 INFO  Progress (1): 3.3/4.2 MB
2026.03.08 16:01:05 INFO  Progress (1): 3.3/4.2 MB
2026.03.08 16:01:05 INFO  Progress (1): 3.3/4.2 MB
2026.03.08 16:01:05 INFO  Progress (1): 3.3/4.2 MB
2026.03.08 16:01:05 INFO  Progress (1): 3.3/4.2 MB
2026.03.08 16:01:05 INFO  Progress (1): 3.4/4.2 MB
2026.03.08 16:01:05 INFO  Progress (1): 3.4/4.2 MB
2026.03.08 16:01:05 INFO  Progress (1): 3.4/4.2 MB
2026.03.08 16:01:05 INFO  Progress (1): 3.4/4.2 MB
2026.03.08 16:01:05 INFO  Progress (1): 3.4/4.2 MB
2026.03.08 16:01:05 INFO  Progress (1): 3.4/4.2 MB
2026.03.08 16:01:05 INFO  Progress (1): 3.4/4.2 MB
2026.03.08 16:01:05 INFO  Progress (1): 3.5/4.2 MB
2026.03.08 16:01:05 INFO  Progress (1): 3.5/4.2 MB
2026.03.08 16:01:05 INFO  Progress (1): 3.5/4.2 MB
2026.03.08 16:01:05 INFO  Progress (1): 3.5/4.2 MB
2026.03.08 16:01:05 INFO  Progress (1): 3.5/4.2 MB
2026.03.08 16:01:05 INFO  Progress (1): 3.5/4.2 MB
2026.03.08 16:01:05 INFO  Progress (1): 3.6/4.2 MB
2026.03.08 16:01:05 INFO  Progress (1): 3.6/4.2 MB
2026.03.08 16:01:05 INFO  Progress (1): 3.6/4.2 MB
2026.03.08 16:01:05 INFO  Progress (1): 3.6/4.2 MB
2026.03.08 16:01:05 INFO  Progress (1): 3.6/4.2 MB
2026.03.08 16:01:05 INFO  Progress (1): 3.6/4.2 MB
2026.03.08 16:01:05 INFO  Progress (1): 3.7/4.2 MB
2026.03.08 16:01:05 INFO  Progress (1): 3.7/4.2 MB
2026.03.08 16:01:05 INFO  Progress (1): 3.7/4.2 MB
2026.03.08 16:01:05 INFO  Progress (1): 3.7/4.2 MB
2026.03.08 16:01:05 INFO  Progress (1): 3.7/4.2 MB
2026.03.08 16:01:05 INFO  Progress (1): 3.7/4.2 MB
2026.03.08 16:01:05 INFO  Progress (1): 3.8/4.2 MB
2026.03.08 16:01:05 INFO  Progress (1): 3.8/4.2 MB
2026.03.08 16:01:05 INFO  Progress (1): 3.8/4.2 MB
2026.03.08 16:01:05 INFO  Progress (1): 3.8/4.2 MB
2026.03.08 16:01:05 INFO  Progress (1): 3.8/4.2 MB
2026.03.08 16:01:05 INFO  Progress (1): 3.8/4.2 MB
2026.03.08 16:01:05 INFO  Progress (1): 3.9/4.2 MB
2026.03.08 16:01:05 INFO  Progress (1): 3.9/4.2 MB
2026.03.08 16:01:05 INFO  Progress (1): 3.9/4.2 MB
2026.03.08 16:01:05 INFO  Progress (1): 3.9/4.2 MB
2026.03.08 16:01:05 INFO  Progress (1): 3.9/4.2 MB
2026.03.08 16:01:05 INFO  Progress (1): 3.9/4.2 MB
2026.03.08 16:01:05 INFO  Progress (1): 4.0/4.2 MB
2026.03.08 16:01:05 INFO  Progress (1): 4.0/4.2 MB
2026.03.08 16:01:05 INFO  Progress (1): 4.0/4.2 MB
2026.03.08 16:01:05 INFO  Progress (1): 4.0/4.2 MB
2026.03.08 16:01:05 INFO  Progress (1): 4.0/4.2 MB
2026.03.08 16:01:05 INFO  Progress (1): 4.0/4.2 MB
2026.03.08 16:01:05 INFO  Progress (1): 4.1/4.2 MB
2026.03.08 16:01:05 INFO  Progress (1): 4.1/4.2 MB
2026.03.08 16:01:05 INFO  Progress (1): 4.1/4.2 MB
2026.03.08 16:01:05 INFO  Progress (1): 4.1/4.2 MB
2026.03.08 16:01:05 INFO  Progress (1): 4.1/4.2 MB
2026.03.08 16:01:05 INFO  Progress (1): 4.1/4.2 MB
2026.03.08 16:01:05 INFO  Progress (1): 4.2/4.2 MB
2026.03.08 16:01:05 INFO  Progress (1): 4.2/4.2 MB
2026.03.08 16:01:05 INFO  Progress (1): 4.2/4.2 MB
2026.03.08 16:01:05 INFO  Progress (1): 4.2/4.2 MB
2026.03.08 16:01:05 INFO  Progress (1): 4.2/4.2 MB
2026.03.08 16:01:05 INFO  Progress (1): 4.2/4.2 MB
2026.03.08 16:01:05 INFO  Progress (1): 4.2/4.2 MB
2026.03.08 16:01:05 INFO  Progress (1): 4.2 MB    
2026.03.08 16:01:05 INFO                      
2026.03.08 16:01:05 INFO  Downloaded from central: https://repo.maven.apache.org/maven2/net/bytebuddy/byte-buddy/1.15.4/byte-buddy-1.15.4.jar (4.2 MB at 47 MB/s)
2026.03.08 16:01:05 INFO  [INFO] SUCCESS: net.bytebuddy:byte-buddy:jar:1.15.4:test (sources = false)
2026.03.08 16:01:05 INFO  [INFO] Resolving artifact: net.bytebuddy:byte-buddy:jar:1.15.4:test (sources = true)
2026.03.08 16:01:05 INFO  Downloading from central: https://repo.maven.apache.org/maven2/net/bytebuddy/byte-buddy/1.15.4/byte-buddy-1.15.4-sources.jar
2026.03.08 16:01:05 INFO  Progress (1): 0/1.4 MB
2026.03.08 16:01:05 INFO  Progress (1): 0/1.4 MB
2026.03.08 16:01:05 INFO  Progress (1): 0/1.4 MB
2026.03.08 16:01:05 INFO  Progress (1): 0/1.4 MB
2026.03.08 16:01:05 INFO  Progress (1): 0.1/1.4 MB
2026.03.08 16:01:05 INFO  Progress (1): 0.1/1.4 MB
2026.03.08 16:01:05 INFO  Progress (1): 0.1/1.4 MB
2026.03.08 16:01:05 INFO  Progress (1): 0.1/1.4 MB
2026.03.08 16:01:05 INFO  Progress (1): 0.1/1.4 MB
2026.03.08 16:01:05 INFO  Progress (1): 0.1/1.4 MB
2026.03.08 16:01:05 INFO  Progress (1): 0.2/1.4 MB
2026.03.08 16:01:05 INFO  Progress (1): 0.2/1.4 MB
2026.03.08 16:01:05 INFO  Progress (1): 0.2/1.4 MB
2026.03.08 16:01:05 INFO  Progress (1): 0.2/1.4 MB
2026.03.08 16:01:05 INFO  Progress (1): 0.2/1.4 MB
2026.03.08 16:01:05 INFO  Progress (1): 0.2/1.4 MB
2026.03.08 16:01:05 INFO  Progress (1): 0.2/1.4 MB
2026.03.08 16:01:05 INFO  Progress (1): 0.3/1.4 MB
2026.03.08 16:01:05 INFO  Progress (1): 0.3/1.4 MB
2026.03.08 16:01:05 INFO  Progress (1): 0.3/1.4 MB
2026.03.08 16:01:05 INFO  Progress (1): 0.3/1.4 MB
2026.03.08 16:01:05 INFO  Progress (1): 0.3/1.4 MB
2026.03.08 16:01:05 INFO  Progress (1): 0.3/1.4 MB
2026.03.08 16:01:05 INFO  Progress (1): 0.4/1.4 MB
2026.03.08 16:01:05 INFO  Progress (1): 0.4/1.4 MB
2026.03.08 16:01:05 INFO  Progress (1): 0.4/1.4 MB
2026.03.08 16:01:05 INFO  Progress (1): 0.4/1.4 MB
2026.03.08 16:01:05 INFO  Progress (1): 0.4/1.4 MB
2026.03.08 16:01:05 INFO  Progress (1): 0.4/1.4 MB
2026.03.08 16:01:05 INFO  Progress (1): 0.5/1.4 MB
2026.03.08 16:01:05 INFO  Progress (1): 0.5/1.4 MB
2026.03.08 16:01:05 INFO  Progress (1): 0.5/1.4 MB
2026.03.08 16:01:05 INFO  Progress (1): 0.5/1.4 MB
2026.03.08 16:01:05 INFO  Progress (1): 0.5/1.4 MB
2026.03.08 16:01:05 INFO  Progress (1): 0.5/1.4 MB
2026.03.08 16:01:05 INFO  Progress (1): 0.5/1.4 MB
2026.03.08 16:01:05 INFO  Progress (1): 0.6/1.4 MB
2026.03.08 16:01:05 INFO  Progress (1): 0.6/1.4 MB
2026.03.08 16:01:05 INFO  Progress (1): 0.6/1.4 MB
2026.03.08 16:01:05 INFO  Progress (1): 0.6/1.4 MB
2026.03.08 16:01:05 INFO  Progress (1): 0.6/1.4 MB
2026.03.08 16:01:05 INFO  Progress (1): 0.6/1.4 MB
2026.03.08 16:01:05 INFO  Progress (1): 0.7/1.4 MB
2026.03.08 16:01:05 INFO  Progress (1): 0.7/1.4 MB
2026.03.08 16:01:05 INFO  Progress (1): 0.7/1.4 MB
2026.03.08 16:01:05 INFO  Progress (1): 0.7/1.4 MB
2026.03.08 16:01:05 INFO  Progress (1): 0.7/1.4 MB
2026.03.08 16:01:05 INFO  Progress (1): 0.7/1.4 MB
2026.03.08 16:01:05 INFO  Progress (1): 0.8/1.4 MB
2026.03.08 16:01:05 INFO  Progress (1): 0.8/1.4 MB
2026.03.08 16:01:05 INFO  Progress (1): 0.8/1.4 MB
2026.03.08 16:01:05 INFO  Progress (1): 0.8/1.4 MB
2026.03.08 16:01:05 INFO  Progress (1): 0.8/1.4 MB
2026.03.08 16:01:05 INFO  Progress (1): 0.8/1.4 MB
2026.03.08 16:01:05 INFO  Progress (1): 0.9/1.4 MB
2026.03.08 16:01:05 INFO  Progress (1): 0.9/1.4 MB
2026.03.08 16:01:05 INFO  Progress (1): 0.9/1.4 MB
2026.03.08 16:01:05 INFO  Progress (1): 0.9/1.4 MB
2026.03.08 16:01:05 INFO  Progress (1): 0.9/1.4 MB
2026.03.08 16:01:05 INFO  Progress (1): 0.9/1.4 MB
2026.03.08 16:01:05 INFO  Progress (1): 1.0/1.4 MB
2026.03.08 16:01:05 INFO  Progress (1): 1.0/1.4 MB
2026.03.08 16:01:05 INFO  Progress (1): 1.0/1.4 MB
2026.03.08 16:01:05 INFO  Progress (1): 1.0/1.4 MB
2026.03.08 16:01:05 INFO  Progress (1): 1.0/1.4 MB
2026.03.08 16:01:05 INFO  Progress (1): 1.0/1.4 MB
2026.03.08 16:01:05 INFO  Progress (1): 1.1/1.4 MB
2026.03.08 16:01:05 INFO  Progress (1): 1.1/1.4 MB
2026.03.08 16:01:05 INFO  Progress (1): 1.1/1.4 MB
2026.03.08 16:01:05 INFO  Progress (1): 1.1/1.4 MB
2026.03.08 16:01:05 INFO  Progress (1): 1.1/1.4 MB
2026.03.08 16:01:05 INFO  Progress (1): 1.1/1.4 MB
2026.03.08 16:01:05 INFO  Progress (1): 1.2/1.4 MB
2026.03.08 16:01:05 INFO  Progress (1): 1.2/1.4 MB
2026.03.08 16:01:05 INFO  Progress (1): 1.2/1.4 MB
2026.03.08 16:01:05 INFO  Progress (1): 1.2/1.4 MB
2026.03.08 16:01:05 INFO  Progress (1): 1.2/1.4 MB
2026.03.08 16:01:05 INFO  Progress (1): 1.2/1.4 MB
2026.03.08 16:01:05 INFO  Progress (1): 1.3/1.4 MB
2026.03.08 16:01:05 INFO  Progress (1): 1.3/1.4 MB
2026.03.08 16:01:05 INFO  Progress (1): 1.3/1.4 MB
2026.03.08 16:01:05 INFO  Progress (1): 1.3/1.4 MB
2026.03.08 16:01:05 INFO  Progress (1): 1.3/1.4 MB
2026.03.08 16:01:05 INFO  Progress (1): 1.3/1.4 MB
2026.03.08 16:01:05 INFO  Progress (1): 1.4/1.4 MB
2026.03.08 16:01:05 INFO  Progress (1): 1.4/1.4 MB
2026.03.08 16:01:05 INFO  Progress (1): 1.4/1.4 MB
2026.03.08 16:01:05 INFO  Progress (1): 1.4/1.4 MB
2026.03.08 16:01:05 INFO  Progress (1): 1.4/1.4 MB
2026.03.08 16:01:05 INFO  Progress (1): 1.4 MB    
2026.03.08 16:01:05 INFO                      
2026.03.08 16:01:05 INFO  Downloaded from central: https://repo.maven.apache.org/maven2/net/bytebuddy/byte-buddy/1.15.4/byte-buddy-1.15.4-sources.jar (1.4 MB at 29 MB/s)
2026.03.08 16:01:05 INFO  [INFO] SUCCESS: net.bytebuddy:byte-buddy:jar:1.15.4:test (sources = true)
2026.03.08 16:01:05 INFO  [INFO] Resolving artifact: net.bytebuddy:byte-buddy-agent:jar:1.15.4:test (sources = false)
2026.03.08 16:01:05 INFO  Downloading from central: https://repo.maven.apache.org/maven2/net/bytebuddy/byte-buddy-agent/1.15.4/byte-buddy-agent-1.15.4.jar
2026.03.08 16:01:05 INFO  Progress (1): 7.7/263 kB
2026.03.08 16:01:05 INFO  Progress (1): 8.2/263 kB
2026.03.08 16:01:05 INFO  Progress (1): 25/263 kB 
2026.03.08 16:01:05 INFO  Progress (1): 41/263 kB
2026.03.08 16:01:05 INFO  Progress (1): 57/263 kB
2026.03.08 16:01:05 INFO  Progress (1): 74/263 kB
2026.03.08 16:01:05 INFO  Progress (1): 90/263 kB
2026.03.08 16:01:05 INFO  Progress (1): 106/263 kB
2026.03.08 16:01:05 INFO  Progress (1): 123/263 kB
2026.03.08 16:01:05 INFO  Progress (1): 139/263 kB
2026.03.08 16:01:05 INFO  Progress (1): 156/263 kB
2026.03.08 16:01:05 INFO  Progress (1): 172/263 kB
2026.03.08 16:01:05 INFO  Progress (1): 180/263 kB
2026.03.08 16:01:05 INFO  Progress (1): 197/263 kB
2026.03.08 16:01:05 INFO  Progress (1): 213/263 kB
2026.03.08 16:01:05 INFO  Progress (1): 221/263 kB
2026.03.08 16:01:05 INFO  Progress (1): 238/263 kB
2026.03.08 16:01:05 INFO  Progress (1): 246/263 kB
2026.03.08 16:01:05 INFO  Progress (1): 262/263 kB
2026.03.08 16:01:05 INFO  Progress (1): 263 kB    
2026.03.08 16:01:05 INFO                      
2026.03.08 16:01:05 INFO  Downloaded from central: https://repo.maven.apache.org/maven2/net/bytebuddy/byte-buddy-agent/1.15.4/byte-buddy-agent-1.15.4.jar (263 kB at 9.1 MB/s)
2026.03.08 16:01:05 INFO  [INFO] SUCCESS: net.bytebuddy:byte-buddy-agent:jar:1.15.4:test (sources = false)
2026.03.08 16:01:05 INFO  [INFO] Resolving artifact: net.bytebuddy:byte-buddy-agent:jar:1.15.4:test (sources = true)
2026.03.08 16:01:05 INFO  Downloading from central: https://repo.maven.apache.org/maven2/net/bytebuddy/byte-buddy-agent/1.15.4/byte-buddy-agent-1.15.4-sources.jar
2026.03.08 16:01:05 INFO  Progress (1): 7.7/207 kB
2026.03.08 16:01:05 INFO  Progress (1): 16/207 kB 
2026.03.08 16:01:05 INFO  Progress (1): 25/207 kB
2026.03.08 16:01:05 INFO  Progress (1): 41/207 kB
2026.03.08 16:01:05 INFO  Progress (1): 57/207 kB
2026.03.08 16:01:05 INFO  Progress (1): 74/207 kB
2026.03.08 16:01:05 INFO  Progress (1): 82/207 kB
2026.03.08 16:01:05 INFO  Progress (1): 98/207 kB
2026.03.08 16:01:05 INFO  Progress (1): 115/207 kB
2026.03.08 16:01:05 INFO  Progress (1): 123/207 kB
2026.03.08 16:01:05 INFO  Progress (1): 139/207 kB
2026.03.08 16:01:05 INFO  Progress (1): 156/207 kB
2026.03.08 16:01:05 INFO  Progress (1): 172/207 kB
2026.03.08 16:01:05 INFO  Progress (1): 180/207 kB
2026.03.08 16:01:05 INFO  Progress (1): 197/207 kB
2026.03.08 16:01:05 INFO  Progress (1): 207 kB    
2026.03.08 16:01:05 INFO                      
2026.03.08 16:01:05 INFO  Downloaded from central: https://repo.maven.apache.org/maven2/net/bytebuddy/byte-buddy-agent/1.15.4/byte-buddy-agent-1.15.4-sources.jar (207 kB at 6.9 MB/s)
2026.03.08 16:01:05 INFO  [INFO] SUCCESS: net.bytebuddy:byte-buddy-agent:jar:1.15.4:test (sources = true)
2026.03.08 16:01:05 INFO  [INFO] Resolving artifact: org.objenesis:objenesis:jar:3.3:test (sources = false)
2026.03.08 16:01:05 INFO  [INFO] SUCCESS: org.objenesis:objenesis:jar:3.3:test (sources = false)
2026.03.08 16:01:05 INFO  [INFO] Resolving artifact: org.objenesis:objenesis:jar:3.3:test (sources = true)
2026.03.08 16:01:05 INFO  Downloading from central: https://repo.maven.apache.org/maven2/org/objenesis/objenesis/3.3/objenesis-3.3-sources.jar
2026.03.08 16:01:05 INFO  Progress (1): 7.7/53 kB
2026.03.08 16:01:05 INFO  Progress (1): 16/53 kB 
2026.03.08 16:01:05 INFO  Progress (1): 25/53 kB
2026.03.08 16:01:05 INFO  Progress (1): 41/53 kB
2026.03.08 16:01:05 INFO  Progress (1): 53 kB   
2026.03.08 16:01:05 INFO                     
2026.03.08 16:01:05 INFO  Downloaded from central: https://repo.maven.apache.org/maven2/org/objenesis/objenesis/3.3/objenesis-3.3-sources.jar (53 kB at 1.9 MB/s)
2026.03.08 16:01:05 INFO  [INFO] SUCCESS: org.objenesis:objenesis:jar:3.3:test (sources = true)
2026.03.08 16:01:05 INFO  [INFO] Resolving artifact: org.mockito:mockito-junit-jupiter:jar:5.14.2:test (sources = false)
2026.03.08 16:01:05 INFO  Downloading from central: https://repo.maven.apache.org/maven2/org/mockito/mockito-junit-jupiter/5.14.2/mockito-junit-jupiter-5.14.2.jar
2026.03.08 16:01:05 INFO  Progress (1): 7.7/8.9 kB
2026.03.08 16:01:05 INFO  Progress (1): 8.9 kB    
2026.03.08 16:01:05 INFO                      
2026.03.08 16:01:05 INFO  Downloaded from central: https://repo.maven.apache.org/maven2/org/mockito/mockito-junit-jupiter/5.14.2/mockito-junit-jupiter-5.14.2.jar (8.9 kB at 306 kB/s)
2026.03.08 16:01:05 INFO  [INFO] SUCCESS: org.mockito:mockito-junit-jupiter:jar:5.14.2:test (sources = false)
2026.03.08 16:01:05 INFO  [INFO] Resolving artifact: org.mockito:mockito-junit-jupiter:jar:5.14.2:test (sources = true)
2026.03.08 16:01:05 INFO  Downloading from central: https://repo.maven.apache.org/maven2/org/mockito/mockito-junit-jupiter/5.14.2/mockito-junit-jupiter-5.14.2-sources.jar
2026.03.08 16:01:05 INFO  Progress (1): 3.4/6.3 kB
2026.03.08 16:01:05 INFO  Progress (1): 6.3 kB    
2026.03.08 16:01:05 INFO                      
2026.03.08 16:01:05 INFO  Downloaded from central: https://repo.maven.apache.org/maven2/org/mockito/mockito-junit-jupiter/5.14.2/mockito-junit-jupiter-5.14.2-sources.jar (6.3 kB at 218 kB/s)
2026.03.08 16:01:05 INFO  [INFO] SUCCESS: org.mockito:mockito-junit-jupiter:jar:5.14.2:test (sources = true)
2026.03.08 16:01:05 INFO  [INFO] Generated .bloop/replay.json
2026.03.08 16:01:05 INFO  [INFO] Resolving artifact: org.apache.pekko:pekko-actor_3:jar:1.1.2:compile (sources = false)
2026.03.08 16:01:05 INFO  [INFO] SUCCESS: org.apache.pekko:pekko-actor_3:jar:1.1.2:compile (sources = false)
2026.03.08 16:01:05 INFO  [INFO] Resolving artifact: org.apache.pekko:pekko-actor_3:jar:1.1.2:compile (sources = true)
2026.03.08 16:01:05 INFO  [INFO] SUCCESS: org.apache.pekko:pekko-actor_3:jar:1.1.2:compile (sources = true)
2026.03.08 16:01:05 INFO  [INFO] Resolving artifact: org.scala-lang:scala3-library_3:jar:3.3.3:compile (sources = false)
2026.03.08 16:01:05 INFO  [INFO] SUCCESS: org.scala-lang:scala3-library_3:jar:3.3.3:compile (sources = false)
2026.03.08 16:01:05 INFO  [INFO] Resolving artifact: org.scala-lang:scala3-library_3:jar:3.3.3:compile (sources = true)
2026.03.08 16:01:05 INFO  [INFO] SUCCESS: org.scala-lang:scala3-library_3:jar:3.3.3:compile (sources = true)
2026.03.08 16:01:05 INFO  [INFO] Resolving artifact: org.scala-lang:scala-library:jar:2.13.12:compile (sources = false)
2026.03.08 16:01:05 INFO  [INFO] SUCCESS: org.scala-lang:scala-library:jar:2.13.12:compile (sources = false)
2026.03.08 16:01:05 INFO  [INFO] Resolving artifact: org.scala-lang:scala-library:jar:2.13.12:compile (sources = true)
2026.03.08 16:01:05 INFO  [INFO] SUCCESS: org.scala-lang:scala-library:jar:2.13.12:compile (sources = true)
2026.03.08 16:01:05 INFO  [INFO] Resolving artifact: com.typesafe:config:jar:1.4.3:compile (sources = false)
2026.03.08 16:01:05 INFO  [INFO] SUCCESS: com.typesafe:config:jar:1.4.3:compile (sources = false)
2026.03.08 16:01:05 INFO  [INFO] Resolving artifact: com.typesafe:config:jar:1.4.3:compile (sources = true)
2026.03.08 16:01:05 INFO  [INFO] SUCCESS: com.typesafe:config:jar:1.4.3:compile (sources = true)
2026.03.08 16:01:05 INFO  [INFO] Resolving artifact: org.apache.pekko:pekko-stream_3:jar:1.1.2:compile (sources = false)
2026.03.08 16:01:05 INFO  [INFO] SUCCESS: org.apache.pekko:pekko-stream_3:jar:1.1.2:compile (sources = false)
2026.03.08 16:01:05 INFO  [INFO] Resolving artifact: org.apache.pekko:pekko-stream_3:jar:1.1.2:compile (sources = true)
2026.03.08 16:01:05 INFO  [INFO] SUCCESS: org.apache.pekko:pekko-stream_3:jar:1.1.2:compile (sources = true)
2026.03.08 16:01:05 INFO  [INFO] Resolving artifact: org.apache.pekko:pekko-protobuf-v3_3:jar:1.1.2:compile (sources = false)
2026.03.08 16:01:05 INFO  [INFO] SUCCESS: org.apache.pekko:pekko-protobuf-v3_3:jar:1.1.2:compile (sources = false)
2026.03.08 16:01:05 INFO  [INFO] Resolving artifact: org.apache.pekko:pekko-protobuf-v3_3:jar:1.1.2:compile (sources = true)
2026.03.08 16:01:05 INFO  [INFO] SUCCESS: org.apache.pekko:pekko-protobuf-v3_3:jar:1.1.2:compile (sources = true)
2026.03.08 16:01:05 INFO  [INFO] Resolving artifact: org.reactivestreams:reactive-streams:jar:1.0.4:compile (sources = false)
2026.03.08 16:01:05 INFO  [INFO] SUCCESS: org.reactivestreams:reactive-streams:jar:1.0.4:compile (sources = false)
2026.03.08 16:01:05 INFO  [INFO] Resolving artifact: org.reactivestreams:reactive-streams:jar:1.0.4:compile (sources = true)
2026.03.08 16:01:05 INFO  [INFO] SUCCESS: org.reactivestreams:reactive-streams:jar:1.0.4:compile (sources = true)
2026.03.08 16:01:05 INFO  [INFO] Resolving artifact: com.typesafe:ssl-config-core_3:jar:0.6.1:compile (sources = false)
2026.03.08 16:01:05 INFO  [INFO] SUCCESS: com.typesafe:ssl-config-core_3:jar:0.6.1:compile (sources = false)
2026.03.08 16:01:05 INFO  [INFO] Resolving artifact: com.typesafe:ssl-config-core_3:jar:0.6.1:compile (sources = true)
2026.03.08 16:01:05 INFO  [INFO] SUCCESS: com.typesafe:ssl-config-core_3:jar:0.6.1:compile (sources = true)
2026.03.08 16:01:05 INFO  [INFO] Resolving artifact: org.apache.pekko:pekko-http_3:jar:1.0.1:compile (sources = false)
2026.03.08 16:01:05 INFO  [INFO] SUCCESS: org.apache.pekko:pekko-http_3:jar:1.0.1:compile (sources = false)
2026.03.08 16:01:05 INFO  [INFO] Resolving artifact: org.apache.pekko:pekko-http_3:jar:1.0.1:compile (sources = true)
2026.03.08 16:01:05 INFO  [INFO] SUCCESS: org.apache.pekko:pekko-http_3:jar:1.0.1:compile (sources = true)
2026.03.08 16:01:05 INFO  [INFO] Resolving artifact: org.apache.pekko:pekko-http-core_3:jar:1.0.1:compile (sources = false)
2026.03.08 16:01:05 INFO  [INFO] SUCCESS: org.apache.pekko:pekko-http-core_3:jar:1.0.1:compile (sources = false)
2026.03.08 16:01:05 INFO  [INFO] Resolving artifact: org.apache.pekko:pekko-http-core_3:jar:1.0.1:compile (sources = true)
2026.03.08 16:01:05 INFO  [INFO] SUCCESS: org.apache.pekko:pekko-http-core_3:jar:1.0.1:compile (sources = true)
2026.03.08 16:01:05 INFO  [INFO] Resolving artifact: org.apache.pekko:pekko-parsing_3:jar:1.0.1:compile (sources = false)
2026.03.08 16:01:05 INFO  [INFO] SUCCESS: org.apache.pekko:pekko-parsing_3:jar:1.0.1:compile (sources = false)
2026.03.08 16:01:05 INFO  [INFO] Resolving artifact: org.apache.pekko:pekko-parsing_3:jar:1.0.1:compile (sources = true)
2026.03.08 16:01:05 INFO  [INFO] SUCCESS: org.apache.pekko:pekko-parsing_3:jar:1.0.1:compile (sources = true)
2026.03.08 16:01:05 INFO  [INFO] Resolving artifact: org.parboiled:parboiled_3:jar:2.5.0:compile (sources = false)
2026.03.08 16:01:05 INFO  [INFO] SUCCESS: org.parboiled:parboiled_3:jar:2.5.0:compile (sources = false)
2026.03.08 16:01:05 INFO  [INFO] Resolving artifact: org.parboiled:parboiled_3:jar:2.5.0:compile (sources = true)
2026.03.08 16:01:05 INFO  [INFO] SUCCESS: org.parboiled:parboiled_3:jar:2.5.0:compile (sources = true)
2026.03.08 16:01:05 INFO  [INFO] Resolving artifact: org.apache.pekko:pekko-http-jackson_3:jar:1.0.1:compile (sources = false)
2026.03.08 16:01:05 INFO  [INFO] SUCCESS: org.apache.pekko:pekko-http-jackson_3:jar:1.0.1:compile (sources = false)
2026.03.08 16:01:05 INFO  [INFO] Resolving artifact: org.apache.pekko:pekko-http-jackson_3:jar:1.0.1:compile (sources = true)
2026.03.08 16:01:05 INFO  [INFO] SUCCESS: org.apache.pekko:pekko-http-jackson_3:jar:1.0.1:compile (sources = true)
2026.03.08 16:01:05 INFO  [INFO] Resolving artifact: org.apache.pekko:pekko-slf4j_3:jar:1.1.2:compile (sources = false)
2026.03.08 16:01:05 INFO  [INFO] SUCCESS: org.apache.pekko:pekko-slf4j_3:jar:1.1.2:compile (sources = false)
2026.03.08 16:01:05 INFO  [INFO] Resolving artifact: org.apache.pekko:pekko-slf4j_3:jar:1.1.2:compile (sources = true)
2026.03.08 16:01:05 INFO  [INFO] SUCCESS: org.apache.pekko:pekko-slf4j_3:jar:1.1.2:compile (sources = true)
2026.03.08 16:01:05 INFO  [INFO] Resolving artifact: org.slf4j:slf4j-api:jar:2.0.16:compile (sources = false)
2026.03.08 16:01:05 INFO  [INFO] SUCCESS: org.slf4j:slf4j-api:jar:2.0.16:compile (sources = false)
2026.03.08 16:01:05 INFO  [INFO] Resolving artifact: org.slf4j:slf4j-api:jar:2.0.16:compile (sources = true)
2026.03.08 16:01:05 INFO  [INFO] SUCCESS: org.slf4j:slf4j-api:jar:2.0.16:compile (sources = true)
2026.03.08 16:01:05 INFO  [INFO] Resolving artifact: com.fasterxml.jackson.core:jackson-databind:jar:2.17.2:compile (sources = false)
2026.03.08 16:01:05 INFO  [INFO] SUCCESS: com.fasterxml.jackson.core:jackson-databind:jar:2.17.2:compile (sources = false)
2026.03.08 16:01:05 INFO  [INFO] Resolving artifact: com.fasterxml.jackson.core:jackson-databind:jar:2.17.2:compile (sources = true)
2026.03.08 16:01:05 INFO  [INFO] SUCCESS: com.fasterxml.jackson.core:jackson-databind:jar:2.17.2:compile (sources = true)
2026.03.08 16:01:05 INFO  [INFO] Resolving artifact: com.fasterxml.jackson.core:jackson-core:jar:2.17.2:compile (sources = false)
2026.03.08 16:01:05 INFO  [INFO] SUCCESS: com.fasterxml.jackson.core:jackson-core:jar:2.17.2:compile (sources = false)
2026.03.08 16:01:05 INFO  [INFO] Resolving artifact: com.fasterxml.jackson.core:jackson-core:jar:2.17.2:compile (sources = true)
2026.03.08 16:01:05 INFO  [INFO] SUCCESS: com.fasterxml.jackson.core:jackson-core:jar:2.17.2:compile (sources = true)
2026.03.08 16:01:05 INFO  [INFO] Resolving artifact: com.fasterxml.jackson.core:jackson-annotations:jar:2.17.2:compile (sources = false)
2026.03.08 16:01:05 INFO  [INFO] SUCCESS: com.fasterxml.jackson.core:jackson-annotations:jar:2.17.2:compile (sources = false)
2026.03.08 16:01:05 INFO  [INFO] Resolving artifact: com.fasterxml.jackson.core:jackson-annotations:jar:2.17.2:compile (sources = true)
2026.03.08 16:01:05 INFO  [INFO] SUCCESS: com.fasterxml.jackson.core:jackson-annotations:jar:2.17.2:compile (sources = true)
2026.03.08 16:01:05 INFO  [INFO] Resolving artifact: org.postgresql:postgresql:jar:42.7.3:compile (sources = false)
2026.03.08 16:01:05 INFO  [INFO] SUCCESS: org.postgresql:postgresql:jar:42.7.3:compile (sources = false)
2026.03.08 16:01:05 INFO  [INFO] Resolving artifact: org.postgresql:postgresql:jar:42.7.3:compile (sources = true)
2026.03.08 16:01:05 INFO  [INFO] SUCCESS: org.postgresql:postgresql:jar:42.7.3:compile (sources = true)
2026.03.08 16:01:05 INFO  [INFO] Resolving artifact: org.checkerframework:checker-qual:jar:3.42.0:runtime (sources = false)
2026.03.08 16:01:05 INFO  [INFO] SUCCESS: org.checkerframework:checker-qual:jar:3.42.0:runtime (sources = false)
2026.03.08 16:01:05 INFO  [INFO] Resolving artifact: org.checkerframework:checker-qual:jar:3.42.0:runtime (sources = true)
2026.03.08 16:01:05 INFO  [INFO] SUCCESS: org.checkerframework:checker-qual:jar:3.42.0:runtime (sources = true)
2026.03.08 16:01:05 INFO  [INFO] Resolving artifact: io.delta:delta-kernel-api:jar:4.0.0:compile (sources = false)
2026.03.08 16:01:05 INFO  [INFO] SUCCESS: io.delta:delta-kernel-api:jar:4.0.0:compile (sources = false)
2026.03.08 16:01:05 INFO  [INFO] Resolving artifact: io.delta:delta-kernel-api:jar:4.0.0:compile (sources = true)
2026.03.08 16:01:05 INFO  [INFO] SUCCESS: io.delta:delta-kernel-api:jar:4.0.0:compile (sources = true)
2026.03.08 16:01:05 INFO  [INFO] Resolving artifact: org.roaringbitmap:RoaringBitmap:jar:0.9.25:compile (sources = false)
2026.03.08 16:01:05 INFO  [INFO] SUCCESS: org.roaringbitmap:RoaringBitmap:jar:0.9.25:compile (sources = false)
2026.03.08 16:01:05 INFO  [INFO] Resolving artifact: org.roaringbitmap:RoaringBitmap:jar:0.9.25:compile (sources = true)
2026.03.08 16:01:05 INFO  [INFO] SUCCESS: org.roaringbitmap:RoaringBitmap:jar:0.9.25:compile (sources = true)
2026.03.08 16:01:05 INFO  [INFO] Resolving artifact: org.roaringbitmap:shims:jar:0.9.25:runtime (sources = false)
2026.03.08 16:01:05 INFO  [INFO] SUCCESS: org.roaringbitmap:shims:jar:0.9.25:runtime (sources = false)
2026.03.08 16:01:05 INFO  [INFO] Resolving artifact: org.roaringbitmap:shims:jar:0.9.25:runtime (sources = true)
2026.03.08 16:01:05 INFO  [INFO] SUCCESS: org.roaringbitmap:shims:jar:0.9.25:runtime (sources = true)
2026.03.08 16:01:05 INFO  [INFO] Resolving artifact: com.fasterxml.jackson.datatype:jackson-datatype-jdk8:jar:2.13.5:compile (sources = false)
2026.03.08 16:01:05 INFO  [INFO] SUCCESS: com.fasterxml.jackson.datatype:jackson-datatype-jdk8:jar:2.13.5:compile (sources = false)
2026.03.08 16:01:05 INFO  [INFO] Resolving artifact: com.fasterxml.jackson.datatype:jackson-datatype-jdk8:jar:2.13.5:compile (sources = true)
2026.03.08 16:01:05 INFO  [INFO] SUCCESS: com.fasterxml.jackson.datatype:jackson-datatype-jdk8:jar:2.13.5:compile (sources = true)
2026.03.08 16:01:05 INFO  [INFO] Resolving artifact: io.delta:delta-kernel-defaults:jar:4.0.0:compile (sources = false)
2026.03.08 16:01:05 INFO  [INFO] SUCCESS: io.delta:delta-kernel-defaults:jar:4.0.0:compile (sources = false)
2026.03.08 16:01:05 INFO  [INFO] Resolving artifact: io.delta:delta-kernel-defaults:jar:4.0.0:compile (sources = true)
2026.03.08 16:01:05 INFO  [INFO] SUCCESS: io.delta:delta-kernel-defaults:jar:4.0.0:compile (sources = true)
2026.03.08 16:01:05 INFO  [INFO] Resolving artifact: io.delta:delta-storage:jar:4.0.0:compile (sources = false)
2026.03.08 16:01:05 INFO  [INFO] SUCCESS: io.delta:delta-storage:jar:4.0.0:compile (sources = false)
2026.03.08 16:01:05 INFO  [INFO] Resolving artifact: io.delta:delta-storage:jar:4.0.0:compile (sources = true)
2026.03.08 16:01:05 INFO  [INFO] SUCCESS: io.delta:delta-storage:jar:4.0.0:compile (sources = true)
2026.03.08 16:01:05 INFO  [INFO] Resolving artifact: org.apache.hadoop:hadoop-client-runtime:jar:3.4.0:compile (sources = false)
2026.03.08 16:01:05 INFO  [INFO] SUCCESS: org.apache.hadoop:hadoop-client-runtime:jar:3.4.0:compile (sources = false)
2026.03.08 16:01:05 INFO  [INFO] Resolving artifact: org.apache.hadoop:hadoop-client-runtime:jar:3.4.0:compile (sources = true)
2026.03.08 16:01:05 INFO  [ERROR] FAILURE org.apache.hadoop:hadoop-client-runtime:jar:3.4.0:compile (sources = true)
2026.03.08 16:01:05 INFO  org.eclipse.aether.resolution.ArtifactResolutionException: The following artifacts could not be resolved: org.apache.hadoop:hadoop-client-runtime:jar:sources:3.4.0 (absent): org.apache.hadoop:hadoop-client-runtime:jar:sources:3.4.0 was not found in https://repo.maven.apache.org/maven2 during a previous attempt. This failure was cached in the local repository and resolution is not reattempted until the update interval of central has elapsed or updates are forced
2026.03.08 16:01:05 INFO      at org.eclipse.aether.internal.impl.DefaultArtifactResolver.resolve (DefaultArtifactResolver.java:473)
2026.03.08 16:01:05 INFO      at org.eclipse.aether.internal.impl.DefaultArtifactResolver.resolveArtifacts (DefaultArtifactResolver.java:261)
2026.03.08 16:01:05 INFO      at org.eclipse.aether.internal.impl.DefaultArtifactResolver.resolveArtifact (DefaultArtifactResolver.java:243)
2026.03.08 16:01:05 INFO      at org.eclipse.aether.internal.impl.DefaultRepositorySystem.resolveArtifact (DefaultRepositorySystem.java:278)
2026.03.08 16:01:05 INFO      at bloop.integrations.maven.MojoImplementation$.bloop$integrations$maven$MojoImplementation$$resolveArtifact$1 (MojoImplementation.scala:115)
2026.03.08 16:01:05 INFO      at bloop.integrations.maven.MojoImplementation$$anonfun$2.applyOrElse (MojoImplementation.scala:240)
2026.03.08 16:01:05 INFO      at bloop.integrations.maven.MojoImplementation$$anonfun$2.applyOrElse (MojoImplementation.scala:222)
2026.03.08 16:01:05 INFO      at scala.collection.StrictOptimizedIterableOps.collect (StrictOptimizedIterableOps.scala:151)
2026.03.08 16:01:05 INFO      at scala.collection.StrictOptimizedIterableOps.collect$ (StrictOptimizedIterableOps.scala:136)
2026.03.08 16:01:05 INFO      at scala.collection.convert.JavaCollectionWrappers$JSetWrapper.collect (JavaCollectionWrappers.scala:180)
2026.03.08 16:01:05 INFO      at bloop.integrations.maven.MojoImplementation$.writeConfig$1 (MojoImplementation.scala:222)
2026.03.08 16:01:05 INFO      at bloop.integrations.maven.MojoImplementation$.writeCompileAndTestConfiguration (MojoImplementation.scala:307)
2026.03.08 16:01:05 INFO      at bloop.integrations.maven.MojoImplementation.writeCompileAndTestConfiguration (MojoImplementation.scala)
2026.03.08 16:01:05 INFO      at bloop.integrations.maven.BloopMojo.execute (BloopMojo.java:105)
2026.03.08 16:01:05 INFO      at org.apache.maven.plugin.DefaultBuildPluginManager.executeMojo (DefaultBuildPluginManager.java:126)
2026.03.08 16:01:05 INFO      at org.apache.maven.lifecycle.internal.MojoExecutor.doExecute2 (MojoExecutor.java:328)
2026.03.08 16:01:05 INFO      at org.apache.maven.lifecycle.internal.MojoExecutor.doExecute (MojoExecutor.java:316)
2026.03.08 16:01:05 INFO      at org.apache.maven.lifecycle.internal.MojoExecutor.execute (MojoExecutor.java:212)
2026.03.08 16:01:05 INFO      at org.apache.maven.lifecycle.internal.MojoExecutor.execute (MojoExecutor.java:174)
2026.03.08 16:01:05 INFO      at org.apache.maven.lifecycle.internal.MojoExecutor.access$000 (MojoExecutor.java:75)
2026.03.08 16:01:05 INFO      at org.apache.maven.lifecycle.internal.MojoExecutor$1.run (MojoExecutor.java:162)
2026.03.08 16:01:05 INFO      at org.apache.maven.plugin.DefaultMojosExecutionStrategy.execute (DefaultMojosExecutionStrategy.java:39)
2026.03.08 16:01:05 INFO      at org.apache.maven.lifecycle.internal.MojoExecutor.execute (MojoExecutor.java:159)
2026.03.08 16:01:05 INFO      at org.apache.maven.lifecycle.internal.LifecycleModuleBuilder.buildProject (LifecycleModuleBuilder.java:105)
2026.03.08 16:01:05 INFO      at org.apache.maven.lifecycle.internal.LifecycleModuleBuilder.buildProject (LifecycleModuleBuilder.java:73)
2026.03.08 16:01:05 INFO      at org.apache.maven.lifecycle.internal.builder.singlethreaded.SingleThreadedBuilder.build (SingleThreadedBuilder.java:53)
2026.03.08 16:01:05 INFO      at org.apache.maven.lifecycle.internal.LifecycleStarter.execute (LifecycleStarter.java:118)
2026.03.08 16:01:05 INFO      at org.apache.maven.DefaultMaven.doExecute (DefaultMaven.java:261)
2026.03.08 16:01:05 INFO      at org.apache.maven.DefaultMaven.doExecute (DefaultMaven.java:173)
2026.03.08 16:01:05 INFO      at org.apache.maven.DefaultMaven.execute (DefaultMaven.java:101)
2026.03.08 16:01:05 INFO      at org.apache.maven.cli.MavenCli.execute (MavenCli.java:906)
2026.03.08 16:01:05 INFO      at org.apache.maven.cli.MavenCli.doMain (MavenCli.java:283)
2026.03.08 16:01:05 INFO      at org.apache.maven.cli.MavenCli.main (MavenCli.java:206)
2026.03.08 16:01:05 INFO      at jdk.internal.reflect.DirectMethodHandleAccessor.invoke (DirectMethodHandleAccessor.java:103)
2026.03.08 16:01:05 INFO      at java.lang.reflect.Method.invoke (Method.java:580)
2026.03.08 16:01:05 INFO      at org.codehaus.plexus.classworlds.launcher.Launcher.launchEnhanced (Launcher.java:255)
2026.03.08 16:01:05 INFO      at org.codehaus.plexus.classworlds.launcher.Launcher.launch (Launcher.java:201)
2026.03.08 16:01:05 INFO      at org.codehaus.plexus.classworlds.launcher.Launcher.mainWithExitCode (Launcher.java:361)
2026.03.08 16:01:05 INFO      at org.codehaus.plexus.classworlds.launcher.Launcher.main (Launcher.java:314)
2026.03.08 16:01:05 INFO      at jdk.internal.reflect.DirectMethodHandleAccessor.invoke (DirectMethodHandleAccessor.java:103)
2026.03.08 16:01:05 INFO      at java.lang.reflect.Method.invoke (Method.java:580)
2026.03.08 16:01:05 INFO      at org.apache.maven.wrapper.BootstrapMainStarter.start (BootstrapMainStarter.java:52)
2026.03.08 16:01:05 INFO      at org.apache.maven.wrapper.WrapperExecutor.execute (WrapperExecutor.java:161)
2026.03.08 16:01:05 INFO      at org.apache.maven.wrapper.MavenWrapperMain.main (MavenWrapperMain.java:73)
2026.03.08 16:01:05 INFO  Caused by: org.eclipse.aether.transfer.ArtifactNotFoundException: org.apache.hadoop:hadoop-client-runtime:jar:sources:3.4.0 was not found in https://repo.maven.apache.org/maven2 during a previous attempt. This failure was cached in the local repository and resolution is not reattempted until the update interval of central has elapsed or updates are forced
2026.03.08 16:01:05 INFO      at org.eclipse.aether.internal.impl.DefaultUpdateCheckManager.newException (DefaultUpdateCheckManager.java:225)
2026.03.08 16:01:05 INFO      at org.eclipse.aether.internal.impl.DefaultUpdateCheckManager.checkArtifact (DefaultUpdateCheckManager.java:188)
2026.03.08 16:01:05 INFO      at org.eclipse.aether.internal.impl.DefaultArtifactResolver.gatherDownloads (DefaultArtifactResolver.java:586)
2026.03.08 16:01:05 INFO      at org.eclipse.aether.internal.impl.DefaultArtifactResolver.performDownloads (DefaultArtifactResolver.java:525)
2026.03.08 16:01:05 INFO      at org.eclipse.aether.internal.impl.DefaultArtifactResolver.resolve (DefaultArtifactResolver.java:449)
2026.03.08 16:01:05 INFO      at org.eclipse.aether.internal.impl.DefaultArtifactResolver.resolveArtifacts (DefaultArtifactResolver.java:261)
2026.03.08 16:01:05 INFO      at org.eclipse.aether.internal.impl.DefaultArtifactResolver.resolveArtifact (DefaultArtifactResolver.java:243)
2026.03.08 16:01:05 INFO      at org.eclipse.aether.internal.impl.DefaultRepositorySystem.resolveArtifact (DefaultRepositorySystem.java:278)
2026.03.08 16:01:05 INFO      at bloop.integrations.maven.MojoImplementation$.bloop$integrations$maven$MojoImplementation$$resolveArtifact$1 (MojoImplementation.scala:115)
2026.03.08 16:01:05 INFO      at bloop.integrations.maven.MojoImplementation$$anonfun$2.applyOrElse (MojoImplementation.scala:240)
2026.03.08 16:01:05 INFO      at bloop.integrations.maven.MojoImplementation$$anonfun$2.applyOrElse (MojoImplementation.scala:222)
2026.03.08 16:01:05 INFO      at scala.collection.StrictOptimizedIterableOps.collect (StrictOptimizedIterableOps.scala:151)
2026.03.08 16:01:05 INFO      at scala.collection.StrictOptimizedIterableOps.collect$ (StrictOptimizedIterableOps.scala:136)
2026.03.08 16:01:05 INFO      at scala.collection.convert.JavaCollectionWrappers$JSetWrapper.collect (JavaCollectionWrappers.scala:180)
2026.03.08 16:01:05 INFO      at bloop.integrations.maven.MojoImplementation$.writeConfig$1 (MojoImplementation.scala:222)
2026.03.08 16:01:05 INFO      at bloop.integrations.maven.MojoImplementation$.writeCompileAndTestConfiguration (MojoImplementation.scala:307)
2026.03.08 16:01:05 INFO      at bloop.integrations.maven.MojoImplementation.writeCompileAndTestConfiguration (MojoImplementation.scala)
2026.03.08 16:01:05 INFO      at bloop.integrations.maven.BloopMojo.execute (BloopMojo.java:105)
2026.03.08 16:01:05 INFO      at org.apache.maven.plugin.DefaultBuildPluginManager.executeMojo (DefaultBuildPluginManager.java:126)
2026.03.08 16:01:05 INFO      at org.apache.maven.lifecycle.internal.MojoExecutor.doExecute2 (MojoExecutor.java:328)
2026.03.08 16:01:05 INFO      at org.apache.maven.lifecycle.internal.MojoExecutor.doExecute (MojoExecutor.java:316)
2026.03.08 16:01:05 INFO      at org.apache.maven.lifecycle.internal.MojoExecutor.execute (MojoExecutor.java:212)
2026.03.08 16:01:05 INFO      at org.apache.maven.lifecycle.internal.MojoExecutor.execute (MojoExecutor.java:174)
2026.03.08 16:01:05 INFO      at org.apache.maven.lifecycle.internal.MojoExecutor.access$000 (MojoExecutor.java:75)
2026.03.08 16:01:05 INFO      at org.apache.maven.lifecycle.internal.MojoExecutor$1.run (MojoExecutor.java:162)
2026.03.08 16:01:05 INFO      at org.apache.maven.plugin.DefaultMojosExecutionStrategy.execute (DefaultMojosExecutionStrategy.java:39)
2026.03.08 16:01:05 INFO      at org.apache.maven.lifecycle.internal.MojoExecutor.execute (MojoExecutor.java:159)
2026.03.08 16:01:05 INFO      at org.apache.maven.lifecycle.internal.LifecycleModuleBuilder.buildProject (LifecycleModuleBuilder.java:105)
2026.03.08 16:01:05 INFO      at org.apache.maven.lifecycle.internal.LifecycleModuleBuilder.buildProject (LifecycleModuleBuilder.java:73)
2026.03.08 16:01:05 INFO      at org.apache.maven.lifecycle.internal.builder.singlethreaded.SingleThreadedBuilder.build (SingleThreadedBuilder.java:53)
2026.03.08 16:01:05 INFO      at org.apache.maven.lifecycle.internal.LifecycleStarter.execute (LifecycleStarter.java:118)
2026.03.08 16:01:05 INFO      at org.apache.maven.DefaultMaven.doExecute (DefaultMaven.java:261)
2026.03.08 16:01:05 INFO      at org.apache.maven.DefaultMaven.doExecute (DefaultMaven.java:173)
2026.03.08 16:01:05 INFO      at org.apache.maven.DefaultMaven.execute (DefaultMaven.java:101)
2026.03.08 16:01:05 INFO      at org.apache.maven.cli.MavenCli.execute (MavenCli.java:906)
2026.03.08 16:01:05 INFO      at org.apache.maven.cli.MavenCli.doMain (MavenCli.java:283)
2026.03.08 16:01:05 INFO      at org.apache.maven.cli.MavenCli.main (MavenCli.java:206)
2026.03.08 16:01:05 INFO      at jdk.internal.reflect.DirectMethodHandleAccessor.invoke (DirectMethodHandleAccessor.java:103)
2026.03.08 16:01:05 INFO      at java.lang.reflect.Method.invoke (Method.java:580)
2026.03.08 16:01:05 INFO      at org.codehaus.plexus.classworlds.launcher.Launcher.launchEnhanced (Launcher.java:255)
2026.03.08 16:01:05 INFO      at org.codehaus.plexus.classworlds.launcher.Launcher.launch (Launcher.java:201)
2026.03.08 16:01:05 INFO      at org.codehaus.plexus.classworlds.launcher.Launcher.mainWithExitCode (Launcher.java:361)
2026.03.08 16:01:05 INFO      at org.codehaus.plexus.classworlds.launcher.Launcher.main (Launcher.java:314)
2026.03.08 16:01:05 INFO      at jdk.internal.reflect.DirectMethodHandleAccessor.invoke (DirectMethodHandleAccessor.java:103)
2026.03.08 16:01:05 INFO      at java.lang.reflect.Method.invoke (Method.java:580)
2026.03.08 16:01:05 INFO      at org.apache.maven.wrapper.BootstrapMainStarter.start (BootstrapMainStarter.java:52)
2026.03.08 16:01:05 INFO      at org.apache.maven.wrapper.WrapperExecutor.execute (WrapperExecutor.java:161)
2026.03.08 16:01:05 INFO      at org.apache.maven.wrapper.MavenWrapperMain.main (MavenWrapperMain.java:73)
2026.03.08 16:01:05 INFO  [INFO] Resolving artifact: org.apache.hadoop:hadoop-client-api:jar:3.4.0:runtime (sources = false)
2026.03.08 16:01:05 INFO  [INFO] SUCCESS: org.apache.hadoop:hadoop-client-api:jar:3.4.0:runtime (sources = false)
2026.03.08 16:01:05 INFO  [INFO] Resolving artifact: org.apache.hadoop:hadoop-client-api:jar:3.4.0:runtime (sources = true)
2026.03.08 16:01:05 INFO  [INFO] SUCCESS: org.apache.hadoop:hadoop-client-api:jar:3.4.0:runtime (sources = true)
2026.03.08 16:01:05 INFO  [INFO] Resolving artifact: org.xerial.snappy:snappy-java:jar:1.1.10.4:compile (sources = false)
2026.03.08 16:01:05 INFO  [INFO] SUCCESS: org.xerial.snappy:snappy-java:jar:1.1.10.4:compile (sources = false)
2026.03.08 16:01:05 INFO  [INFO] Resolving artifact: org.xerial.snappy:snappy-java:jar:1.1.10.4:compile (sources = true)
2026.03.08 16:01:05 INFO  [INFO] SUCCESS: org.xerial.snappy:snappy-java:jar:1.1.10.4:compile (sources = true)
2026.03.08 16:01:05 INFO  [INFO] Resolving artifact: commons-logging:commons-logging:jar:1.2:runtime (sources = false)
2026.03.08 16:01:05 INFO  [INFO] SUCCESS: commons-logging:commons-logging:jar:1.2:runtime (sources = false)
2026.03.08 16:01:05 INFO  [INFO] Resolving artifact: commons-logging:commons-logging:jar:1.2:runtime (sources = true)
2026.03.08 16:01:05 INFO  [INFO] SUCCESS: commons-logging:commons-logging:jar:1.2:runtime (sources = true)
2026.03.08 16:01:05 INFO  [INFO] Resolving artifact: com.google.code.findbugs:jsr305:jar:3.0.2:runtime (sources = false)
2026.03.08 16:01:05 INFO  [INFO] SUCCESS: com.google.code.findbugs:jsr305:jar:3.0.2:runtime (sources = false)
2026.03.08 16:01:05 INFO  [INFO] Resolving artifact: com.google.code.findbugs:jsr305:jar:3.0.2:runtime (sources = true)
2026.03.08 16:01:05 INFO  [INFO] SUCCESS: com.google.code.findbugs:jsr305:jar:3.0.2:runtime (sources = true)
2026.03.08 16:01:05 INFO  [INFO] Resolving artifact: org.apache.parquet:parquet-hadoop:jar:1.12.3:compile (sources = false)
2026.03.08 16:01:05 INFO  [INFO] SUCCESS: org.apache.parquet:parquet-hadoop:jar:1.12.3:compile (sources = false)
2026.03.08 16:01:05 INFO  [INFO] Resolving artifact: org.apache.parquet:parquet-hadoop:jar:1.12.3:compile (sources = true)
2026.03.08 16:01:05 INFO  [INFO] SUCCESS: org.apache.parquet:parquet-hadoop:jar:1.12.3:compile (sources = true)
2026.03.08 16:01:05 INFO  [INFO] Resolving artifact: org.apache.parquet:parquet-column:jar:1.12.3:compile (sources = false)
2026.03.08 16:01:05 INFO  [INFO] SUCCESS: org.apache.parquet:parquet-column:jar:1.12.3:compile (sources = false)
2026.03.08 16:01:05 INFO  [INFO] Resolving artifact: org.apache.parquet:parquet-column:jar:1.12.3:compile (sources = true)
2026.03.08 16:01:05 INFO  [INFO] SUCCESS: org.apache.parquet:parquet-column:jar:1.12.3:compile (sources = true)
2026.03.08 16:01:05 INFO  [INFO] Resolving artifact: org.apache.parquet:parquet-encoding:jar:1.12.3:compile (sources = false)
2026.03.08 16:01:05 INFO  [INFO] SUCCESS: org.apache.parquet:parquet-encoding:jar:1.12.3:compile (sources = false)
2026.03.08 16:01:05 INFO  [INFO] Resolving artifact: org.apache.parquet:parquet-encoding:jar:1.12.3:compile (sources = true)
2026.03.08 16:01:05 INFO  [INFO] SUCCESS: org.apache.parquet:parquet-encoding:jar:1.12.3:compile (sources = true)
2026.03.08 16:01:05 INFO  [INFO] Resolving artifact: org.apache.parquet:parquet-format-structures:jar:1.12.3:compile (sources = false)
2026.03.08 16:01:05 INFO  [INFO] SUCCESS: org.apache.parquet:parquet-format-structures:jar:1.12.3:compile (sources = false)
2026.03.08 16:01:05 INFO  [INFO] Resolving artifact: org.apache.parquet:parquet-format-structures:jar:1.12.3:compile (sources = true)
2026.03.08 16:01:05 INFO  [INFO] SUCCESS: org.apache.parquet:parquet-format-structures:jar:1.12.3:compile (sources = true)
2026.03.08 16:01:05 INFO  [INFO] Resolving artifact: org.apache.parquet:parquet-common:jar:1.12.3:compile (sources = false)
2026.03.08 16:01:05 INFO  [INFO] SUCCESS: org.apache.parquet:parquet-common:jar:1.12.3:compile (sources = false)
2026.03.08 16:01:05 INFO  [INFO] Resolving artifact: org.apache.parquet:parquet-common:jar:1.12.3:compile (sources = true)
2026.03.08 16:01:05 INFO  [INFO] SUCCESS: org.apache.parquet:parquet-common:jar:1.12.3:compile (sources = true)
2026.03.08 16:01:05 INFO  [INFO] Resolving artifact: org.apache.parquet:parquet-jackson:jar:1.12.3:runtime (sources = false)
2026.03.08 16:01:05 INFO  [INFO] SUCCESS: org.apache.parquet:parquet-jackson:jar:1.12.3:runtime (sources = false)
2026.03.08 16:01:05 INFO  [INFO] Resolving artifact: org.apache.parquet:parquet-jackson:jar:1.12.3:runtime (sources = true)
2026.03.08 16:01:05 INFO  [INFO] SUCCESS: org.apache.parquet:parquet-jackson:jar:1.12.3:runtime (sources = true)
2026.03.08 16:01:05 INFO  [INFO] Resolving artifact: commons-pool:commons-pool:jar:1.6:compile (sources = false)
2026.03.08 16:01:05 INFO  [INFO] SUCCESS: commons-pool:commons-pool:jar:1.6:compile (sources = false)
2026.03.08 16:01:05 INFO  [INFO] Resolving artifact: commons-pool:commons-pool:jar:1.6:compile (sources = true)
2026.03.08 16:01:05 INFO  [INFO] SUCCESS: commons-pool:commons-pool:jar:1.6:compile (sources = true)
2026.03.08 16:01:05 INFO  [INFO] Resolving artifact: com.github.luben:zstd-jni:jar:1.5.0-1:compile (sources = false)
2026.03.08 16:01:05 INFO  [INFO] SUCCESS: com.github.luben:zstd-jni:jar:1.5.0-1:compile (sources = false)
2026.03.08 16:01:05 INFO  [INFO] Resolving artifact: com.github.luben:zstd-jni:jar:1.5.0-1:compile (sources = true)
2026.03.08 16:01:05 INFO  [INFO] SUCCESS: com.github.luben:zstd-jni:jar:1.5.0-1:compile (sources = true)
2026.03.08 16:01:05 INFO  [INFO] Resolving artifact: org.apache.yetus:audience-annotations:jar:0.13.0:compile (sources = false)
2026.03.08 16:01:05 INFO  [INFO] SUCCESS: org.apache.yetus:audience-annotations:jar:0.13.0:compile (sources = false)
2026.03.08 16:01:05 INFO  [INFO] Resolving artifact: org.apache.yetus:audience-annotations:jar:0.13.0:compile (sources = true)
2026.03.08 16:01:05 INFO  [INFO] SUCCESS: org.apache.yetus:audience-annotations:jar:0.13.0:compile (sources = true)
2026.03.08 16:01:05 INFO  [INFO] Resolving artifact: org.apache.iceberg:iceberg-api:jar:1.7.0:compile (sources = false)
2026.03.08 16:01:05 INFO  [INFO] SUCCESS: org.apache.iceberg:iceberg-api:jar:1.7.0:compile (sources = false)
2026.03.08 16:01:05 INFO  [INFO] Resolving artifact: org.apache.iceberg:iceberg-api:jar:1.7.0:compile (sources = true)
2026.03.08 16:01:05 INFO  [INFO] SUCCESS: org.apache.iceberg:iceberg-api:jar:1.7.0:compile (sources = true)
2026.03.08 16:01:05 INFO  [INFO] Resolving artifact: org.apache.iceberg:iceberg-bundled-guava:jar:1.7.0:runtime (sources = false)
2026.03.08 16:01:05 INFO  [INFO] SUCCESS: org.apache.iceberg:iceberg-bundled-guava:jar:1.7.0:runtime (sources = false)
2026.03.08 16:01:05 INFO  [INFO] Resolving artifact: org.apache.iceberg:iceberg-bundled-guava:jar:1.7.0:runtime (sources = true)
2026.03.08 16:01:05 INFO  [INFO] SUCCESS: org.apache.iceberg:iceberg-bundled-guava:jar:1.7.0:runtime (sources = true)
2026.03.08 16:01:05 INFO  [INFO] Resolving artifact: org.apache.iceberg:iceberg-core:jar:1.7.0:compile (sources = false)
2026.03.08 16:01:05 INFO  [INFO] SUCCESS: org.apache.iceberg:iceberg-core:jar:1.7.0:compile (sources = false)
2026.03.08 16:01:05 INFO  [INFO] Resolving artifact: org.apache.iceberg:iceberg-core:jar:1.7.0:compile (sources = true)
2026.03.08 16:01:05 INFO  [INFO] SUCCESS: org.apache.iceberg:iceberg-core:jar:1.7.0:compile (sources = true)
2026.03.08 16:01:05 INFO  [INFO] Resolving artifact: org.apache.avro:avro:jar:1.12.0:compile (sources = false)
2026.03.08 16:01:05 INFO  [INFO] SUCCESS: org.apache.avro:avro:jar:1.12.0:compile (sources = false)
2026.03.08 16:01:05 INFO  [INFO] Resolving artifact: org.apache.avro:avro:jar:1.12.0:compile (sources = true)
2026.03.08 16:01:05 INFO  [INFO] SUCCESS: org.apache.avro:avro:jar:1.12.0:compile (sources = true)
2026.03.08 16:01:05 INFO  [INFO] Resolving artifact: org.apache.commons:commons-compress:jar:1.26.2:compile (sources = false)
2026.03.08 16:01:05 INFO  [INFO] SUCCESS: org.apache.commons:commons-compress:jar:1.26.2:compile (sources = false)
2026.03.08 16:01:05 INFO  [INFO] Resolving artifact: org.apache.commons:commons-compress:jar:1.26.2:compile (sources = true)
2026.03.08 16:01:05 INFO  [INFO] SUCCESS: org.apache.commons:commons-compress:jar:1.26.2:compile (sources = true)
2026.03.08 16:01:05 INFO  [INFO] Resolving artifact: commons-codec:commons-codec:jar:1.17.0:compile (sources = false)
2026.03.08 16:01:05 INFO  [INFO] SUCCESS: commons-codec:commons-codec:jar:1.17.0:compile (sources = false)
2026.03.08 16:01:05 INFO  [INFO] Resolving artifact: commons-codec:commons-codec:jar:1.17.0:compile (sources = true)
2026.03.08 16:01:05 INFO  [INFO] SUCCESS: commons-codec:commons-codec:jar:1.17.0:compile (sources = true)
2026.03.08 16:01:05 INFO  [INFO] Resolving artifact: commons-io:commons-io:jar:2.16.1:compile (sources = false)
2026.03.08 16:01:05 INFO  [INFO] SUCCESS: commons-io:commons-io:jar:2.16.1:compile (sources = false)
2026.03.08 16:01:05 INFO  [INFO] Resolving artifact: commons-io:commons-io:jar:2.16.1:compile (sources = true)
2026.03.08 16:01:05 INFO  [INFO] SUCCESS: commons-io:commons-io:jar:2.16.1:compile (sources = true)
2026.03.08 16:01:05 INFO  [INFO] Resolving artifact: org.apache.commons:commons-lang3:jar:3.14.0:compile (sources = false)
2026.03.08 16:01:05 INFO  [INFO] SUCCESS: org.apache.commons:commons-lang3:jar:3.14.0:compile (sources = false)
2026.03.08 16:01:05 INFO  [INFO] Resolving artifact: org.apache.commons:commons-lang3:jar:3.14.0:compile (sources = true)
2026.03.08 16:01:05 INFO  [INFO] SUCCESS: org.apache.commons:commons-lang3:jar:3.14.0:compile (sources = true)
2026.03.08 16:01:05 INFO  [INFO] Resolving artifact: org.apache.iceberg:iceberg-common:jar:1.7.0:runtime (sources = false)
2026.03.08 16:01:05 INFO  [INFO] SUCCESS: org.apache.iceberg:iceberg-common:jar:1.7.0:runtime (sources = false)
2026.03.08 16:01:05 INFO  [INFO] Resolving artifact: org.apache.iceberg:iceberg-common:jar:1.7.0:runtime (sources = true)
2026.03.08 16:01:05 INFO  [INFO] SUCCESS: org.apache.iceberg:iceberg-common:jar:1.7.0:runtime (sources = true)
2026.03.08 16:01:05 INFO  [INFO] Resolving artifact: io.airlift:aircompressor:jar:0.27:runtime (sources = false)
2026.03.08 16:01:05 INFO  [INFO] SUCCESS: io.airlift:aircompressor:jar:0.27:runtime (sources = false)
2026.03.08 16:01:05 INFO  [INFO] Resolving artifact: io.airlift:aircompressor:jar:0.27:runtime (sources = true)
2026.03.08 16:01:05 INFO  [INFO] SUCCESS: io.airlift:aircompressor:jar:0.27:runtime (sources = true)
2026.03.08 16:01:05 INFO  [INFO] Resolving artifact: org.apache.httpcomponents.client5:httpclient5:jar:5.4:runtime (sources = false)
2026.03.08 16:01:05 INFO  [INFO] SUCCESS: org.apache.httpcomponents.client5:httpclient5:jar:5.4:runtime (sources = false)
2026.03.08 16:01:05 INFO  [INFO] Resolving artifact: org.apache.httpcomponents.client5:httpclient5:jar:5.4:runtime (sources = true)
2026.03.08 16:01:05 INFO  [INFO] SUCCESS: org.apache.httpcomponents.client5:httpclient5:jar:5.4:runtime (sources = true)
2026.03.08 16:01:05 INFO  [INFO] Resolving artifact: org.apache.httpcomponents.core5:httpcore5:jar:5.3:runtime (sources = false)
2026.03.08 16:01:05 INFO  [INFO] SUCCESS: org.apache.httpcomponents.core5:httpcore5:jar:5.3:runtime (sources = false)
2026.03.08 16:01:05 INFO  [INFO] Resolving artifact: org.apache.httpcomponents.core5:httpcore5:jar:5.3:runtime (sources = true)
2026.03.08 16:01:05 INFO  [INFO] SUCCESS: org.apache.httpcomponents.core5:httpcore5:jar:5.3:runtime (sources = true)
2026.03.08 16:01:05 INFO  [INFO] Resolving artifact: org.apache.httpcomponents.core5:httpcore5-h2:jar:5.3:runtime (sources = false)
2026.03.08 16:01:05 INFO  [INFO] SUCCESS: org.apache.httpcomponents.core5:httpcore5-h2:jar:5.3:runtime (sources = false)
2026.03.08 16:01:05 INFO  [INFO] Resolving artifact: org.apache.httpcomponents.core5:httpcore5-h2:jar:5.3:runtime (sources = true)
2026.03.08 16:01:05 INFO  [INFO] SUCCESS: org.apache.httpcomponents.core5:httpcore5-h2:jar:5.3:runtime (sources = true)
2026.03.08 16:01:05 INFO  [INFO] Resolving artifact: com.github.ben-manes.caffeine:caffeine:jar:2.9.3:runtime (sources = false)
2026.03.08 16:01:05 INFO  [INFO] SUCCESS: com.github.ben-manes.caffeine:caffeine:jar:2.9.3:runtime (sources = false)
2026.03.08 16:01:05 INFO  [INFO] Resolving artifact: com.github.ben-manes.caffeine:caffeine:jar:2.9.3:runtime (sources = true)
2026.03.08 16:01:05 INFO  [INFO] SUCCESS: com.github.ben-manes.caffeine:caffeine:jar:2.9.3:runtime (sources = true)
2026.03.08 16:01:05 INFO  [INFO] Resolving artifact: com.google.errorprone:error_prone_annotations:jar:2.10.0:runtime (sources = false)
2026.03.08 16:01:05 INFO  [INFO] SUCCESS: com.google.errorprone:error_prone_annotations:jar:2.10.0:runtime (sources = false)
2026.03.08 16:01:05 INFO  [INFO] Resolving artifact: com.google.errorprone:error_prone_annotations:jar:2.10.0:runtime (sources = true)
2026.03.08 16:01:05 INFO  [INFO] SUCCESS: com.google.errorprone:error_prone_annotations:jar:2.10.0:runtime (sources = true)
2026.03.08 16:01:05 INFO  [INFO] Resolving artifact: dev.failsafe:failsafe:jar:3.3.2:runtime (sources = false)
2026.03.08 16:01:05 INFO  [INFO] SUCCESS: dev.failsafe:failsafe:jar:3.3.2:runtime (sources = false)
2026.03.08 16:01:05 INFO  [INFO] Resolving artifact: dev.failsafe:failsafe:jar:3.3.2:runtime (sources = true)
2026.03.08 16:01:05 INFO  [INFO] SUCCESS: dev.failsafe:failsafe:jar:3.3.2:runtime (sources = true)
2026.03.08 16:01:05 INFO  [INFO] Resolving artifact: org.apache.pekko:pekko-connectors-kafka_3:jar:1.1.0:compile (sources = false)
2026.03.08 16:01:05 INFO  [INFO] SUCCESS: org.apache.pekko:pekko-connectors-kafka_3:jar:1.1.0:compile (sources = false)
2026.03.08 16:01:05 INFO  [INFO] Resolving artifact: org.apache.pekko:pekko-connectors-kafka_3:jar:1.1.0:compile (sources = true)
2026.03.08 16:01:05 INFO  [INFO] SUCCESS: org.apache.pekko:pekko-connectors-kafka_3:jar:1.1.0:compile (sources = true)
2026.03.08 16:01:05 INFO  [INFO] Resolving artifact: org.apache.kafka:kafka-clients:jar:3.8.0:compile (sources = false)
2026.03.08 16:01:05 INFO  [INFO] SUCCESS: org.apache.kafka:kafka-clients:jar:3.8.0:compile (sources = false)
2026.03.08 16:01:05 INFO  [INFO] Resolving artifact: org.apache.kafka:kafka-clients:jar:3.8.0:compile (sources = true)
2026.03.08 16:01:05 INFO  [INFO] SUCCESS: org.apache.kafka:kafka-clients:jar:3.8.0:compile (sources = true)
2026.03.08 16:01:05 INFO  [INFO] Resolving artifact: org.lz4:lz4-java:jar:1.8.0:runtime (sources = false)
2026.03.08 16:01:05 INFO  [INFO] SUCCESS: org.lz4:lz4-java:jar:1.8.0:runtime (sources = false)
2026.03.08 16:01:05 INFO  [INFO] Resolving artifact: org.lz4:lz4-java:jar:1.8.0:runtime (sources = true)
2026.03.08 16:01:05 INFO  [INFO] SUCCESS: org.lz4:lz4-java:jar:1.8.0:runtime (sources = true)
2026.03.08 16:01:05 INFO  [INFO] Resolving artifact: org.apache.pekko:pekko-actor-testkit-typed_3:jar:1.1.2:test (sources = false)
2026.03.08 16:01:05 INFO  [INFO] SUCCESS: org.apache.pekko:pekko-actor-testkit-typed_3:jar:1.1.2:test (sources = false)
2026.03.08 16:01:05 INFO  [INFO] Resolving artifact: org.apache.pekko:pekko-actor-testkit-typed_3:jar:1.1.2:test (sources = true)
2026.03.08 16:01:05 INFO  [INFO] SUCCESS: org.apache.pekko:pekko-actor-testkit-typed_3:jar:1.1.2:test (sources = true)
2026.03.08 16:01:05 INFO  [INFO] Resolving artifact: org.apache.pekko:pekko-actor-typed_3:jar:1.1.2:test (sources = false)
2026.03.08 16:01:05 INFO  [INFO] SUCCESS: org.apache.pekko:pekko-actor-typed_3:jar:1.1.2:test (sources = false)
2026.03.08 16:01:05 INFO  [INFO] Resolving artifact: org.apache.pekko:pekko-actor-typed_3:jar:1.1.2:test (sources = true)
2026.03.08 16:01:05 INFO  [INFO] SUCCESS: org.apache.pekko:pekko-actor-typed_3:jar:1.1.2:test (sources = true)
2026.03.08 16:01:05 INFO  [INFO] Resolving artifact: org.apache.pekko:pekko-testkit_3:jar:1.1.2:test (sources = false)
2026.03.08 16:01:05 INFO  [INFO] SUCCESS: org.apache.pekko:pekko-testkit_3:jar:1.1.2:test (sources = false)
2026.03.08 16:01:05 INFO  [INFO] Resolving artifact: org.apache.pekko:pekko-testkit_3:jar:1.1.2:test (sources = true)
2026.03.08 16:01:05 INFO  [INFO] SUCCESS: org.apache.pekko:pekko-testkit_3:jar:1.1.2:test (sources = true)
2026.03.08 16:01:05 INFO  [INFO] Resolving artifact: org.apache.pekko:pekko-stream-testkit_3:jar:1.1.2:test (sources = false)
2026.03.08 16:01:05 INFO  [INFO] SUCCESS: org.apache.pekko:pekko-stream-testkit_3:jar:1.1.2:test (sources = false)
2026.03.08 16:01:05 INFO  [INFO] Resolving artifact: org.apache.pekko:pekko-stream-testkit_3:jar:1.1.2:test (sources = true)
2026.03.08 16:01:05 INFO  [INFO] SUCCESS: org.apache.pekko:pekko-stream-testkit_3:jar:1.1.2:test (sources = true)
2026.03.08 16:01:05 INFO  [INFO] Resolving artifact: org.apache.pekko:pekko-http-testkit_3:jar:1.0.1:test (sources = false)
2026.03.08 16:01:05 INFO  [INFO] SUCCESS: org.apache.pekko:pekko-http-testkit_3:jar:1.0.1:test (sources = false)
2026.03.08 16:01:05 INFO  [INFO] Resolving artifact: org.apache.pekko:pekko-http-testkit_3:jar:1.0.1:test (sources = true)
2026.03.08 16:01:05 INFO  [INFO] SUCCESS: org.apache.pekko:pekko-http-testkit_3:jar:1.0.1:test (sources = true)
2026.03.08 16:01:05 INFO  [INFO] Resolving artifact: org.junit.jupiter:junit-jupiter:jar:5.10.2:test (sources = false)
2026.03.08 16:01:05 INFO  [INFO] SUCCESS: org.junit.jupiter:junit-jupiter:jar:5.10.2:test (sources = false)
2026.03.08 16:01:05 INFO  [INFO] Resolving artifact: org.junit.jupiter:junit-jupiter:jar:5.10.2:test (sources = true)
2026.03.08 16:01:05 INFO  [INFO] SUCCESS: org.junit.jupiter:junit-jupiter:jar:5.10.2:test (sources = true)
2026.03.08 16:01:05 INFO  [INFO] Resolving artifact: org.junit.jupiter:junit-jupiter-api:jar:5.10.2:test (sources = false)
2026.03.08 16:01:05 INFO  [INFO] SUCCESS: org.junit.jupiter:junit-jupiter-api:jar:5.10.2:test (sources = false)
2026.03.08 16:01:05 INFO  [INFO] Resolving artifact: org.junit.jupiter:junit-jupiter-api:jar:5.10.2:test (sources = true)
2026.03.08 16:01:05 INFO  [INFO] SUCCESS: org.junit.jupiter:junit-jupiter-api:jar:5.10.2:test (sources = true)
2026.03.08 16:01:05 INFO  [INFO] Resolving artifact: org.opentest4j:opentest4j:jar:1.3.0:test (sources = false)
2026.03.08 16:01:05 INFO  [INFO] SUCCESS: org.opentest4j:opentest4j:jar:1.3.0:test (sources = false)
2026.03.08 16:01:05 INFO  [INFO] Resolving artifact: org.opentest4j:opentest4j:jar:1.3.0:test (sources = true)
2026.03.08 16:01:05 INFO  [INFO] SUCCESS: org.opentest4j:opentest4j:jar:1.3.0:test (sources = true)
2026.03.08 16:01:05 INFO  [INFO] Resolving artifact: org.junit.platform:junit-platform-commons:jar:1.10.2:test (sources = false)
2026.03.08 16:01:05 INFO  [INFO] SUCCESS: org.junit.platform:junit-platform-commons:jar:1.10.2:test (sources = false)
2026.03.08 16:01:05 INFO  [INFO] Resolving artifact: org.junit.platform:junit-platform-commons:jar:1.10.2:test (sources = true)
2026.03.08 16:01:05 INFO  [INFO] SUCCESS: org.junit.platform:junit-platform-commons:jar:1.10.2:test (sources = true)
2026.03.08 16:01:05 INFO  [INFO] Resolving artifact: org.apiguardian:apiguardian-api:jar:1.1.2:test (sources = false)
2026.03.08 16:01:05 INFO  [INFO] SUCCESS: org.apiguardian:apiguardian-api:jar:1.1.2:test (sources = false)
2026.03.08 16:01:05 INFO  [INFO] Resolving artifact: org.apiguardian:apiguardian-api:jar:1.1.2:test (sources = true)
2026.03.08 16:01:05 INFO  [INFO] SUCCESS: org.apiguardian:apiguardian-api:jar:1.1.2:test (sources = true)
2026.03.08 16:01:05 INFO  [INFO] Resolving artifact: org.junit.jupiter:junit-jupiter-params:jar:5.10.2:test (sources = false)
2026.03.08 16:01:05 INFO  [INFO] SUCCESS: org.junit.jupiter:junit-jupiter-params:jar:5.10.2:test (sources = false)
2026.03.08 16:01:05 INFO  [INFO] Resolving artifact: org.junit.jupiter:junit-jupiter-params:jar:5.10.2:test (sources = true)
2026.03.08 16:01:05 INFO  [INFO] SUCCESS: org.junit.jupiter:junit-jupiter-params:jar:5.10.2:test (sources = true)
2026.03.08 16:01:05 INFO  [INFO] Resolving artifact: org.junit.jupiter:junit-jupiter-engine:jar:5.10.2:test (sources = false)
2026.03.08 16:01:05 INFO  [INFO] SUCCESS: org.junit.jupiter:junit-jupiter-engine:jar:5.10.2:test (sources = false)
2026.03.08 16:01:05 INFO  [INFO] Resolving artifact: org.junit.jupiter:junit-jupiter-engine:jar:5.10.2:test (sources = true)
2026.03.08 16:01:05 INFO  [INFO] SUCCESS: org.junit.jupiter:junit-jupiter-engine:jar:5.10.2:test (sources = true)
2026.03.08 16:01:05 INFO  [INFO] Resolving artifact: org.junit.platform:junit-platform-engine:jar:1.10.2:test (sources = false)
2026.03.08 16:01:05 INFO  [INFO] SUCCESS: org.junit.platform:junit-platform-engine:jar:1.10.2:test (sources = false)
2026.03.08 16:01:05 INFO  [INFO] Resolving artifact: org.junit.platform:junit-platform-engine:jar:1.10.2:test (sources = true)
2026.03.08 16:01:05 INFO  [INFO] SUCCESS: org.junit.platform:junit-platform-engine:jar:1.10.2:test (sources = true)
2026.03.08 16:01:05 INFO  [INFO] Resolving artifact: org.mockito:mockito-core:jar:5.14.2:test (sources = false)
2026.03.08 16:01:05 INFO  [INFO] SUCCESS: org.mockito:mockito-core:jar:5.14.2:test (sources = false)
2026.03.08 16:01:05 INFO  [INFO] Resolving artifact: org.mockito:mockito-core:jar:5.14.2:test (sources = true)
2026.03.08 16:01:05 INFO  [INFO] SUCCESS: org.mockito:mockito-core:jar:5.14.2:test (sources = true)
2026.03.08 16:01:05 INFO  [INFO] Resolving artifact: net.bytebuddy:byte-buddy:jar:1.15.4:test (sources = false)
2026.03.08 16:01:05 INFO  [INFO] SUCCESS: net.bytebuddy:byte-buddy:jar:1.15.4:test (sources = false)
2026.03.08 16:01:05 INFO  [INFO] Resolving artifact: net.bytebuddy:byte-buddy:jar:1.15.4:test (sources = true)
2026.03.08 16:01:05 INFO  [INFO] SUCCESS: net.bytebuddy:byte-buddy:jar:1.15.4:test (sources = true)
2026.03.08 16:01:05 INFO  [INFO] Resolving artifact: net.bytebuddy:byte-buddy-agent:jar:1.15.4:test (sources = false)
2026.03.08 16:01:05 INFO  [INFO] SUCCESS: net.bytebuddy:byte-buddy-agent:jar:1.15.4:test (sources = false)
2026.03.08 16:01:05 INFO  [INFO] Resolving artifact: net.bytebuddy:byte-buddy-agent:jar:1.15.4:test (sources = true)
2026.03.08 16:01:05 INFO  [INFO] SUCCESS: net.bytebuddy:byte-buddy-agent:jar:1.15.4:test (sources = true)
2026.03.08 16:01:05 INFO  [INFO] Resolving artifact: org.objenesis:objenesis:jar:3.3:test (sources = false)
2026.03.08 16:01:05 INFO  [INFO] SUCCESS: org.objenesis:objenesis:jar:3.3:test (sources = false)
2026.03.08 16:01:05 INFO  [INFO] Resolving artifact: org.objenesis:objenesis:jar:3.3:test (sources = true)
2026.03.08 16:01:05 INFO  [INFO] SUCCESS: org.objenesis:objenesis:jar:3.3:test (sources = true)
2026.03.08 16:01:05 INFO  [INFO] Resolving artifact: org.mockito:mockito-junit-jupiter:jar:5.14.2:test (sources = false)
2026.03.08 16:01:05 INFO  [INFO] SUCCESS: org.mockito:mockito-junit-jupiter:jar:5.14.2:test (sources = false)
2026.03.08 16:01:05 INFO  [INFO] Resolving artifact: org.mockito:mockito-junit-jupiter:jar:5.14.2:test (sources = true)
2026.03.08 16:01:05 INFO  [INFO] SUCCESS: org.mockito:mockito-junit-jupiter:jar:5.14.2:test (sources = true)
2026.03.08 16:01:05 INFO  [INFO] Generated .bloop/replay-test.json
2026.03.08 16:01:05 INFO  [INFO] ------------------------------------------------------------------------
2026.03.08 16:01:05 INFO  [INFO] BUILD SUCCESS
2026.03.08 16:01:05 INFO  [INFO] ------------------------------------------------------------------------
2026.03.08 16:01:05 INFO  [INFO] Total time:  17.887 s
2026.03.08 16:01:05 INFO  [INFO] Finished at: 2026-03-08T16:01:06-04:00
2026.03.08 16:01:05 INFO  [INFO] ------------------------------------------------------------------------
2026.03.08 16:01:06 INFO  time: ran 'mvn bloopInstall' in 19s
2026.03.08 16:01:06 INFO  Attempting to connect to the build server...
2026.03.08 16:01:06 INFO  No running Bloop server found, starting one.
2026.03.08 16:01:09 INFO  Starting compilation server
2026.03.08 16:01:09 INFO  tracing is disabled for protocol BSP, to enable tracing of incoming and outgoing JSON messages create an empty file at /Users/vaskoyordanov/DRSystemActors/.metals/bsp.trace.json or /Users/vaskoyordanov/Library/Caches/org.scalameta.metals/bsp.trace.json
2026.03.08 16:01:10 INFO  time: Connected to build server in 4.2s
2026.03.08 16:01:09 INFO  Connected to Build server: Bloop v2.0.19
2026.03.08 16:01:10 WARN  3.3.3 is no longer supported in the current Metals versions, using the last known supported version 1.5.1
2026.03.08 16:01:13 WARN  Using H2 2.4.240 which is newer than the version Flyway has been verified with. The latest verified version of H2 is 2.3.232.
2026.03.08 16:01:16 INFO  Created report: Optional[file:///Users/vaskoyordanov/DRSystemActors/jar:file:/opt/homebrew/Cellar/openjdk/23.0.2/libexec/openjdk.jdk/Contents/Home/lib/src.zip!/jdk.javadoc/jdk/javadoc/internal/doclets/formats/html/HtmlConfiguration.java]
2026.03.08 16:01:16 INFO  Java indexer failed with and exception. (full report at: "/Users/vaskoyordanov/DRSystemActors/.metals/.reports/metals-full/2026-03-08/r_failed-idex-java_16-01-16-051.md")
2026.03.08 16:01:27 INFO  time: indexed workspace in 16s
2026.03.08 16:01:27 INFO  compiling replay (9 java sources)
2026.03.08 16:01:27 WARN  Unexpected javac output: warning: [options] location of system modules is not set in conjunction with -source 17
  not setting the location of system modules may lead to class files that cannot run on JDK 17
    --release 17 is recommended instead of -source 17 -target 17 because it sets the location of system modules automatically
1 warning.
2026.03.08 16:01:27 WARN  javac: [options] location of system modules is not set in conjunction with -source 17
2026.03.08 16:01:27 INFO  time: compiled replay in 0.97s
2026.03.08 16:04:38 WARN  no build target for: /Users/vaskoyordanov/DRSystemActors/src/test/java/com/example/replay/rest/MiniHttpServerTest.java
2026.03.08 16:04:38 INFO  no build target found for /Users/vaskoyordanov/DRSystemActors/src/test/java/com/example/replay/rest/MiniHttpServerTest.java. Using fallback presentation compiler.
2026.03.08 16:04:46 INFO  no build target found for /Users/vaskoyordanov/DRSystemActors/src/test/java/com/example/replay/rest/MiniHttpServerTest.java. Using fallback presentation compiler.
2026.03.08 16:04:47 INFO  no build target found for /Users/vaskoyordanov/DRSystemActors/src/test/java/com/example/replay/rest/MiniHttpServerTest.java. Using fallback presentation compiler.
2026.03.08 16:04:57 INFO  no build target found for /Users/vaskoyordanov/DRSystemActors/src/test/java/com/example/replay/rest/MiniHttpServerTest.java. Using fallback presentation compiler.
2026.03.08 16:05:00 INFO  running '/opt/homebrew/Cellar/openjdk/23.0.2/libexec/openjdk.jdk/Contents/Home/bin/java -Dfile.encoding=UTF-8 -Dmaven.multiModuleProjectDirectory=/Users/vaskoyordanov/DRSystemActors -Dmaven.home=/var/folders/3w/gywqcn696zd49sq823378skr0000gn/T/metals15304560804460225796 -cp /var/folders/3w/gywqcn696zd49sq823378skr0000gn/T/metals15304560804460225796/maven-wrapper.jar org.apache.maven.wrapper.MavenWrapperMain generate-sources ch.epfl.scala:bloop-maven-plugin:2.0.3:bloopInstall -DdownloadSources=true'
2026.03.08 16:05:00 INFO  [INFO] Scanning for projects...
2026.03.08 16:05:00 INFO  [INFO] 
2026.03.08 16:05:00 INFO  [INFO] -------------------------< com.example:replay >-------------------------
2026.03.08 16:05:00 INFO  [INFO] Building Replay Core 1.0.0-SNAPSHOT
2026.03.08 16:05:00 INFO  [INFO]   from pom.xml
2026.03.08 16:05:00 INFO  [INFO] --------------------------------[ jar ]---------------------------------
2026.03.08 16:05:00 INFO  [INFO] 
2026.03.08 16:05:00 INFO  [INFO] --- bloop:2.0.3:bloopInstall (default-cli) @ replay ---
2026.03.08 16:05:00 INFO  [INFO] Resolving artifact: org.apache.pekko:pekko-actor_3:jar:1.1.2:compile (sources = false)
2026.03.08 16:05:00 INFO  [INFO] SUCCESS: org.apache.pekko:pekko-actor_3:jar:1.1.2:compile (sources = false)
2026.03.08 16:05:00 INFO  [INFO] Resolving artifact: org.apache.pekko:pekko-actor_3:jar:1.1.2:compile (sources = true)
2026.03.08 16:05:00 INFO  [INFO] SUCCESS: org.apache.pekko:pekko-actor_3:jar:1.1.2:compile (sources = true)
2026.03.08 16:05:00 INFO  [INFO] Resolving artifact: org.scala-lang:scala3-library_3:jar:3.3.3:compile (sources = false)
2026.03.08 16:05:00 INFO  [INFO] SUCCESS: org.scala-lang:scala3-library_3:jar:3.3.3:compile (sources = false)
2026.03.08 16:05:00 INFO  [INFO] Resolving artifact: org.scala-lang:scala3-library_3:jar:3.3.3:compile (sources = true)
2026.03.08 16:05:00 INFO  [INFO] SUCCESS: org.scala-lang:scala3-library_3:jar:3.3.3:compile (sources = true)
2026.03.08 16:05:00 INFO  [INFO] Resolving artifact: org.scala-lang:scala-library:jar:2.13.12:compile (sources = false)
2026.03.08 16:05:00 INFO  [INFO] SUCCESS: org.scala-lang:scala-library:jar:2.13.12:compile (sources = false)
2026.03.08 16:05:00 INFO  [INFO] Resolving artifact: org.scala-lang:scala-library:jar:2.13.12:compile (sources = true)
2026.03.08 16:05:00 INFO  [INFO] SUCCESS: org.scala-lang:scala-library:jar:2.13.12:compile (sources = true)
2026.03.08 16:05:00 INFO  [INFO] Resolving artifact: com.typesafe:config:jar:1.4.3:compile (sources = false)
2026.03.08 16:05:00 INFO  [INFO] SUCCESS: com.typesafe:config:jar:1.4.3:compile (sources = false)
2026.03.08 16:05:00 INFO  [INFO] Resolving artifact: com.typesafe:config:jar:1.4.3:compile (sources = true)
2026.03.08 16:05:00 INFO  [INFO] SUCCESS: com.typesafe:config:jar:1.4.3:compile (sources = true)
2026.03.08 16:05:00 INFO  [INFO] Resolving artifact: org.apache.pekko:pekko-stream_3:jar:1.1.2:compile (sources = false)
2026.03.08 16:05:00 INFO  [INFO] SUCCESS: org.apache.pekko:pekko-stream_3:jar:1.1.2:compile (sources = false)
2026.03.08 16:05:00 INFO  [INFO] Resolving artifact: org.apache.pekko:pekko-stream_3:jar:1.1.2:compile (sources = true)
2026.03.08 16:05:00 INFO  [INFO] SUCCESS: org.apache.pekko:pekko-stream_3:jar:1.1.2:compile (sources = true)
2026.03.08 16:05:00 INFO  [INFO] Resolving artifact: org.apache.pekko:pekko-protobuf-v3_3:jar:1.1.2:compile (sources = false)
2026.03.08 16:05:00 INFO  [INFO] SUCCESS: org.apache.pekko:pekko-protobuf-v3_3:jar:1.1.2:compile (sources = false)
2026.03.08 16:05:00 INFO  [INFO] Resolving artifact: org.apache.pekko:pekko-protobuf-v3_3:jar:1.1.2:compile (sources = true)
2026.03.08 16:05:00 INFO  [INFO] SUCCESS: org.apache.pekko:pekko-protobuf-v3_3:jar:1.1.2:compile (sources = true)
2026.03.08 16:05:00 INFO  [INFO] Resolving artifact: org.reactivestreams:reactive-streams:jar:1.0.4:compile (sources = false)
2026.03.08 16:05:00 INFO  [INFO] SUCCESS: org.reactivestreams:reactive-streams:jar:1.0.4:compile (sources = false)
2026.03.08 16:05:00 INFO  [INFO] Resolving artifact: org.reactivestreams:reactive-streams:jar:1.0.4:compile (sources = true)
2026.03.08 16:05:00 INFO  [INFO] SUCCESS: org.reactivestreams:reactive-streams:jar:1.0.4:compile (sources = true)
2026.03.08 16:05:00 INFO  [INFO] Resolving artifact: com.typesafe:ssl-config-core_3:jar:0.6.1:compile (sources = false)
2026.03.08 16:05:00 INFO  [INFO] SUCCESS: com.typesafe:ssl-config-core_3:jar:0.6.1:compile (sources = false)
2026.03.08 16:05:00 INFO  [INFO] Resolving artifact: com.typesafe:ssl-config-core_3:jar:0.6.1:compile (sources = true)
2026.03.08 16:05:00 INFO  [INFO] SUCCESS: com.typesafe:ssl-config-core_3:jar:0.6.1:compile (sources = true)
2026.03.08 16:05:00 INFO  [INFO] Resolving artifact: org.apache.pekko:pekko-http_3:jar:1.0.1:compile (sources = false)
2026.03.08 16:05:00 INFO  [INFO] SUCCESS: org.apache.pekko:pekko-http_3:jar:1.0.1:compile (sources = false)
2026.03.08 16:05:00 INFO  [INFO] Resolving artifact: org.apache.pekko:pekko-http_3:jar:1.0.1:compile (sources = true)
2026.03.08 16:05:00 INFO  [INFO] SUCCESS: org.apache.pekko:pekko-http_3:jar:1.0.1:compile (sources = true)
2026.03.08 16:05:00 INFO  [INFO] Resolving artifact: org.apache.pekko:pekko-http-core_3:jar:1.0.1:compile (sources = false)
2026.03.08 16:05:00 INFO  [INFO] SUCCESS: org.apache.pekko:pekko-http-core_3:jar:1.0.1:compile (sources = false)
2026.03.08 16:05:00 INFO  [INFO] Resolving artifact: org.apache.pekko:pekko-http-core_3:jar:1.0.1:compile (sources = true)
2026.03.08 16:05:00 INFO  [INFO] SUCCESS: org.apache.pekko:pekko-http-core_3:jar:1.0.1:compile (sources = true)
2026.03.08 16:05:00 INFO  [INFO] Resolving artifact: org.apache.pekko:pekko-parsing_3:jar:1.0.1:compile (sources = false)
2026.03.08 16:05:00 INFO  [INFO] SUCCESS: org.apache.pekko:pekko-parsing_3:jar:1.0.1:compile (sources = false)
2026.03.08 16:05:00 INFO  [INFO] Resolving artifact: org.apache.pekko:pekko-parsing_3:jar:1.0.1:compile (sources = true)
2026.03.08 16:05:00 INFO  [INFO] SUCCESS: org.apache.pekko:pekko-parsing_3:jar:1.0.1:compile (sources = true)
2026.03.08 16:05:00 INFO  [INFO] Resolving artifact: org.parboiled:parboiled_3:jar:2.5.0:compile (sources = false)
2026.03.08 16:05:00 INFO  [INFO] SUCCESS: org.parboiled:parboiled_3:jar:2.5.0:compile (sources = false)
2026.03.08 16:05:00 INFO  [INFO] Resolving artifact: org.parboiled:parboiled_3:jar:2.5.0:compile (sources = true)
2026.03.08 16:05:00 INFO  [INFO] SUCCESS: org.parboiled:parboiled_3:jar:2.5.0:compile (sources = true)
2026.03.08 16:05:00 INFO  [INFO] Resolving artifact: org.apache.pekko:pekko-http-jackson_3:jar:1.0.1:compile (sources = false)
2026.03.08 16:05:00 INFO  [INFO] SUCCESS: org.apache.pekko:pekko-http-jackson_3:jar:1.0.1:compile (sources = false)
2026.03.08 16:05:00 INFO  [INFO] Resolving artifact: org.apache.pekko:pekko-http-jackson_3:jar:1.0.1:compile (sources = true)
2026.03.08 16:05:00 INFO  [INFO] SUCCESS: org.apache.pekko:pekko-http-jackson_3:jar:1.0.1:compile (sources = true)
2026.03.08 16:05:00 INFO  [INFO] Resolving artifact: org.apache.pekko:pekko-slf4j_3:jar:1.1.2:compile (sources = false)
2026.03.08 16:05:00 INFO  [INFO] SUCCESS: org.apache.pekko:pekko-slf4j_3:jar:1.1.2:compile (sources = false)
2026.03.08 16:05:00 INFO  [INFO] Resolving artifact: org.apache.pekko:pekko-slf4j_3:jar:1.1.2:compile (sources = true)
2026.03.08 16:05:00 INFO  [INFO] SUCCESS: org.apache.pekko:pekko-slf4j_3:jar:1.1.2:compile (sources = true)
2026.03.08 16:05:00 INFO  [INFO] Resolving artifact: org.slf4j:slf4j-api:jar:2.0.16:compile (sources = false)
2026.03.08 16:05:00 INFO  [INFO] SUCCESS: org.slf4j:slf4j-api:jar:2.0.16:compile (sources = false)
2026.03.08 16:05:00 INFO  [INFO] Resolving artifact: org.slf4j:slf4j-api:jar:2.0.16:compile (sources = true)
2026.03.08 16:05:00 INFO  [INFO] SUCCESS: org.slf4j:slf4j-api:jar:2.0.16:compile (sources = true)
2026.03.08 16:05:00 INFO  [INFO] Resolving artifact: com.fasterxml.jackson.core:jackson-databind:jar:2.17.2:compile (sources = false)
2026.03.08 16:05:00 INFO  [INFO] SUCCESS: com.fasterxml.jackson.core:jackson-databind:jar:2.17.2:compile (sources = false)
2026.03.08 16:05:00 INFO  [INFO] Resolving artifact: com.fasterxml.jackson.core:jackson-databind:jar:2.17.2:compile (sources = true)
2026.03.08 16:05:00 INFO  [INFO] SUCCESS: com.fasterxml.jackson.core:jackson-databind:jar:2.17.2:compile (sources = true)
2026.03.08 16:05:00 INFO  [INFO] Resolving artifact: com.fasterxml.jackson.core:jackson-core:jar:2.17.2:compile (sources = false)
2026.03.08 16:05:00 INFO  [INFO] SUCCESS: com.fasterxml.jackson.core:jackson-core:jar:2.17.2:compile (sources = false)
2026.03.08 16:05:00 INFO  [INFO] Resolving artifact: com.fasterxml.jackson.core:jackson-core:jar:2.17.2:compile (sources = true)
2026.03.08 16:05:00 INFO  [INFO] SUCCESS: com.fasterxml.jackson.core:jackson-core:jar:2.17.2:compile (sources = true)
2026.03.08 16:05:00 INFO  [INFO] Resolving artifact: com.fasterxml.jackson.core:jackson-annotations:jar:2.17.2:compile (sources = false)
2026.03.08 16:05:00 INFO  [INFO] SUCCESS: com.fasterxml.jackson.core:jackson-annotations:jar:2.17.2:compile (sources = false)
2026.03.08 16:05:00 INFO  [INFO] Resolving artifact: com.fasterxml.jackson.core:jackson-annotations:jar:2.17.2:compile (sources = true)
2026.03.08 16:05:00 INFO  [INFO] SUCCESS: com.fasterxml.jackson.core:jackson-annotations:jar:2.17.2:compile (sources = true)
2026.03.08 16:05:00 INFO  [INFO] Resolving artifact: org.postgresql:postgresql:jar:42.7.3:compile (sources = false)
2026.03.08 16:05:00 INFO  [INFO] SUCCESS: org.postgresql:postgresql:jar:42.7.3:compile (sources = false)
2026.03.08 16:05:00 INFO  [INFO] Resolving artifact: org.postgresql:postgresql:jar:42.7.3:compile (sources = true)
2026.03.08 16:05:00 INFO  [INFO] SUCCESS: org.postgresql:postgresql:jar:42.7.3:compile (sources = true)
2026.03.08 16:05:00 INFO  [INFO] Resolving artifact: org.checkerframework:checker-qual:jar:3.42.0:runtime (sources = false)
2026.03.08 16:05:00 INFO  [INFO] SUCCESS: org.checkerframework:checker-qual:jar:3.42.0:runtime (sources = false)
2026.03.08 16:05:00 INFO  [INFO] Resolving artifact: org.checkerframework:checker-qual:jar:3.42.0:runtime (sources = true)
2026.03.08 16:05:00 INFO  [INFO] SUCCESS: org.checkerframework:checker-qual:jar:3.42.0:runtime (sources = true)
2026.03.08 16:05:00 INFO  [INFO] Resolving artifact: io.delta:delta-kernel-api:jar:4.0.0:compile (sources = false)
2026.03.08 16:05:00 INFO  [INFO] SUCCESS: io.delta:delta-kernel-api:jar:4.0.0:compile (sources = false)
2026.03.08 16:05:00 INFO  [INFO] Resolving artifact: io.delta:delta-kernel-api:jar:4.0.0:compile (sources = true)
2026.03.08 16:05:00 INFO  [INFO] SUCCESS: io.delta:delta-kernel-api:jar:4.0.0:compile (sources = true)
2026.03.08 16:05:00 INFO  [INFO] Resolving artifact: org.roaringbitmap:RoaringBitmap:jar:0.9.25:compile (sources = false)
2026.03.08 16:05:00 INFO  [INFO] SUCCESS: org.roaringbitmap:RoaringBitmap:jar:0.9.25:compile (sources = false)
2026.03.08 16:05:00 INFO  [INFO] Resolving artifact: org.roaringbitmap:RoaringBitmap:jar:0.9.25:compile (sources = true)
2026.03.08 16:05:00 INFO  [INFO] SUCCESS: org.roaringbitmap:RoaringBitmap:jar:0.9.25:compile (sources = true)
2026.03.08 16:05:00 INFO  [INFO] Resolving artifact: org.roaringbitmap:shims:jar:0.9.25:runtime (sources = false)
2026.03.08 16:05:00 INFO  [INFO] SUCCESS: org.roaringbitmap:shims:jar:0.9.25:runtime (sources = false)
2026.03.08 16:05:00 INFO  [INFO] Resolving artifact: org.roaringbitmap:shims:jar:0.9.25:runtime (sources = true)
2026.03.08 16:05:00 INFO  [INFO] SUCCESS: org.roaringbitmap:shims:jar:0.9.25:runtime (sources = true)
2026.03.08 16:05:00 INFO  [INFO] Resolving artifact: com.fasterxml.jackson.datatype:jackson-datatype-jdk8:jar:2.13.5:compile (sources = false)
2026.03.08 16:05:00 INFO  [INFO] SUCCESS: com.fasterxml.jackson.datatype:jackson-datatype-jdk8:jar:2.13.5:compile (sources = false)
2026.03.08 16:05:00 INFO  [INFO] Resolving artifact: com.fasterxml.jackson.datatype:jackson-datatype-jdk8:jar:2.13.5:compile (sources = true)
2026.03.08 16:05:00 INFO  [INFO] SUCCESS: com.fasterxml.jackson.datatype:jackson-datatype-jdk8:jar:2.13.5:compile (sources = true)
2026.03.08 16:05:00 INFO  [INFO] Resolving artifact: io.delta:delta-kernel-defaults:jar:4.0.0:compile (sources = false)
2026.03.08 16:05:00 INFO  [INFO] SUCCESS: io.delta:delta-kernel-defaults:jar:4.0.0:compile (sources = false)
2026.03.08 16:05:00 INFO  [INFO] Resolving artifact: io.delta:delta-kernel-defaults:jar:4.0.0:compile (sources = true)
2026.03.08 16:05:00 INFO  [INFO] SUCCESS: io.delta:delta-kernel-defaults:jar:4.0.0:compile (sources = true)
2026.03.08 16:05:00 INFO  [INFO] Resolving artifact: io.delta:delta-storage:jar:4.0.0:compile (sources = false)
2026.03.08 16:05:00 INFO  [INFO] SUCCESS: io.delta:delta-storage:jar:4.0.0:compile (sources = false)
2026.03.08 16:05:00 INFO  [INFO] Resolving artifact: io.delta:delta-storage:jar:4.0.0:compile (sources = true)
2026.03.08 16:05:00 INFO  [INFO] SUCCESS: io.delta:delta-storage:jar:4.0.0:compile (sources = true)
2026.03.08 16:05:00 INFO  [INFO] Resolving artifact: org.apache.hadoop:hadoop-client-runtime:jar:3.4.0:compile (sources = false)
2026.03.08 16:05:00 INFO  [INFO] SUCCESS: org.apache.hadoop:hadoop-client-runtime:jar:3.4.0:compile (sources = false)
2026.03.08 16:05:00 INFO  [INFO] Resolving artifact: org.apache.hadoop:hadoop-client-runtime:jar:3.4.0:compile (sources = true)
2026.03.08 16:05:00 INFO  [ERROR] FAILURE org.apache.hadoop:hadoop-client-runtime:jar:3.4.0:compile (sources = true)
2026.03.08 16:05:00 INFO  org.eclipse.aether.resolution.ArtifactResolutionException: The following artifacts could not be resolved: org.apache.hadoop:hadoop-client-runtime:jar:sources:3.4.0 (absent): org.apache.hadoop:hadoop-client-runtime:jar:sources:3.4.0 was not found in https://repo.maven.apache.org/maven2 during a previous attempt. This failure was cached in the local repository and resolution is not reattempted until the update interval of central has elapsed or updates are forced
2026.03.08 16:05:00 INFO      at org.eclipse.aether.internal.impl.DefaultArtifactResolver.resolve (DefaultArtifactResolver.java:473)
2026.03.08 16:05:00 INFO      at org.eclipse.aether.internal.impl.DefaultArtifactResolver.resolveArtifacts (DefaultArtifactResolver.java:261)
2026.03.08 16:05:00 INFO      at org.eclipse.aether.internal.impl.DefaultArtifactResolver.resolveArtifact (DefaultArtifactResolver.java:243)
2026.03.08 16:05:00 INFO      at org.eclipse.aether.internal.impl.DefaultRepositorySystem.resolveArtifact (DefaultRepositorySystem.java:278)
2026.03.08 16:05:00 INFO      at bloop.integrations.maven.MojoImplementation$.bloop$integrations$maven$MojoImplementation$$resolveArtifact$1 (MojoImplementation.scala:115)
2026.03.08 16:05:00 INFO      at bloop.integrations.maven.MojoImplementation$$anonfun$2.applyOrElse (MojoImplementation.scala:240)
2026.03.08 16:05:00 INFO      at bloop.integrations.maven.MojoImplementation$$anonfun$2.applyOrElse (MojoImplementation.scala:222)
2026.03.08 16:05:00 INFO      at scala.collection.StrictOptimizedIterableOps.collect (StrictOptimizedIterableOps.scala:151)
2026.03.08 16:05:00 INFO      at scala.collection.StrictOptimizedIterableOps.collect$ (StrictOptimizedIterableOps.scala:136)
2026.03.08 16:05:00 INFO      at scala.collection.convert.JavaCollectionWrappers$JSetWrapper.collect (JavaCollectionWrappers.scala:180)
2026.03.08 16:05:00 INFO      at bloop.integrations.maven.MojoImplementation$.writeConfig$1 (MojoImplementation.scala:222)
2026.03.08 16:05:00 INFO      at bloop.integrations.maven.MojoImplementation$.writeCompileAndTestConfiguration (MojoImplementation.scala:298)
2026.03.08 16:05:00 INFO      at bloop.integrations.maven.MojoImplementation.writeCompileAndTestConfiguration (MojoImplementation.scala)
2026.03.08 16:05:00 INFO      at bloop.integrations.maven.BloopMojo.execute (BloopMojo.java:105)
2026.03.08 16:05:00 INFO      at org.apache.maven.plugin.DefaultBuildPluginManager.executeMojo (DefaultBuildPluginManager.java:126)
2026.03.08 16:05:00 INFO      at org.apache.maven.lifecycle.internal.MojoExecutor.doExecute2 (MojoExecutor.java:328)
2026.03.08 16:05:00 INFO      at org.apache.maven.lifecycle.internal.MojoExecutor.doExecute (MojoExecutor.java:316)
2026.03.08 16:05:00 INFO      at org.apache.maven.lifecycle.internal.MojoExecutor.execute (MojoExecutor.java:212)
2026.03.08 16:05:00 INFO      at org.apache.maven.lifecycle.internal.MojoExecutor.execute (MojoExecutor.java:174)
2026.03.08 16:05:00 INFO      at org.apache.maven.lifecycle.internal.MojoExecutor.access$000 (MojoExecutor.java:75)
2026.03.08 16:05:00 INFO      at org.apache.maven.lifecycle.internal.MojoExecutor$1.run (MojoExecutor.java:162)
2026.03.08 16:05:00 INFO      at org.apache.maven.plugin.DefaultMojosExecutionStrategy.execute (DefaultMojosExecutionStrategy.java:39)
2026.03.08 16:05:00 INFO      at org.apache.maven.lifecycle.internal.MojoExecutor.execute (MojoExecutor.java:159)
2026.03.08 16:05:00 INFO      at org.apache.maven.lifecycle.internal.LifecycleModuleBuilder.buildProject (LifecycleModuleBuilder.java:105)
2026.03.08 16:05:00 INFO      at org.apache.maven.lifecycle.internal.LifecycleModuleBuilder.buildProject (LifecycleModuleBuilder.java:73)
2026.03.08 16:05:00 INFO      at org.apache.maven.lifecycle.internal.builder.singlethreaded.SingleThreadedBuilder.build (SingleThreadedBuilder.java:53)
2026.03.08 16:05:00 INFO      at org.apache.maven.lifecycle.internal.LifecycleStarter.execute (LifecycleStarter.java:118)
2026.03.08 16:05:00 INFO      at org.apache.maven.DefaultMaven.doExecute (DefaultMaven.java:261)
2026.03.08 16:05:00 INFO      at org.apache.maven.DefaultMaven.doExecute (DefaultMaven.java:173)
2026.03.08 16:05:00 INFO      at org.apache.maven.DefaultMaven.execute (DefaultMaven.java:101)
2026.03.08 16:05:00 INFO      at org.apache.maven.cli.MavenCli.execute (MavenCli.java:906)
2026.03.08 16:05:00 INFO      at org.apache.maven.cli.MavenCli.doMain (MavenCli.java:283)
2026.03.08 16:05:00 INFO      at org.apache.maven.cli.MavenCli.main (MavenCli.java:206)
2026.03.08 16:05:00 INFO      at jdk.internal.reflect.DirectMethodHandleAccessor.invoke (DirectMethodHandleAccessor.java:103)
2026.03.08 16:05:00 INFO      at java.lang.reflect.Method.invoke (Method.java:580)
2026.03.08 16:05:00 INFO      at org.codehaus.plexus.classworlds.launcher.Launcher.launchEnhanced (Launcher.java:255)
2026.03.08 16:05:00 INFO      at org.codehaus.plexus.classworlds.launcher.Launcher.launch (Launcher.java:201)
2026.03.08 16:05:00 INFO      at org.codehaus.plexus.classworlds.launcher.Launcher.mainWithExitCode (Launcher.java:361)
2026.03.08 16:05:00 INFO      at org.codehaus.plexus.classworlds.launcher.Launcher.main (Launcher.java:314)
2026.03.08 16:05:00 INFO      at jdk.internal.reflect.DirectMethodHandleAccessor.invoke (DirectMethodHandleAccessor.java:103)
2026.03.08 16:05:00 INFO      at java.lang.reflect.Method.invoke (Method.java:580)
2026.03.08 16:05:00 INFO      at org.apache.maven.wrapper.BootstrapMainStarter.start (BootstrapMainStarter.java:52)
2026.03.08 16:05:00 INFO      at org.apache.maven.wrapper.WrapperExecutor.execute (WrapperExecutor.java:161)
2026.03.08 16:05:00 INFO      at org.apache.maven.wrapper.MavenWrapperMain.main (MavenWrapperMain.java:73)
2026.03.08 16:05:00 INFO  Caused by: org.eclipse.aether.transfer.ArtifactNotFoundException: org.apache.hadoop:hadoop-client-runtime:jar:sources:3.4.0 was not found in https://repo.maven.apache.org/maven2 during a previous attempt. This failure was cached in the local repository and resolution is not reattempted until the update interval of central has elapsed or updates are forced
2026.03.08 16:05:00 INFO      at org.eclipse.aether.internal.impl.DefaultUpdateCheckManager.newException (DefaultUpdateCheckManager.java:225)
2026.03.08 16:05:00 INFO      at org.eclipse.aether.internal.impl.DefaultUpdateCheckManager.checkArtifact (DefaultUpdateCheckManager.java:201)
2026.03.08 16:05:00 INFO      at org.eclipse.aether.internal.impl.DefaultArtifactResolver.gatherDownloads (DefaultArtifactResolver.java:586)
2026.03.08 16:05:00 INFO      at org.eclipse.aether.internal.impl.DefaultArtifactResolver.performDownloads (DefaultArtifactResolver.java:525)
2026.03.08 16:05:00 INFO      at org.eclipse.aether.internal.impl.DefaultArtifactResolver.resolve (DefaultArtifactResolver.java:449)
2026.03.08 16:05:00 INFO      at org.eclipse.aether.internal.impl.DefaultArtifactResolver.resolveArtifacts (DefaultArtifactResolver.java:261)
2026.03.08 16:05:00 INFO      at org.eclipse.aether.internal.impl.DefaultArtifactResolver.resolveArtifact (DefaultArtifactResolver.java:243)
2026.03.08 16:05:00 INFO      at org.eclipse.aether.internal.impl.DefaultRepositorySystem.resolveArtifact (DefaultRepositorySystem.java:278)
2026.03.08 16:05:00 INFO      at bloop.integrations.maven.MojoImplementation$.bloop$integrations$maven$MojoImplementation$$resolveArtifact$1 (MojoImplementation.scala:115)
2026.03.08 16:05:00 INFO      at bloop.integrations.maven.MojoImplementation$$anonfun$2.applyOrElse (MojoImplementation.scala:240)
2026.03.08 16:05:00 INFO      at bloop.integrations.maven.MojoImplementation$$anonfun$2.applyOrElse (MojoImplementation.scala:222)
2026.03.08 16:05:00 INFO      at scala.collection.StrictOptimizedIterableOps.collect (StrictOptimizedIterableOps.scala:151)
2026.03.08 16:05:00 INFO      at scala.collection.StrictOptimizedIterableOps.collect$ (StrictOptimizedIterableOps.scala:136)
2026.03.08 16:05:00 INFO      at scala.collection.convert.JavaCollectionWrappers$JSetWrapper.collect (JavaCollectionWrappers.scala:180)
2026.03.08 16:05:00 INFO      at bloop.integrations.maven.MojoImplementation$.writeConfig$1 (MojoImplementation.scala:222)
2026.03.08 16:05:00 INFO      at bloop.integrations.maven.MojoImplementation$.writeCompileAndTestConfiguration (MojoImplementation.scala:298)
2026.03.08 16:05:00 INFO      at bloop.integrations.maven.MojoImplementation.writeCompileAndTestConfiguration (MojoImplementation.scala)
2026.03.08 16:05:00 INFO      at bloop.integrations.maven.BloopMojo.execute (BloopMojo.java:105)
2026.03.08 16:05:00 INFO      at org.apache.maven.plugin.DefaultBuildPluginManager.executeMojo (DefaultBuildPluginManager.java:126)
2026.03.08 16:05:00 INFO      at org.apache.maven.lifecycle.internal.MojoExecutor.doExecute2 (MojoExecutor.java:328)
2026.03.08 16:05:00 INFO      at org.apache.maven.lifecycle.internal.MojoExecutor.doExecute (MojoExecutor.java:316)
2026.03.08 16:05:00 INFO      at org.apache.maven.lifecycle.internal.MojoExecutor.execute (MojoExecutor.java:212)
2026.03.08 16:05:00 INFO      at org.apache.maven.lifecycle.internal.MojoExecutor.execute (MojoExecutor.java:174)
2026.03.08 16:05:00 INFO      at org.apache.maven.lifecycle.internal.MojoExecutor.access$000 (MojoExecutor.java:75)
2026.03.08 16:05:00 INFO      at org.apache.maven.lifecycle.internal.MojoExecutor$1.run (MojoExecutor.java:162)
2026.03.08 16:05:00 INFO      at org.apache.maven.plugin.DefaultMojosExecutionStrategy.execute (DefaultMojosExecutionStrategy.java:39)
2026.03.08 16:05:00 INFO      at org.apache.maven.lifecycle.internal.MojoExecutor.execute (MojoExecutor.java:159)
2026.03.08 16:05:00 INFO      at org.apache.maven.lifecycle.internal.LifecycleModuleBuilder.buildProject (LifecycleModuleBuilder.java:105)
2026.03.08 16:05:00 INFO      at org.apache.maven.lifecycle.internal.LifecycleModuleBuilder.buildProject (LifecycleModuleBuilder.java:73)
2026.03.08 16:05:00 INFO      at org.apache.maven.lifecycle.internal.builder.singlethreaded.SingleThreadedBuilder.build (SingleThreadedBuilder.java:53)
2026.03.08 16:05:00 INFO      at org.apache.maven.lifecycle.internal.LifecycleStarter.execute (LifecycleStarter.java:118)
2026.03.08 16:05:00 INFO      at org.apache.maven.DefaultMaven.doExecute (DefaultMaven.java:261)
2026.03.08 16:05:00 INFO      at org.apache.maven.DefaultMaven.doExecute (DefaultMaven.java:173)
2026.03.08 16:05:00 INFO      at org.apache.maven.DefaultMaven.execute (DefaultMaven.java:101)
2026.03.08 16:05:00 INFO      at org.apache.maven.cli.MavenCli.execute (MavenCli.java:906)
2026.03.08 16:05:00 INFO      at org.apache.maven.cli.MavenCli.doMain (MavenCli.java:283)
2026.03.08 16:05:00 INFO      at org.apache.maven.cli.MavenCli.main (MavenCli.java:206)
2026.03.08 16:05:00 INFO      at jdk.internal.reflect.DirectMethodHandleAccessor.invoke (DirectMethodHandleAccessor.java:103)
2026.03.08 16:05:00 INFO      at java.lang.reflect.Method.invoke (Method.java:580)
2026.03.08 16:05:00 INFO      at org.codehaus.plexus.classworlds.launcher.Launcher.launchEnhanced (Launcher.java:255)
2026.03.08 16:05:00 INFO      at org.codehaus.plexus.classworlds.launcher.Launcher.launch (Launcher.java:201)
2026.03.08 16:05:00 INFO      at org.codehaus.plexus.classworlds.launcher.Launcher.mainWithExitCode (Launcher.java:361)
2026.03.08 16:05:00 INFO      at org.codehaus.plexus.classworlds.launcher.Launcher.main (Launcher.java:314)
2026.03.08 16:05:00 INFO      at jdk.internal.reflect.DirectMethodHandleAccessor.invoke (DirectMethodHandleAccessor.java:103)
2026.03.08 16:05:00 INFO      at java.lang.reflect.Method.invoke (Method.java:580)
2026.03.08 16:05:00 INFO      at org.apache.maven.wrapper.BootstrapMainStarter.start (BootstrapMainStarter.java:52)
2026.03.08 16:05:00 INFO      at org.apache.maven.wrapper.WrapperExecutor.execute (WrapperExecutor.java:161)
2026.03.08 16:05:00 INFO      at org.apache.maven.wrapper.MavenWrapperMain.main (MavenWrapperMain.java:73)
2026.03.08 16:05:00 INFO  [INFO] Resolving artifact: org.apache.hadoop:hadoop-client-api:jar:3.4.0:runtime (sources = false)
2026.03.08 16:05:00 INFO  [INFO] SUCCESS: org.apache.hadoop:hadoop-client-api:jar:3.4.0:runtime (sources = false)
2026.03.08 16:05:00 INFO  [INFO] Resolving artifact: org.apache.hadoop:hadoop-client-api:jar:3.4.0:runtime (sources = true)
2026.03.08 16:05:00 INFO  [INFO] SUCCESS: org.apache.hadoop:hadoop-client-api:jar:3.4.0:runtime (sources = true)
2026.03.08 16:05:00 INFO  [INFO] Resolving artifact: org.xerial.snappy:snappy-java:jar:1.1.10.4:compile (sources = false)
2026.03.08 16:05:00 INFO  [INFO] SUCCESS: org.xerial.snappy:snappy-java:jar:1.1.10.4:compile (sources = false)
2026.03.08 16:05:00 INFO  [INFO] Resolving artifact: org.xerial.snappy:snappy-java:jar:1.1.10.4:compile (sources = true)
2026.03.08 16:05:00 INFO  [INFO] SUCCESS: org.xerial.snappy:snappy-java:jar:1.1.10.4:compile (sources = true)
2026.03.08 16:05:00 INFO  [INFO] Resolving artifact: commons-logging:commons-logging:jar:1.2:runtime (sources = false)
2026.03.08 16:05:00 INFO  [INFO] SUCCESS: commons-logging:commons-logging:jar:1.2:runtime (sources = false)
2026.03.08 16:05:00 INFO  [INFO] Resolving artifact: commons-logging:commons-logging:jar:1.2:runtime (sources = true)
2026.03.08 16:05:00 INFO  [INFO] SUCCESS: commons-logging:commons-logging:jar:1.2:runtime (sources = true)
2026.03.08 16:05:00 INFO  [INFO] Resolving artifact: com.google.code.findbugs:jsr305:jar:3.0.2:runtime (sources = false)
2026.03.08 16:05:00 INFO  [INFO] SUCCESS: com.google.code.findbugs:jsr305:jar:3.0.2:runtime (sources = false)
2026.03.08 16:05:00 INFO  [INFO] Resolving artifact: com.google.code.findbugs:jsr305:jar:3.0.2:runtime (sources = true)
2026.03.08 16:05:00 INFO  [INFO] SUCCESS: com.google.code.findbugs:jsr305:jar:3.0.2:runtime (sources = true)
2026.03.08 16:05:00 INFO  [INFO] Resolving artifact: org.apache.parquet:parquet-hadoop:jar:1.12.3:compile (sources = false)
2026.03.08 16:05:00 INFO  [INFO] SUCCESS: org.apache.parquet:parquet-hadoop:jar:1.12.3:compile (sources = false)
2026.03.08 16:05:00 INFO  [INFO] Resolving artifact: org.apache.parquet:parquet-hadoop:jar:1.12.3:compile (sources = true)
2026.03.08 16:05:00 INFO  [INFO] SUCCESS: org.apache.parquet:parquet-hadoop:jar:1.12.3:compile (sources = true)
2026.03.08 16:05:00 INFO  [INFO] Resolving artifact: org.apache.parquet:parquet-column:jar:1.12.3:compile (sources = false)
2026.03.08 16:05:00 INFO  [INFO] SUCCESS: org.apache.parquet:parquet-column:jar:1.12.3:compile (sources = false)
2026.03.08 16:05:00 INFO  [INFO] Resolving artifact: org.apache.parquet:parquet-column:jar:1.12.3:compile (sources = true)
2026.03.08 16:05:00 INFO  [INFO] SUCCESS: org.apache.parquet:parquet-column:jar:1.12.3:compile (sources = true)
2026.03.08 16:05:00 INFO  [INFO] Resolving artifact: org.apache.parquet:parquet-encoding:jar:1.12.3:compile (sources = false)
2026.03.08 16:05:00 INFO  [INFO] SUCCESS: org.apache.parquet:parquet-encoding:jar:1.12.3:compile (sources = false)
2026.03.08 16:05:00 INFO  [INFO] Resolving artifact: org.apache.parquet:parquet-encoding:jar:1.12.3:compile (sources = true)
2026.03.08 16:05:00 INFO  [INFO] SUCCESS: org.apache.parquet:parquet-encoding:jar:1.12.3:compile (sources = true)
2026.03.08 16:05:00 INFO  [INFO] Resolving artifact: org.apache.parquet:parquet-format-structures:jar:1.12.3:compile (sources = false)
2026.03.08 16:05:00 INFO  [INFO] SUCCESS: org.apache.parquet:parquet-format-structures:jar:1.12.3:compile (sources = false)
2026.03.08 16:05:00 INFO  [INFO] Resolving artifact: org.apache.parquet:parquet-format-structures:jar:1.12.3:compile (sources = true)
2026.03.08 16:05:00 INFO  [INFO] SUCCESS: org.apache.parquet:parquet-format-structures:jar:1.12.3:compile (sources = true)
2026.03.08 16:05:00 INFO  [INFO] Resolving artifact: org.apache.parquet:parquet-common:jar:1.12.3:compile (sources = false)
2026.03.08 16:05:00 INFO  [INFO] SUCCESS: org.apache.parquet:parquet-common:jar:1.12.3:compile (sources = false)
2026.03.08 16:05:00 INFO  [INFO] Resolving artifact: org.apache.parquet:parquet-common:jar:1.12.3:compile (sources = true)
2026.03.08 16:05:00 INFO  [INFO] SUCCESS: org.apache.parquet:parquet-common:jar:1.12.3:compile (sources = true)
2026.03.08 16:05:00 INFO  [INFO] Resolving artifact: org.apache.parquet:parquet-jackson:jar:1.12.3:runtime (sources = false)
2026.03.08 16:05:00 INFO  [INFO] SUCCESS: org.apache.parquet:parquet-jackson:jar:1.12.3:runtime (sources = false)
2026.03.08 16:05:00 INFO  [INFO] Resolving artifact: org.apache.parquet:parquet-jackson:jar:1.12.3:runtime (sources = true)
2026.03.08 16:05:00 INFO  [INFO] SUCCESS: org.apache.parquet:parquet-jackson:jar:1.12.3:runtime (sources = true)
2026.03.08 16:05:00 INFO  [INFO] Resolving artifact: commons-pool:commons-pool:jar:1.6:compile (sources = false)
2026.03.08 16:05:00 INFO  [INFO] SUCCESS: commons-pool:commons-pool:jar:1.6:compile (sources = false)
2026.03.08 16:05:00 INFO  [INFO] Resolving artifact: commons-pool:commons-pool:jar:1.6:compile (sources = true)
2026.03.08 16:05:00 INFO  [INFO] SUCCESS: commons-pool:commons-pool:jar:1.6:compile (sources = true)
2026.03.08 16:05:00 INFO  [INFO] Resolving artifact: com.github.luben:zstd-jni:jar:1.5.0-1:compile (sources = false)
2026.03.08 16:05:00 INFO  [INFO] SUCCESS: com.github.luben:zstd-jni:jar:1.5.0-1:compile (sources = false)
2026.03.08 16:05:00 INFO  [INFO] Resolving artifact: com.github.luben:zstd-jni:jar:1.5.0-1:compile (sources = true)
2026.03.08 16:05:00 INFO  [INFO] SUCCESS: com.github.luben:zstd-jni:jar:1.5.0-1:compile (sources = true)
2026.03.08 16:05:00 INFO  [INFO] Resolving artifact: org.apache.yetus:audience-annotations:jar:0.13.0:compile (sources = false)
2026.03.08 16:05:00 INFO  [INFO] SUCCESS: org.apache.yetus:audience-annotations:jar:0.13.0:compile (sources = false)
2026.03.08 16:05:00 INFO  [INFO] Resolving artifact: org.apache.yetus:audience-annotations:jar:0.13.0:compile (sources = true)
2026.03.08 16:05:00 INFO  [INFO] SUCCESS: org.apache.yetus:audience-annotations:jar:0.13.0:compile (sources = true)
2026.03.08 16:05:00 INFO  [INFO] Resolving artifact: org.apache.iceberg:iceberg-api:jar:1.7.0:compile (sources = false)
2026.03.08 16:05:00 INFO  [INFO] SUCCESS: org.apache.iceberg:iceberg-api:jar:1.7.0:compile (sources = false)
2026.03.08 16:05:00 INFO  [INFO] Resolving artifact: org.apache.iceberg:iceberg-api:jar:1.7.0:compile (sources = true)
2026.03.08 16:05:00 INFO  [INFO] SUCCESS: org.apache.iceberg:iceberg-api:jar:1.7.0:compile (sources = true)
2026.03.08 16:05:00 INFO  [INFO] Resolving artifact: org.apache.iceberg:iceberg-bundled-guava:jar:1.7.0:runtime (sources = false)
2026.03.08 16:05:00 INFO  [INFO] SUCCESS: org.apache.iceberg:iceberg-bundled-guava:jar:1.7.0:runtime (sources = false)
2026.03.08 16:05:00 INFO  [INFO] Resolving artifact: org.apache.iceberg:iceberg-bundled-guava:jar:1.7.0:runtime (sources = true)
2026.03.08 16:05:00 INFO  [INFO] SUCCESS: org.apache.iceberg:iceberg-bundled-guava:jar:1.7.0:runtime (sources = true)
2026.03.08 16:05:00 INFO  [INFO] Resolving artifact: org.apache.iceberg:iceberg-core:jar:1.7.0:compile (sources = false)
2026.03.08 16:05:00 INFO  [INFO] SUCCESS: org.apache.iceberg:iceberg-core:jar:1.7.0:compile (sources = false)
2026.03.08 16:05:00 INFO  [INFO] Resolving artifact: org.apache.iceberg:iceberg-core:jar:1.7.0:compile (sources = true)
2026.03.08 16:05:00 INFO  [INFO] SUCCESS: org.apache.iceberg:iceberg-core:jar:1.7.0:compile (sources = true)
2026.03.08 16:05:00 INFO  [INFO] Resolving artifact: org.apache.avro:avro:jar:1.12.0:compile (sources = false)
2026.03.08 16:05:00 INFO  [INFO] SUCCESS: org.apache.avro:avro:jar:1.12.0:compile (sources = false)
2026.03.08 16:05:00 INFO  [INFO] Resolving artifact: org.apache.avro:avro:jar:1.12.0:compile (sources = true)
2026.03.08 16:05:00 INFO  [INFO] SUCCESS: org.apache.avro:avro:jar:1.12.0:compile (sources = true)
2026.03.08 16:05:00 INFO  [INFO] Resolving artifact: org.apache.commons:commons-compress:jar:1.26.2:compile (sources = false)
2026.03.08 16:05:00 INFO  [INFO] SUCCESS: org.apache.commons:commons-compress:jar:1.26.2:compile (sources = false)
2026.03.08 16:05:00 INFO  [INFO] Resolving artifact: org.apache.commons:commons-compress:jar:1.26.2:compile (sources = true)
2026.03.08 16:05:00 INFO  [INFO] SUCCESS: org.apache.commons:commons-compress:jar:1.26.2:compile (sources = true)
2026.03.08 16:05:00 INFO  [INFO] Resolving artifact: commons-codec:commons-codec:jar:1.17.0:compile (sources = false)
2026.03.08 16:05:00 INFO  [INFO] SUCCESS: commons-codec:commons-codec:jar:1.17.0:compile (sources = false)
2026.03.08 16:05:00 INFO  [INFO] Resolving artifact: commons-codec:commons-codec:jar:1.17.0:compile (sources = true)
2026.03.08 16:05:00 INFO  [INFO] SUCCESS: commons-codec:commons-codec:jar:1.17.0:compile (sources = true)
2026.03.08 16:05:00 INFO  [INFO] Resolving artifact: commons-io:commons-io:jar:2.16.1:compile (sources = false)
2026.03.08 16:05:00 INFO  [INFO] SUCCESS: commons-io:commons-io:jar:2.16.1:compile (sources = false)
2026.03.08 16:05:00 INFO  [INFO] Resolving artifact: commons-io:commons-io:jar:2.16.1:compile (sources = true)
2026.03.08 16:05:00 INFO  [INFO] SUCCESS: commons-io:commons-io:jar:2.16.1:compile (sources = true)
2026.03.08 16:05:00 INFO  [INFO] Resolving artifact: org.apache.commons:commons-lang3:jar:3.14.0:compile (sources = false)
2026.03.08 16:05:00 INFO  [INFO] SUCCESS: org.apache.commons:commons-lang3:jar:3.14.0:compile (sources = false)
2026.03.08 16:05:00 INFO  [INFO] Resolving artifact: org.apache.commons:commons-lang3:jar:3.14.0:compile (sources = true)
2026.03.08 16:05:00 INFO  [INFO] SUCCESS: org.apache.commons:commons-lang3:jar:3.14.0:compile (sources = true)
2026.03.08 16:05:00 INFO  [INFO] Resolving artifact: org.apache.iceberg:iceberg-common:jar:1.7.0:runtime (sources = false)
2026.03.08 16:05:00 INFO  [INFO] SUCCESS: org.apache.iceberg:iceberg-common:jar:1.7.0:runtime (sources = false)
2026.03.08 16:05:00 INFO  [INFO] Resolving artifact: org.apache.iceberg:iceberg-common:jar:1.7.0:runtime (sources = true)
2026.03.08 16:05:00 INFO  [INFO] SUCCESS: org.apache.iceberg:iceberg-common:jar:1.7.0:runtime (sources = true)
2026.03.08 16:05:00 INFO  [INFO] Resolving artifact: io.airlift:aircompressor:jar:0.27:runtime (sources = false)
2026.03.08 16:05:00 INFO  [INFO] SUCCESS: io.airlift:aircompressor:jar:0.27:runtime (sources = false)
2026.03.08 16:05:00 INFO  [INFO] Resolving artifact: io.airlift:aircompressor:jar:0.27:runtime (sources = true)
2026.03.08 16:05:00 INFO  [INFO] SUCCESS: io.airlift:aircompressor:jar:0.27:runtime (sources = true)
2026.03.08 16:05:00 INFO  [INFO] Resolving artifact: org.apache.httpcomponents.client5:httpclient5:jar:5.4:runtime (sources = false)
2026.03.08 16:05:00 INFO  [INFO] SUCCESS: org.apache.httpcomponents.client5:httpclient5:jar:5.4:runtime (sources = false)
2026.03.08 16:05:00 INFO  [INFO] Resolving artifact: org.apache.httpcomponents.client5:httpclient5:jar:5.4:runtime (sources = true)
2026.03.08 16:05:00 INFO  [INFO] SUCCESS: org.apache.httpcomponents.client5:httpclient5:jar:5.4:runtime (sources = true)
2026.03.08 16:05:00 INFO  [INFO] Resolving artifact: org.apache.httpcomponents.core5:httpcore5:jar:5.3:runtime (sources = false)
2026.03.08 16:05:00 INFO  [INFO] SUCCESS: org.apache.httpcomponents.core5:httpcore5:jar:5.3:runtime (sources = false)
2026.03.08 16:05:00 INFO  [INFO] Resolving artifact: org.apache.httpcomponents.core5:httpcore5:jar:5.3:runtime (sources = true)
2026.03.08 16:05:00 INFO  [INFO] SUCCESS: org.apache.httpcomponents.core5:httpcore5:jar:5.3:runtime (sources = true)
2026.03.08 16:05:00 INFO  [INFO] Resolving artifact: org.apache.httpcomponents.core5:httpcore5-h2:jar:5.3:runtime (sources = false)
2026.03.08 16:05:00 INFO  [INFO] SUCCESS: org.apache.httpcomponents.core5:httpcore5-h2:jar:5.3:runtime (sources = false)
2026.03.08 16:05:00 INFO  [INFO] Resolving artifact: org.apache.httpcomponents.core5:httpcore5-h2:jar:5.3:runtime (sources = true)
2026.03.08 16:05:00 INFO  [INFO] SUCCESS: org.apache.httpcomponents.core5:httpcore5-h2:jar:5.3:runtime (sources = true)
2026.03.08 16:05:00 INFO  [INFO] Resolving artifact: com.github.ben-manes.caffeine:caffeine:jar:2.9.3:runtime (sources = false)
2026.03.08 16:05:00 INFO  [INFO] SUCCESS: com.github.ben-manes.caffeine:caffeine:jar:2.9.3:runtime (sources = false)
2026.03.08 16:05:00 INFO  [INFO] Resolving artifact: com.github.ben-manes.caffeine:caffeine:jar:2.9.3:runtime (sources = true)
2026.03.08 16:05:00 INFO  [INFO] SUCCESS: com.github.ben-manes.caffeine:caffeine:jar:2.9.3:runtime (sources = true)
2026.03.08 16:05:00 INFO  [INFO] Resolving artifact: com.google.errorprone:error_prone_annotations:jar:2.10.0:runtime (sources = false)
2026.03.08 16:05:00 INFO  [INFO] SUCCESS: com.google.errorprone:error_prone_annotations:jar:2.10.0:runtime (sources = false)
2026.03.08 16:05:00 INFO  [INFO] Resolving artifact: com.google.errorprone:error_prone_annotations:jar:2.10.0:runtime (sources = true)
2026.03.08 16:05:00 INFO  [INFO] SUCCESS: com.google.errorprone:error_prone_annotations:jar:2.10.0:runtime (sources = true)
2026.03.08 16:05:00 INFO  [INFO] Resolving artifact: dev.failsafe:failsafe:jar:3.3.2:runtime (sources = false)
2026.03.08 16:05:00 INFO  [INFO] SUCCESS: dev.failsafe:failsafe:jar:3.3.2:runtime (sources = false)
2026.03.08 16:05:00 INFO  [INFO] Resolving artifact: dev.failsafe:failsafe:jar:3.3.2:runtime (sources = true)
2026.03.08 16:05:00 INFO  [INFO] SUCCESS: dev.failsafe:failsafe:jar:3.3.2:runtime (sources = true)
2026.03.08 16:05:00 INFO  [INFO] Resolving artifact: org.apache.pekko:pekko-connectors-kafka_3:jar:1.1.0:compile (sources = false)
2026.03.08 16:05:00 INFO  [INFO] SUCCESS: org.apache.pekko:pekko-connectors-kafka_3:jar:1.1.0:compile (sources = false)
2026.03.08 16:05:00 INFO  [INFO] Resolving artifact: org.apache.pekko:pekko-connectors-kafka_3:jar:1.1.0:compile (sources = true)
2026.03.08 16:05:00 INFO  [INFO] SUCCESS: org.apache.pekko:pekko-connectors-kafka_3:jar:1.1.0:compile (sources = true)
2026.03.08 16:05:00 INFO  [INFO] Resolving artifact: org.apache.kafka:kafka-clients:jar:3.8.0:compile (sources = false)
2026.03.08 16:05:00 INFO  [INFO] SUCCESS: org.apache.kafka:kafka-clients:jar:3.8.0:compile (sources = false)
2026.03.08 16:05:00 INFO  [INFO] Resolving artifact: org.apache.kafka:kafka-clients:jar:3.8.0:compile (sources = true)
2026.03.08 16:05:00 INFO  [INFO] SUCCESS: org.apache.kafka:kafka-clients:jar:3.8.0:compile (sources = true)
2026.03.08 16:05:00 INFO  [INFO] Resolving artifact: org.lz4:lz4-java:jar:1.8.0:runtime (sources = false)
2026.03.08 16:05:00 INFO  [INFO] SUCCESS: org.lz4:lz4-java:jar:1.8.0:runtime (sources = false)
2026.03.08 16:05:00 INFO  [INFO] Resolving artifact: org.lz4:lz4-java:jar:1.8.0:runtime (sources = true)
2026.03.08 16:05:00 INFO  [INFO] SUCCESS: org.lz4:lz4-java:jar:1.8.0:runtime (sources = true)
2026.03.08 16:05:00 INFO  [INFO] Resolving artifact: org.apache.pekko:pekko-testkit_3:jar:1.1.2:test (sources = false)
2026.03.08 16:05:00 INFO  [INFO] SUCCESS: org.apache.pekko:pekko-testkit_3:jar:1.1.2:test (sources = false)
2026.03.08 16:05:00 INFO  [INFO] Resolving artifact: org.apache.pekko:pekko-testkit_3:jar:1.1.2:test (sources = true)
2026.03.08 16:05:00 INFO  [INFO] SUCCESS: org.apache.pekko:pekko-testkit_3:jar:1.1.2:test (sources = true)
2026.03.08 16:05:00 INFO  [INFO] Resolving artifact: org.apache.pekko:pekko-stream-testkit_3:jar:1.1.2:test (sources = false)
2026.03.08 16:05:00 INFO  [INFO] SUCCESS: org.apache.pekko:pekko-stream-testkit_3:jar:1.1.2:test (sources = false)
2026.03.08 16:05:00 INFO  [INFO] Resolving artifact: org.apache.pekko:pekko-stream-testkit_3:jar:1.1.2:test (sources = true)
2026.03.08 16:05:00 INFO  [INFO] SUCCESS: org.apache.pekko:pekko-stream-testkit_3:jar:1.1.2:test (sources = true)
2026.03.08 16:05:00 INFO  [INFO] Resolving artifact: org.apache.pekko:pekko-http-testkit_3:jar:1.0.1:test (sources = false)
2026.03.08 16:05:00 INFO  [INFO] SUCCESS: org.apache.pekko:pekko-http-testkit_3:jar:1.0.1:test (sources = false)
2026.03.08 16:05:00 INFO  [INFO] Resolving artifact: org.apache.pekko:pekko-http-testkit_3:jar:1.0.1:test (sources = true)
2026.03.08 16:05:00 INFO  [INFO] SUCCESS: org.apache.pekko:pekko-http-testkit_3:jar:1.0.1:test (sources = true)
2026.03.08 16:05:00 INFO  [INFO] Resolving artifact: org.junit.jupiter:junit-jupiter:jar:5.10.2:test (sources = false)
2026.03.08 16:05:00 INFO  [INFO] SUCCESS: org.junit.jupiter:junit-jupiter:jar:5.10.2:test (sources = false)
2026.03.08 16:05:00 INFO  [INFO] Resolving artifact: org.junit.jupiter:junit-jupiter:jar:5.10.2:test (sources = true)
2026.03.08 16:05:00 INFO  [INFO] SUCCESS: org.junit.jupiter:junit-jupiter:jar:5.10.2:test (sources = true)
2026.03.08 16:05:00 INFO  [INFO] Resolving artifact: org.junit.jupiter:junit-jupiter-api:jar:5.10.2:test (sources = false)
2026.03.08 16:05:00 INFO  [INFO] SUCCESS: org.junit.jupiter:junit-jupiter-api:jar:5.10.2:test (sources = false)
2026.03.08 16:05:00 INFO  [INFO] Resolving artifact: org.junit.jupiter:junit-jupiter-api:jar:5.10.2:test (sources = true)
2026.03.08 16:05:00 INFO  [INFO] SUCCESS: org.junit.jupiter:junit-jupiter-api:jar:5.10.2:test (sources = true)
2026.03.08 16:05:00 INFO  [INFO] Resolving artifact: org.opentest4j:opentest4j:jar:1.3.0:test (sources = false)
2026.03.08 16:05:00 INFO  [INFO] SUCCESS: org.opentest4j:opentest4j:jar:1.3.0:test (sources = false)
2026.03.08 16:05:00 INFO  [INFO] Resolving artifact: org.opentest4j:opentest4j:jar:1.3.0:test (sources = true)
2026.03.08 16:05:00 INFO  [INFO] SUCCESS: org.opentest4j:opentest4j:jar:1.3.0:test (sources = true)
2026.03.08 16:05:00 INFO  [INFO] Resolving artifact: org.junit.platform:junit-platform-commons:jar:1.10.2:test (sources = false)
2026.03.08 16:05:00 INFO  [INFO] SUCCESS: org.junit.platform:junit-platform-commons:jar:1.10.2:test (sources = false)
2026.03.08 16:05:00 INFO  [INFO] Resolving artifact: org.junit.platform:junit-platform-commons:jar:1.10.2:test (sources = true)
2026.03.08 16:05:00 INFO  [INFO] SUCCESS: org.junit.platform:junit-platform-commons:jar:1.10.2:test (sources = true)
2026.03.08 16:05:00 INFO  [INFO] Resolving artifact: org.apiguardian:apiguardian-api:jar:1.1.2:test (sources = false)
2026.03.08 16:05:00 INFO  [INFO] SUCCESS: org.apiguardian:apiguardian-api:jar:1.1.2:test (sources = false)
2026.03.08 16:05:00 INFO  [INFO] Resolving artifact: org.apiguardian:apiguardian-api:jar:1.1.2:test (sources = true)
2026.03.08 16:05:00 INFO  [INFO] SUCCESS: org.apiguardian:apiguardian-api:jar:1.1.2:test (sources = true)
2026.03.08 16:05:00 INFO  [INFO] Resolving artifact: org.junit.jupiter:junit-jupiter-params:jar:5.10.2:test (sources = false)
2026.03.08 16:05:00 INFO  [INFO] SUCCESS: org.junit.jupiter:junit-jupiter-params:jar:5.10.2:test (sources = false)
2026.03.08 16:05:00 INFO  [INFO] Resolving artifact: org.junit.jupiter:junit-jupiter-params:jar:5.10.2:test (sources = true)
2026.03.08 16:05:00 INFO  [INFO] SUCCESS: org.junit.jupiter:junit-jupiter-params:jar:5.10.2:test (sources = true)
2026.03.08 16:05:00 INFO  [INFO] Resolving artifact: org.junit.jupiter:junit-jupiter-engine:jar:5.10.2:test (sources = false)
2026.03.08 16:05:00 INFO  [INFO] SUCCESS: org.junit.jupiter:junit-jupiter-engine:jar:5.10.2:test (sources = false)
2026.03.08 16:05:00 INFO  [INFO] Resolving artifact: org.junit.jupiter:junit-jupiter-engine:jar:5.10.2:test (sources = true)
2026.03.08 16:05:00 INFO  [INFO] SUCCESS: org.junit.jupiter:junit-jupiter-engine:jar:5.10.2:test (sources = true)
2026.03.08 16:05:00 INFO  [INFO] Resolving artifact: org.junit.platform:junit-platform-engine:jar:1.10.2:test (sources = false)
2026.03.08 16:05:00 INFO  [INFO] SUCCESS: org.junit.platform:junit-platform-engine:jar:1.10.2:test (sources = false)
2026.03.08 16:05:00 INFO  [INFO] Resolving artifact: org.junit.platform:junit-platform-engine:jar:1.10.2:test (sources = true)
2026.03.08 16:05:00 INFO  [INFO] SUCCESS: org.junit.platform:junit-platform-engine:jar:1.10.2:test (sources = true)
2026.03.08 16:05:00 INFO  [INFO] Resolving artifact: org.mockito:mockito-core:jar:5.14.2:test (sources = false)
2026.03.08 16:05:00 INFO  [INFO] SUCCESS: org.mockito:mockito-core:jar:5.14.2:test (sources = false)
2026.03.08 16:05:00 INFO  [INFO] Resolving artifact: org.mockito:mockito-core:jar:5.14.2:test (sources = true)
2026.03.08 16:05:00 INFO  [INFO] SUCCESS: org.mockito:mockito-core:jar:5.14.2:test (sources = true)
2026.03.08 16:05:00 INFO  [INFO] Resolving artifact: net.bytebuddy:byte-buddy:jar:1.15.4:test (sources = false)
2026.03.08 16:05:00 INFO  [INFO] SUCCESS: net.bytebuddy:byte-buddy:jar:1.15.4:test (sources = false)
2026.03.08 16:05:00 INFO  [INFO] Resolving artifact: net.bytebuddy:byte-buddy:jar:1.15.4:test (sources = true)
2026.03.08 16:05:00 INFO  [INFO] SUCCESS: net.bytebuddy:byte-buddy:jar:1.15.4:test (sources = true)
2026.03.08 16:05:00 INFO  [INFO] Resolving artifact: net.bytebuddy:byte-buddy-agent:jar:1.15.4:test (sources = false)
2026.03.08 16:05:00 INFO  [INFO] SUCCESS: net.bytebuddy:byte-buddy-agent:jar:1.15.4:test (sources = false)
2026.03.08 16:05:00 INFO  [INFO] Resolving artifact: net.bytebuddy:byte-buddy-agent:jar:1.15.4:test (sources = true)
2026.03.08 16:05:00 INFO  [INFO] SUCCESS: net.bytebuddy:byte-buddy-agent:jar:1.15.4:test (sources = true)
2026.03.08 16:05:00 INFO  [INFO] Resolving artifact: org.objenesis:objenesis:jar:3.3:test (sources = false)
2026.03.08 16:05:00 INFO  [INFO] SUCCESS: org.objenesis:objenesis:jar:3.3:test (sources = false)
2026.03.08 16:05:00 INFO  [INFO] Resolving artifact: org.objenesis:objenesis:jar:3.3:test (sources = true)
2026.03.08 16:05:00 INFO  [INFO] SUCCESS: org.objenesis:objenesis:jar:3.3:test (sources = true)
2026.03.08 16:05:00 INFO  [INFO] Resolving artifact: org.mockito:mockito-junit-jupiter:jar:5.14.2:test (sources = false)
2026.03.08 16:05:00 INFO  [INFO] SUCCESS: org.mockito:mockito-junit-jupiter:jar:5.14.2:test (sources = false)
2026.03.08 16:05:00 INFO  [INFO] Resolving artifact: org.mockito:mockito-junit-jupiter:jar:5.14.2:test (sources = true)
2026.03.08 16:05:00 INFO  [INFO] SUCCESS: org.mockito:mockito-junit-jupiter:jar:5.14.2:test (sources = true)
2026.03.08 16:05:00 INFO  [INFO] Generated .bloop/replay.json
2026.03.08 16:05:00 INFO  [INFO] Resolving artifact: org.apache.pekko:pekko-actor_3:jar:1.1.2:compile (sources = false)
2026.03.08 16:05:00 INFO  [INFO] SUCCESS: org.apache.pekko:pekko-actor_3:jar:1.1.2:compile (sources = false)
2026.03.08 16:05:00 INFO  [INFO] Resolving artifact: org.apache.pekko:pekko-actor_3:jar:1.1.2:compile (sources = true)
2026.03.08 16:05:00 INFO  [INFO] SUCCESS: org.apache.pekko:pekko-actor_3:jar:1.1.2:compile (sources = true)
2026.03.08 16:05:00 INFO  [INFO] Resolving artifact: org.scala-lang:scala3-library_3:jar:3.3.3:compile (sources = false)
2026.03.08 16:05:00 INFO  [INFO] SUCCESS: org.scala-lang:scala3-library_3:jar:3.3.3:compile (sources = false)
2026.03.08 16:05:00 INFO  [INFO] Resolving artifact: org.scala-lang:scala3-library_3:jar:3.3.3:compile (sources = true)
2026.03.08 16:05:00 INFO  [INFO] SUCCESS: org.scala-lang:scala3-library_3:jar:3.3.3:compile (sources = true)
2026.03.08 16:05:00 INFO  [INFO] Resolving artifact: org.scala-lang:scala-library:jar:2.13.12:compile (sources = false)
2026.03.08 16:05:00 INFO  [INFO] SUCCESS: org.scala-lang:scala-library:jar:2.13.12:compile (sources = false)
2026.03.08 16:05:00 INFO  [INFO] Resolving artifact: org.scala-lang:scala-library:jar:2.13.12:compile (sources = true)
2026.03.08 16:05:00 INFO  [INFO] SUCCESS: org.scala-lang:scala-library:jar:2.13.12:compile (sources = true)
2026.03.08 16:05:00 INFO  [INFO] Resolving artifact: com.typesafe:config:jar:1.4.3:compile (sources = false)
2026.03.08 16:05:00 INFO  [INFO] SUCCESS: com.typesafe:config:jar:1.4.3:compile (sources = false)
2026.03.08 16:05:00 INFO  [INFO] Resolving artifact: com.typesafe:config:jar:1.4.3:compile (sources = true)
2026.03.08 16:05:00 INFO  [INFO] SUCCESS: com.typesafe:config:jar:1.4.3:compile (sources = true)
2026.03.08 16:05:00 INFO  [INFO] Resolving artifact: org.apache.pekko:pekko-stream_3:jar:1.1.2:compile (sources = false)
2026.03.08 16:05:00 INFO  [INFO] SUCCESS: org.apache.pekko:pekko-stream_3:jar:1.1.2:compile (sources = false)
2026.03.08 16:05:00 INFO  [INFO] Resolving artifact: org.apache.pekko:pekko-stream_3:jar:1.1.2:compile (sources = true)
2026.03.08 16:05:00 INFO  [INFO] SUCCESS: org.apache.pekko:pekko-stream_3:jar:1.1.2:compile (sources = true)
2026.03.08 16:05:00 INFO  [INFO] Resolving artifact: org.apache.pekko:pekko-protobuf-v3_3:jar:1.1.2:compile (sources = false)
2026.03.08 16:05:00 INFO  [INFO] SUCCESS: org.apache.pekko:pekko-protobuf-v3_3:jar:1.1.2:compile (sources = false)
2026.03.08 16:05:00 INFO  [INFO] Resolving artifact: org.apache.pekko:pekko-protobuf-v3_3:jar:1.1.2:compile (sources = true)
2026.03.08 16:05:00 INFO  [INFO] SUCCESS: org.apache.pekko:pekko-protobuf-v3_3:jar:1.1.2:compile (sources = true)
2026.03.08 16:05:00 INFO  [INFO] Resolving artifact: org.reactivestreams:reactive-streams:jar:1.0.4:compile (sources = false)
2026.03.08 16:05:00 INFO  [INFO] SUCCESS: org.reactivestreams:reactive-streams:jar:1.0.4:compile (sources = false)
2026.03.08 16:05:00 INFO  [INFO] Resolving artifact: org.reactivestreams:reactive-streams:jar:1.0.4:compile (sources = true)
2026.03.08 16:05:00 INFO  [INFO] SUCCESS: org.reactivestreams:reactive-streams:jar:1.0.4:compile (sources = true)
2026.03.08 16:05:00 INFO  [INFO] Resolving artifact: com.typesafe:ssl-config-core_3:jar:0.6.1:compile (sources = false)
2026.03.08 16:05:00 INFO  [INFO] SUCCESS: com.typesafe:ssl-config-core_3:jar:0.6.1:compile (sources = false)
2026.03.08 16:05:00 INFO  [INFO] Resolving artifact: com.typesafe:ssl-config-core_3:jar:0.6.1:compile (sources = true)
2026.03.08 16:05:00 INFO  [INFO] SUCCESS: com.typesafe:ssl-config-core_3:jar:0.6.1:compile (sources = true)
2026.03.08 16:05:00 INFO  [INFO] Resolving artifact: org.apache.pekko:pekko-http_3:jar:1.0.1:compile (sources = false)
2026.03.08 16:05:00 INFO  [INFO] SUCCESS: org.apache.pekko:pekko-http_3:jar:1.0.1:compile (sources = false)
2026.03.08 16:05:00 INFO  [INFO] Resolving artifact: org.apache.pekko:pekko-http_3:jar:1.0.1:compile (sources = true)
2026.03.08 16:05:00 INFO  [INFO] SUCCESS: org.apache.pekko:pekko-http_3:jar:1.0.1:compile (sources = true)
2026.03.08 16:05:00 INFO  [INFO] Resolving artifact: org.apache.pekko:pekko-http-core_3:jar:1.0.1:compile (sources = false)
2026.03.08 16:05:00 INFO  [INFO] SUCCESS: org.apache.pekko:pekko-http-core_3:jar:1.0.1:compile (sources = false)
2026.03.08 16:05:00 INFO  [INFO] Resolving artifact: org.apache.pekko:pekko-http-core_3:jar:1.0.1:compile (sources = true)
2026.03.08 16:05:00 INFO  [INFO] SUCCESS: org.apache.pekko:pekko-http-core_3:jar:1.0.1:compile (sources = true)
2026.03.08 16:05:00 INFO  [INFO] Resolving artifact: org.apache.pekko:pekko-parsing_3:jar:1.0.1:compile (sources = false)
2026.03.08 16:05:00 INFO  [INFO] SUCCESS: org.apache.pekko:pekko-parsing_3:jar:1.0.1:compile (sources = false)
2026.03.08 16:05:00 INFO  [INFO] Resolving artifact: org.apache.pekko:pekko-parsing_3:jar:1.0.1:compile (sources = true)
2026.03.08 16:05:00 INFO  [INFO] SUCCESS: org.apache.pekko:pekko-parsing_3:jar:1.0.1:compile (sources = true)
2026.03.08 16:05:00 INFO  [INFO] Resolving artifact: org.parboiled:parboiled_3:jar:2.5.0:compile (sources = false)
2026.03.08 16:05:00 INFO  [INFO] SUCCESS: org.parboiled:parboiled_3:jar:2.5.0:compile (sources = false)
2026.03.08 16:05:00 INFO  [INFO] Resolving artifact: org.parboiled:parboiled_3:jar:2.5.0:compile (sources = true)
2026.03.08 16:05:00 INFO  [INFO] SUCCESS: org.parboiled:parboiled_3:jar:2.5.0:compile (sources = true)
2026.03.08 16:05:00 INFO  [INFO] Resolving artifact: org.apache.pekko:pekko-http-jackson_3:jar:1.0.1:compile (sources = false)
2026.03.08 16:05:00 INFO  [INFO] SUCCESS: org.apache.pekko:pekko-http-jackson_3:jar:1.0.1:compile (sources = false)
2026.03.08 16:05:00 INFO  [INFO] Resolving artifact: org.apache.pekko:pekko-http-jackson_3:jar:1.0.1:compile (sources = true)
2026.03.08 16:05:00 INFO  [INFO] SUCCESS: org.apache.pekko:pekko-http-jackson_3:jar:1.0.1:compile (sources = true)
2026.03.08 16:05:00 INFO  [INFO] Resolving artifact: org.apache.pekko:pekko-slf4j_3:jar:1.1.2:compile (sources = false)
2026.03.08 16:05:00 INFO  [INFO] SUCCESS: org.apache.pekko:pekko-slf4j_3:jar:1.1.2:compile (sources = false)
2026.03.08 16:05:00 INFO  [INFO] Resolving artifact: org.apache.pekko:pekko-slf4j_3:jar:1.1.2:compile (sources = true)
2026.03.08 16:05:00 INFO  [INFO] SUCCESS: org.apache.pekko:pekko-slf4j_3:jar:1.1.2:compile (sources = true)
2026.03.08 16:05:00 INFO  [INFO] Resolving artifact: org.slf4j:slf4j-api:jar:2.0.16:compile (sources = false)
2026.03.08 16:05:00 INFO  [INFO] SUCCESS: org.slf4j:slf4j-api:jar:2.0.16:compile (sources = false)
2026.03.08 16:05:00 INFO  [INFO] Resolving artifact: org.slf4j:slf4j-api:jar:2.0.16:compile (sources = true)
2026.03.08 16:05:00 INFO  [INFO] SUCCESS: org.slf4j:slf4j-api:jar:2.0.16:compile (sources = true)
2026.03.08 16:05:00 INFO  [INFO] Resolving artifact: com.fasterxml.jackson.core:jackson-databind:jar:2.17.2:compile (sources = false)
2026.03.08 16:05:00 INFO  [INFO] SUCCESS: com.fasterxml.jackson.core:jackson-databind:jar:2.17.2:compile (sources = false)
2026.03.08 16:05:00 INFO  [INFO] Resolving artifact: com.fasterxml.jackson.core:jackson-databind:jar:2.17.2:compile (sources = true)
2026.03.08 16:05:00 INFO  [INFO] SUCCESS: com.fasterxml.jackson.core:jackson-databind:jar:2.17.2:compile (sources = true)
2026.03.08 16:05:00 INFO  [INFO] Resolving artifact: com.fasterxml.jackson.core:jackson-core:jar:2.17.2:compile (sources = false)
2026.03.08 16:05:00 INFO  [INFO] SUCCESS: com.fasterxml.jackson.core:jackson-core:jar:2.17.2:compile (sources = false)
2026.03.08 16:05:00 INFO  [INFO] Resolving artifact: com.fasterxml.jackson.core:jackson-core:jar:2.17.2:compile (sources = true)
2026.03.08 16:05:00 INFO  [INFO] SUCCESS: com.fasterxml.jackson.core:jackson-core:jar:2.17.2:compile (sources = true)
2026.03.08 16:05:00 INFO  [INFO] Resolving artifact: com.fasterxml.jackson.core:jackson-annotations:jar:2.17.2:compile (sources = false)
2026.03.08 16:05:00 INFO  [INFO] SUCCESS: com.fasterxml.jackson.core:jackson-annotations:jar:2.17.2:compile (sources = false)
2026.03.08 16:05:00 INFO  [INFO] Resolving artifact: com.fasterxml.jackson.core:jackson-annotations:jar:2.17.2:compile (sources = true)
2026.03.08 16:05:00 INFO  [INFO] SUCCESS: com.fasterxml.jackson.core:jackson-annotations:jar:2.17.2:compile (sources = true)
2026.03.08 16:05:00 INFO  [INFO] Resolving artifact: org.postgresql:postgresql:jar:42.7.3:compile (sources = false)
2026.03.08 16:05:00 INFO  [INFO] SUCCESS: org.postgresql:postgresql:jar:42.7.3:compile (sources = false)
2026.03.08 16:05:00 INFO  [INFO] Resolving artifact: org.postgresql:postgresql:jar:42.7.3:compile (sources = true)
2026.03.08 16:05:00 INFO  [INFO] SUCCESS: org.postgresql:postgresql:jar:42.7.3:compile (sources = true)
2026.03.08 16:05:00 INFO  [INFO] Resolving artifact: org.checkerframework:checker-qual:jar:3.42.0:runtime (sources = false)
2026.03.08 16:05:00 INFO  [INFO] SUCCESS: org.checkerframework:checker-qual:jar:3.42.0:runtime (sources = false)
2026.03.08 16:05:00 INFO  [INFO] Resolving artifact: org.checkerframework:checker-qual:jar:3.42.0:runtime (sources = true)
2026.03.08 16:05:00 INFO  [INFO] SUCCESS: org.checkerframework:checker-qual:jar:3.42.0:runtime (sources = true)
2026.03.08 16:05:00 INFO  [INFO] Resolving artifact: io.delta:delta-kernel-api:jar:4.0.0:compile (sources = false)
2026.03.08 16:05:00 INFO  [INFO] SUCCESS: io.delta:delta-kernel-api:jar:4.0.0:compile (sources = false)
2026.03.08 16:05:00 INFO  [INFO] Resolving artifact: io.delta:delta-kernel-api:jar:4.0.0:compile (sources = true)
2026.03.08 16:05:00 INFO  [INFO] SUCCESS: io.delta:delta-kernel-api:jar:4.0.0:compile (sources = true)
2026.03.08 16:05:00 INFO  [INFO] Resolving artifact: org.roaringbitmap:RoaringBitmap:jar:0.9.25:compile (sources = false)
2026.03.08 16:05:00 INFO  [INFO] SUCCESS: org.roaringbitmap:RoaringBitmap:jar:0.9.25:compile (sources = false)
2026.03.08 16:05:00 INFO  [INFO] Resolving artifact: org.roaringbitmap:RoaringBitmap:jar:0.9.25:compile (sources = true)
2026.03.08 16:05:00 INFO  [INFO] SUCCESS: org.roaringbitmap:RoaringBitmap:jar:0.9.25:compile (sources = true)
2026.03.08 16:05:00 INFO  [INFO] Resolving artifact: org.roaringbitmap:shims:jar:0.9.25:runtime (sources = false)
2026.03.08 16:05:00 INFO  [INFO] SUCCESS: org.roaringbitmap:shims:jar:0.9.25:runtime (sources = false)
2026.03.08 16:05:00 INFO  [INFO] Resolving artifact: org.roaringbitmap:shims:jar:0.9.25:runtime (sources = true)
2026.03.08 16:05:00 INFO  [INFO] SUCCESS: org.roaringbitmap:shims:jar:0.9.25:runtime (sources = true)
2026.03.08 16:05:00 INFO  [INFO] Resolving artifact: com.fasterxml.jackson.datatype:jackson-datatype-jdk8:jar:2.13.5:compile (sources = false)
2026.03.08 16:05:00 INFO  [INFO] SUCCESS: com.fasterxml.jackson.datatype:jackson-datatype-jdk8:jar:2.13.5:compile (sources = false)
2026.03.08 16:05:00 INFO  [INFO] Resolving artifact: com.fasterxml.jackson.datatype:jackson-datatype-jdk8:jar:2.13.5:compile (sources = true)
2026.03.08 16:05:00 INFO  [INFO] SUCCESS: com.fasterxml.jackson.datatype:jackson-datatype-jdk8:jar:2.13.5:compile (sources = true)
2026.03.08 16:05:00 INFO  [INFO] Resolving artifact: io.delta:delta-kernel-defaults:jar:4.0.0:compile (sources = false)
2026.03.08 16:05:00 INFO  [INFO] SUCCESS: io.delta:delta-kernel-defaults:jar:4.0.0:compile (sources = false)
2026.03.08 16:05:00 INFO  [INFO] Resolving artifact: io.delta:delta-kernel-defaults:jar:4.0.0:compile (sources = true)
2026.03.08 16:05:00 INFO  [INFO] SUCCESS: io.delta:delta-kernel-defaults:jar:4.0.0:compile (sources = true)
2026.03.08 16:05:00 INFO  [INFO] Resolving artifact: io.delta:delta-storage:jar:4.0.0:compile (sources = false)
2026.03.08 16:05:00 INFO  [INFO] SUCCESS: io.delta:delta-storage:jar:4.0.0:compile (sources = false)
2026.03.08 16:05:00 INFO  [INFO] Resolving artifact: io.delta:delta-storage:jar:4.0.0:compile (sources = true)
2026.03.08 16:05:00 INFO  [INFO] SUCCESS: io.delta:delta-storage:jar:4.0.0:compile (sources = true)
2026.03.08 16:05:00 INFO  [INFO] Resolving artifact: org.apache.hadoop:hadoop-client-runtime:jar:3.4.0:compile (sources = false)
2026.03.08 16:05:00 INFO  [INFO] SUCCESS: org.apache.hadoop:hadoop-client-runtime:jar:3.4.0:compile (sources = false)
2026.03.08 16:05:00 INFO  [INFO] Resolving artifact: org.apache.hadoop:hadoop-client-runtime:jar:3.4.0:compile (sources = true)
2026.03.08 16:05:00 INFO  [ERROR] FAILURE org.apache.hadoop:hadoop-client-runtime:jar:3.4.0:compile (sources = true)
2026.03.08 16:05:00 INFO  org.eclipse.aether.resolution.ArtifactResolutionException: The following artifacts could not be resolved: org.apache.hadoop:hadoop-client-runtime:jar:sources:3.4.0 (absent): org.apache.hadoop:hadoop-client-runtime:jar:sources:3.4.0 was not found in https://repo.maven.apache.org/maven2 during a previous attempt. This failure was cached in the local repository and resolution is not reattempted until the update interval of central has elapsed or updates are forced
2026.03.08 16:05:00 INFO      at org.eclipse.aether.internal.impl.DefaultArtifactResolver.resolve (DefaultArtifactResolver.java:473)
2026.03.08 16:05:00 INFO      at org.eclipse.aether.internal.impl.DefaultArtifactResolver.resolveArtifacts (DefaultArtifactResolver.java:261)
2026.03.08 16:05:00 INFO      at org.eclipse.aether.internal.impl.DefaultArtifactResolver.resolveArtifact (DefaultArtifactResolver.java:243)
2026.03.08 16:05:00 INFO      at org.eclipse.aether.internal.impl.DefaultRepositorySystem.resolveArtifact (DefaultRepositorySystem.java:278)
2026.03.08 16:05:00 INFO      at bloop.integrations.maven.MojoImplementation$.bloop$integrations$maven$MojoImplementation$$resolveArtifact$1 (MojoImplementation.scala:115)
2026.03.08 16:05:00 INFO      at bloop.integrations.maven.MojoImplementation$$anonfun$2.applyOrElse (MojoImplementation.scala:240)
2026.03.08 16:05:00 INFO      at bloop.integrations.maven.MojoImplementation$$anonfun$2.applyOrElse (MojoImplementation.scala:222)
2026.03.08 16:05:00 INFO      at scala.collection.StrictOptimizedIterableOps.collect (StrictOptimizedIterableOps.scala:151)
2026.03.08 16:05:00 INFO      at scala.collection.StrictOptimizedIterableOps.collect$ (StrictOptimizedIterableOps.scala:136)
2026.03.08 16:05:00 INFO      at scala.collection.convert.JavaCollectionWrappers$JSetWrapper.collect (JavaCollectionWrappers.scala:180)
2026.03.08 16:05:00 INFO      at bloop.integrations.maven.MojoImplementation$.writeConfig$1 (MojoImplementation.scala:222)
2026.03.08 16:05:00 INFO      at bloop.integrations.maven.MojoImplementation$.writeCompileAndTestConfiguration (MojoImplementation.scala:307)
2026.03.08 16:05:00 INFO      at bloop.integrations.maven.MojoImplementation.writeCompileAndTestConfiguration (MojoImplementation.scala)
2026.03.08 16:05:00 INFO      at bloop.integrations.maven.BloopMojo.execute (BloopMojo.java:105)
2026.03.08 16:05:00 INFO      at org.apache.maven.plugin.DefaultBuildPluginManager.executeMojo (DefaultBuildPluginManager.java:126)
2026.03.08 16:05:00 INFO      at org.apache.maven.lifecycle.internal.MojoExecutor.doExecute2 (MojoExecutor.java:328)
2026.03.08 16:05:00 INFO      at org.apache.maven.lifecycle.internal.MojoExecutor.doExecute (MojoExecutor.java:316)
2026.03.08 16:05:00 INFO      at org.apache.maven.lifecycle.internal.MojoExecutor.execute (MojoExecutor.java:212)
2026.03.08 16:05:00 INFO      at org.apache.maven.lifecycle.internal.MojoExecutor.execute (MojoExecutor.java:174)
2026.03.08 16:05:00 INFO      at org.apache.maven.lifecycle.internal.MojoExecutor.access$000 (MojoExecutor.java:75)
2026.03.08 16:05:00 INFO      at org.apache.maven.lifecycle.internal.MojoExecutor$1.run (MojoExecutor.java:162)
2026.03.08 16:05:00 INFO      at org.apache.maven.plugin.DefaultMojosExecutionStrategy.execute (DefaultMojosExecutionStrategy.java:39)
2026.03.08 16:05:00 INFO      at org.apache.maven.lifecycle.internal.MojoExecutor.execute (MojoExecutor.java:159)
2026.03.08 16:05:00 INFO      at org.apache.maven.lifecycle.internal.LifecycleModuleBuilder.buildProject (LifecycleModuleBuilder.java:105)
2026.03.08 16:05:00 INFO      at org.apache.maven.lifecycle.internal.LifecycleModuleBuilder.buildProject (LifecycleModuleBuilder.java:73)
2026.03.08 16:05:00 INFO      at org.apache.maven.lifecycle.internal.builder.singlethreaded.SingleThreadedBuilder.build (SingleThreadedBuilder.java:53)
2026.03.08 16:05:00 INFO      at org.apache.maven.lifecycle.internal.LifecycleStarter.execute (LifecycleStarter.java:118)
2026.03.08 16:05:00 INFO      at org.apache.maven.DefaultMaven.doExecute (DefaultMaven.java:261)
2026.03.08 16:05:00 INFO      at org.apache.maven.DefaultMaven.doExecute (DefaultMaven.java:173)
2026.03.08 16:05:00 INFO      at org.apache.maven.DefaultMaven.execute (DefaultMaven.java:101)
2026.03.08 16:05:00 INFO      at org.apache.maven.cli.MavenCli.execute (MavenCli.java:906)
2026.03.08 16:05:00 INFO      at org.apache.maven.cli.MavenCli.doMain (MavenCli.java:283)
2026.03.08 16:05:00 INFO      at org.apache.maven.cli.MavenCli.main (MavenCli.java:206)
2026.03.08 16:05:00 INFO      at jdk.internal.reflect.DirectMethodHandleAccessor.invoke (DirectMethodHandleAccessor.java:103)
2026.03.08 16:05:00 INFO      at java.lang.reflect.Method.invoke (Method.java:580)
2026.03.08 16:05:00 INFO      at org.codehaus.plexus.classworlds.launcher.Launcher.launchEnhanced (Launcher.java:255)
2026.03.08 16:05:00 INFO      at org.codehaus.plexus.classworlds.launcher.Launcher.launch (Launcher.java:201)
2026.03.08 16:05:00 INFO      at org.codehaus.plexus.classworlds.launcher.Launcher.mainWithExitCode (Launcher.java:361)
2026.03.08 16:05:00 INFO      at org.codehaus.plexus.classworlds.launcher.Launcher.main (Launcher.java:314)
2026.03.08 16:05:00 INFO      at jdk.internal.reflect.DirectMethodHandleAccessor.invoke (DirectMethodHandleAccessor.java:103)
2026.03.08 16:05:00 INFO      at java.lang.reflect.Method.invoke (Method.java:580)
2026.03.08 16:05:00 INFO      at org.apache.maven.wrapper.BootstrapMainStarter.start (BootstrapMainStarter.java:52)
2026.03.08 16:05:00 INFO      at org.apache.maven.wrapper.WrapperExecutor.execute (WrapperExecutor.java:161)
2026.03.08 16:05:00 INFO      at org.apache.maven.wrapper.MavenWrapperMain.main (MavenWrapperMain.java:73)
2026.03.08 16:05:00 INFO  Caused by: org.eclipse.aether.transfer.ArtifactNotFoundException: org.apache.hadoop:hadoop-client-runtime:jar:sources:3.4.0 was not found in https://repo.maven.apache.org/maven2 during a previous attempt. This failure was cached in the local repository and resolution is not reattempted until the update interval of central has elapsed or updates are forced
2026.03.08 16:05:00 INFO      at org.eclipse.aether.internal.impl.DefaultUpdateCheckManager.newException (DefaultUpdateCheckManager.java:225)
2026.03.08 16:05:00 INFO      at org.eclipse.aether.internal.impl.DefaultUpdateCheckManager.checkArtifact (DefaultUpdateCheckManager.java:201)
2026.03.08 16:05:00 INFO      at org.eclipse.aether.internal.impl.DefaultArtifactResolver.gatherDownloads (DefaultArtifactResolver.java:586)
2026.03.08 16:05:00 INFO      at org.eclipse.aether.internal.impl.DefaultArtifactResolver.performDownloads (DefaultArtifactResolver.java:525)
2026.03.08 16:05:00 INFO      at org.eclipse.aether.internal.impl.DefaultArtifactResolver.resolve (DefaultArtifactResolver.java:449)
2026.03.08 16:05:00 INFO      at org.eclipse.aether.internal.impl.DefaultArtifactResolver.resolveArtifacts (DefaultArtifactResolver.java:261)
2026.03.08 16:05:00 INFO      at org.eclipse.aether.internal.impl.DefaultArtifactResolver.resolveArtifact (DefaultArtifactResolver.java:243)
2026.03.08 16:05:00 INFO      at org.eclipse.aether.internal.impl.DefaultRepositorySystem.resolveArtifact (DefaultRepositorySystem.java:278)
2026.03.08 16:05:00 INFO      at bloop.integrations.maven.MojoImplementation$.bloop$integrations$maven$MojoImplementation$$resolveArtifact$1 (MojoImplementation.scala:115)
2026.03.08 16:05:00 INFO      at bloop.integrations.maven.MojoImplementation$$anonfun$2.applyOrElse (MojoImplementation.scala:240)
2026.03.08 16:05:00 INFO      at bloop.integrations.maven.MojoImplementation$$anonfun$2.applyOrElse (MojoImplementation.scala:222)
2026.03.08 16:05:00 INFO      at scala.collection.StrictOptimizedIterableOps.collect (StrictOptimizedIterableOps.scala:151)
2026.03.08 16:05:00 INFO      at scala.collection.StrictOptimizedIterableOps.collect$ (StrictOptimizedIterableOps.scala:136)
2026.03.08 16:05:00 INFO      at scala.collection.convert.JavaCollectionWrappers$JSetWrapper.collect (JavaCollectionWrappers.scala:180)
2026.03.08 16:05:00 INFO      at bloop.integrations.maven.MojoImplementation$.writeConfig$1 (MojoImplementation.scala:222)
2026.03.08 16:05:00 INFO      at bloop.integrations.maven.MojoImplementation$.writeCompileAndTestConfiguration (MojoImplementation.scala:307)
2026.03.08 16:05:00 INFO      at bloop.integrations.maven.MojoImplementation.writeCompileAndTestConfiguration (MojoImplementation.scala)
2026.03.08 16:05:00 INFO      at bloop.integrations.maven.BloopMojo.execute (BloopMojo.java:105)
2026.03.08 16:05:00 INFO      at org.apache.maven.plugin.DefaultBuildPluginManager.executeMojo (DefaultBuildPluginManager.java:126)
2026.03.08 16:05:00 INFO      at org.apache.maven.lifecycle.internal.MojoExecutor.doExecute2 (MojoExecutor.java:328)
2026.03.08 16:05:00 INFO      at org.apache.maven.lifecycle.internal.MojoExecutor.doExecute (MojoExecutor.java:316)
2026.03.08 16:05:00 INFO      at org.apache.maven.lifecycle.internal.MojoExecutor.execute (MojoExecutor.java:212)
2026.03.08 16:05:00 INFO      at org.apache.maven.lifecycle.internal.MojoExecutor.execute (MojoExecutor.java:174)
2026.03.08 16:05:00 INFO      at org.apache.maven.lifecycle.internal.MojoExecutor.access$000 (MojoExecutor.java:75)
2026.03.08 16:05:00 INFO      at org.apache.maven.lifecycle.internal.MojoExecutor$1.run (MojoExecutor.java:162)
2026.03.08 16:05:00 INFO      at org.apache.maven.plugin.DefaultMojosExecutionStrategy.execute (DefaultMojosExecutionStrategy.java:39)
2026.03.08 16:05:00 INFO      at org.apache.maven.lifecycle.internal.MojoExecutor.execute (MojoExecutor.java:159)
2026.03.08 16:05:00 INFO      at org.apache.maven.lifecycle.internal.LifecycleModuleBuilder.buildProject (LifecycleModuleBuilder.java:105)
2026.03.08 16:05:00 INFO      at org.apache.maven.lifecycle.internal.LifecycleModuleBuilder.buildProject (LifecycleModuleBuilder.java:73)
2026.03.08 16:05:00 INFO      at org.apache.maven.lifecycle.internal.builder.singlethreaded.SingleThreadedBuilder.build (SingleThreadedBuilder.java:53)
2026.03.08 16:05:00 INFO      at org.apache.maven.lifecycle.internal.LifecycleStarter.execute (LifecycleStarter.java:118)
2026.03.08 16:05:00 INFO      at org.apache.maven.DefaultMaven.doExecute (DefaultMaven.java:261)
2026.03.08 16:05:00 INFO      at org.apache.maven.DefaultMaven.doExecute (DefaultMaven.java:173)
2026.03.08 16:05:00 INFO      at org.apache.maven.DefaultMaven.execute (DefaultMaven.java:101)
2026.03.08 16:05:00 INFO      at org.apache.maven.cli.MavenCli.execute (MavenCli.java:906)
2026.03.08 16:05:00 INFO      at org.apache.maven.cli.MavenCli.doMain (MavenCli.java:283)
2026.03.08 16:05:00 INFO      at org.apache.maven.cli.MavenCli.main (MavenCli.java:206)
2026.03.08 16:05:00 INFO      at jdk.internal.reflect.DirectMethodHandleAccessor.invoke (DirectMethodHandleAccessor.java:103)
2026.03.08 16:05:00 INFO      at java.lang.reflect.Method.invoke (Method.java:580)
2026.03.08 16:05:00 INFO      at org.codehaus.plexus.classworlds.launcher.Launcher.launchEnhanced (Launcher.java:255)
2026.03.08 16:05:00 INFO      at org.codehaus.plexus.classworlds.launcher.Launcher.launch (Launcher.java:201)
2026.03.08 16:05:00 INFO      at org.codehaus.plexus.classworlds.launcher.Launcher.mainWithExitCode (Launcher.java:361)
2026.03.08 16:05:00 INFO      at org.codehaus.plexus.classworlds.launcher.Launcher.main (Launcher.java:314)
2026.03.08 16:05:00 INFO      at jdk.internal.reflect.DirectMethodHandleAccessor.invoke (DirectMethodHandleAccessor.java:103)
2026.03.08 16:05:00 INFO      at java.lang.reflect.Method.invoke (Method.java:580)
2026.03.08 16:05:00 INFO      at org.apache.maven.wrapper.BootstrapMainStarter.start (BootstrapMainStarter.java:52)
2026.03.08 16:05:00 INFO      at org.apache.maven.wrapper.WrapperExecutor.execute (WrapperExecutor.java:161)
2026.03.08 16:05:00 INFO      at org.apache.maven.wrapper.MavenWrapperMain.main (MavenWrapperMain.java:73)
2026.03.08 16:05:00 INFO  [INFO] Resolving artifact: org.apache.hadoop:hadoop-client-api:jar:3.4.0:runtime (sources = false)
2026.03.08 16:05:00 INFO  [INFO] SUCCESS: org.apache.hadoop:hadoop-client-api:jar:3.4.0:runtime (sources = false)
2026.03.08 16:05:00 INFO  [INFO] Resolving artifact: org.apache.hadoop:hadoop-client-api:jar:3.4.0:runtime (sources = true)
2026.03.08 16:05:00 INFO  [INFO] SUCCESS: org.apache.hadoop:hadoop-client-api:jar:3.4.0:runtime (sources = true)
2026.03.08 16:05:00 INFO  [INFO] Resolving artifact: org.xerial.snappy:snappy-java:jar:1.1.10.4:compile (sources = false)
2026.03.08 16:05:00 INFO  [INFO] SUCCESS: org.xerial.snappy:snappy-java:jar:1.1.10.4:compile (sources = false)
2026.03.08 16:05:00 INFO  [INFO] Resolving artifact: org.xerial.snappy:snappy-java:jar:1.1.10.4:compile (sources = true)
2026.03.08 16:05:00 INFO  [INFO] SUCCESS: org.xerial.snappy:snappy-java:jar:1.1.10.4:compile (sources = true)
2026.03.08 16:05:00 INFO  [INFO] Resolving artifact: commons-logging:commons-logging:jar:1.2:runtime (sources = false)
2026.03.08 16:05:00 INFO  [INFO] SUCCESS: commons-logging:commons-logging:jar:1.2:runtime (sources = false)
2026.03.08 16:05:00 INFO  [INFO] Resolving artifact: commons-logging:commons-logging:jar:1.2:runtime (sources = true)
2026.03.08 16:05:00 INFO  [INFO] SUCCESS: commons-logging:commons-logging:jar:1.2:runtime (sources = true)
2026.03.08 16:05:00 INFO  [INFO] Resolving artifact: com.google.code.findbugs:jsr305:jar:3.0.2:runtime (sources = false)
2026.03.08 16:05:00 INFO  [INFO] SUCCESS: com.google.code.findbugs:jsr305:jar:3.0.2:runtime (sources = false)
2026.03.08 16:05:00 INFO  [INFO] Resolving artifact: com.google.code.findbugs:jsr305:jar:3.0.2:runtime (sources = true)
2026.03.08 16:05:00 INFO  [INFO] SUCCESS: com.google.code.findbugs:jsr305:jar:3.0.2:runtime (sources = true)
2026.03.08 16:05:00 INFO  [INFO] Resolving artifact: org.apache.parquet:parquet-hadoop:jar:1.12.3:compile (sources = false)
2026.03.08 16:05:00 INFO  [INFO] SUCCESS: org.apache.parquet:parquet-hadoop:jar:1.12.3:compile (sources = false)
2026.03.08 16:05:00 INFO  [INFO] Resolving artifact: org.apache.parquet:parquet-hadoop:jar:1.12.3:compile (sources = true)
2026.03.08 16:05:00 INFO  [INFO] SUCCESS: org.apache.parquet:parquet-hadoop:jar:1.12.3:compile (sources = true)
2026.03.08 16:05:00 INFO  [INFO] Resolving artifact: org.apache.parquet:parquet-column:jar:1.12.3:compile (sources = false)
2026.03.08 16:05:00 INFO  [INFO] SUCCESS: org.apache.parquet:parquet-column:jar:1.12.3:compile (sources = false)
2026.03.08 16:05:00 INFO  [INFO] Resolving artifact: org.apache.parquet:parquet-column:jar:1.12.3:compile (sources = true)
2026.03.08 16:05:00 INFO  [INFO] SUCCESS: org.apache.parquet:parquet-column:jar:1.12.3:compile (sources = true)
2026.03.08 16:05:00 INFO  [INFO] Resolving artifact: org.apache.parquet:parquet-encoding:jar:1.12.3:compile (sources = false)
2026.03.08 16:05:00 INFO  [INFO] SUCCESS: org.apache.parquet:parquet-encoding:jar:1.12.3:compile (sources = false)
2026.03.08 16:05:00 INFO  [INFO] Resolving artifact: org.apache.parquet:parquet-encoding:jar:1.12.3:compile (sources = true)
2026.03.08 16:05:00 INFO  [INFO] SUCCESS: org.apache.parquet:parquet-encoding:jar:1.12.3:compile (sources = true)
2026.03.08 16:05:00 INFO  [INFO] Resolving artifact: org.apache.parquet:parquet-format-structures:jar:1.12.3:compile (sources = false)
2026.03.08 16:05:00 INFO  [INFO] SUCCESS: org.apache.parquet:parquet-format-structures:jar:1.12.3:compile (sources = false)
2026.03.08 16:05:00 INFO  [INFO] Resolving artifact: org.apache.parquet:parquet-format-structures:jar:1.12.3:compile (sources = true)
2026.03.08 16:05:00 INFO  [INFO] SUCCESS: org.apache.parquet:parquet-format-structures:jar:1.12.3:compile (sources = true)
2026.03.08 16:05:00 INFO  [INFO] Resolving artifact: org.apache.parquet:parquet-common:jar:1.12.3:compile (sources = false)
2026.03.08 16:05:00 INFO  [INFO] SUCCESS: org.apache.parquet:parquet-common:jar:1.12.3:compile (sources = false)
2026.03.08 16:05:00 INFO  [INFO] Resolving artifact: org.apache.parquet:parquet-common:jar:1.12.3:compile (sources = true)
2026.03.08 16:05:00 INFO  [INFO] SUCCESS: org.apache.parquet:parquet-common:jar:1.12.3:compile (sources = true)
2026.03.08 16:05:00 INFO  [INFO] Resolving artifact: org.apache.parquet:parquet-jackson:jar:1.12.3:runtime (sources = false)
2026.03.08 16:05:00 INFO  [INFO] SUCCESS: org.apache.parquet:parquet-jackson:jar:1.12.3:runtime (sources = false)
2026.03.08 16:05:00 INFO  [INFO] Resolving artifact: org.apache.parquet:parquet-jackson:jar:1.12.3:runtime (sources = true)
2026.03.08 16:05:00 INFO  [INFO] SUCCESS: org.apache.parquet:parquet-jackson:jar:1.12.3:runtime (sources = true)
2026.03.08 16:05:00 INFO  [INFO] Resolving artifact: commons-pool:commons-pool:jar:1.6:compile (sources = false)
2026.03.08 16:05:00 INFO  [INFO] SUCCESS: commons-pool:commons-pool:jar:1.6:compile (sources = false)
2026.03.08 16:05:00 INFO  [INFO] Resolving artifact: commons-pool:commons-pool:jar:1.6:compile (sources = true)
2026.03.08 16:05:00 INFO  [INFO] SUCCESS: commons-pool:commons-pool:jar:1.6:compile (sources = true)
2026.03.08 16:05:00 INFO  [INFO] Resolving artifact: com.github.luben:zstd-jni:jar:1.5.0-1:compile (sources = false)
2026.03.08 16:05:00 INFO  [INFO] SUCCESS: com.github.luben:zstd-jni:jar:1.5.0-1:compile (sources = false)
2026.03.08 16:05:00 INFO  [INFO] Resolving artifact: com.github.luben:zstd-jni:jar:1.5.0-1:compile (sources = true)
2026.03.08 16:05:00 INFO  [INFO] SUCCESS: com.github.luben:zstd-jni:jar:1.5.0-1:compile (sources = true)
2026.03.08 16:05:00 INFO  [INFO] Resolving artifact: org.apache.yetus:audience-annotations:jar:0.13.0:compile (sources = false)
2026.03.08 16:05:00 INFO  [INFO] SUCCESS: org.apache.yetus:audience-annotations:jar:0.13.0:compile (sources = false)
2026.03.08 16:05:00 INFO  [INFO] Resolving artifact: org.apache.yetus:audience-annotations:jar:0.13.0:compile (sources = true)
2026.03.08 16:05:00 INFO  [INFO] SUCCESS: org.apache.yetus:audience-annotations:jar:0.13.0:compile (sources = true)
2026.03.08 16:05:00 INFO  [INFO] Resolving artifact: org.apache.iceberg:iceberg-api:jar:1.7.0:compile (sources = false)
2026.03.08 16:05:00 INFO  [INFO] SUCCESS: org.apache.iceberg:iceberg-api:jar:1.7.0:compile (sources = false)
2026.03.08 16:05:00 INFO  [INFO] Resolving artifact: org.apache.iceberg:iceberg-api:jar:1.7.0:compile (sources = true)
2026.03.08 16:05:00 INFO  [INFO] SUCCESS: org.apache.iceberg:iceberg-api:jar:1.7.0:compile (sources = true)
2026.03.08 16:05:00 INFO  [INFO] Resolving artifact: org.apache.iceberg:iceberg-bundled-guava:jar:1.7.0:runtime (sources = false)
2026.03.08 16:05:00 INFO  [INFO] SUCCESS: org.apache.iceberg:iceberg-bundled-guava:jar:1.7.0:runtime (sources = false)
2026.03.08 16:05:00 INFO  [INFO] Resolving artifact: org.apache.iceberg:iceberg-bundled-guava:jar:1.7.0:runtime (sources = true)
2026.03.08 16:05:00 INFO  [INFO] SUCCESS: org.apache.iceberg:iceberg-bundled-guava:jar:1.7.0:runtime (sources = true)
2026.03.08 16:05:00 INFO  [INFO] Resolving artifact: org.apache.iceberg:iceberg-core:jar:1.7.0:compile (sources = false)
2026.03.08 16:05:00 INFO  [INFO] SUCCESS: org.apache.iceberg:iceberg-core:jar:1.7.0:compile (sources = false)
2026.03.08 16:05:00 INFO  [INFO] Resolving artifact: org.apache.iceberg:iceberg-core:jar:1.7.0:compile (sources = true)
2026.03.08 16:05:00 INFO  [INFO] SUCCESS: org.apache.iceberg:iceberg-core:jar:1.7.0:compile (sources = true)
2026.03.08 16:05:00 INFO  [INFO] Resolving artifact: org.apache.avro:avro:jar:1.12.0:compile (sources = false)
2026.03.08 16:05:00 INFO  [INFO] SUCCESS: org.apache.avro:avro:jar:1.12.0:compile (sources = false)
2026.03.08 16:05:00 INFO  [INFO] Resolving artifact: org.apache.avro:avro:jar:1.12.0:compile (sources = true)
2026.03.08 16:05:00 INFO  [INFO] SUCCESS: org.apache.avro:avro:jar:1.12.0:compile (sources = true)
2026.03.08 16:05:00 INFO  [INFO] Resolving artifact: org.apache.commons:commons-compress:jar:1.26.2:compile (sources = false)
2026.03.08 16:05:00 INFO  [INFO] SUCCESS: org.apache.commons:commons-compress:jar:1.26.2:compile (sources = false)
2026.03.08 16:05:00 INFO  [INFO] Resolving artifact: org.apache.commons:commons-compress:jar:1.26.2:compile (sources = true)
2026.03.08 16:05:00 INFO  [INFO] SUCCESS: org.apache.commons:commons-compress:jar:1.26.2:compile (sources = true)
2026.03.08 16:05:00 INFO  [INFO] Resolving artifact: commons-codec:commons-codec:jar:1.17.0:compile (sources = false)
2026.03.08 16:05:00 INFO  [INFO] SUCCESS: commons-codec:commons-codec:jar:1.17.0:compile (sources = false)
2026.03.08 16:05:00 INFO  [INFO] Resolving artifact: commons-codec:commons-codec:jar:1.17.0:compile (sources = true)
2026.03.08 16:05:00 INFO  [INFO] SUCCESS: commons-codec:commons-codec:jar:1.17.0:compile (sources = true)
2026.03.08 16:05:00 INFO  [INFO] Resolving artifact: commons-io:commons-io:jar:2.16.1:compile (sources = false)
2026.03.08 16:05:00 INFO  [INFO] SUCCESS: commons-io:commons-io:jar:2.16.1:compile (sources = false)
2026.03.08 16:05:00 INFO  [INFO] Resolving artifact: commons-io:commons-io:jar:2.16.1:compile (sources = true)
2026.03.08 16:05:00 INFO  [INFO] SUCCESS: commons-io:commons-io:jar:2.16.1:compile (sources = true)
2026.03.08 16:05:00 INFO  [INFO] Resolving artifact: org.apache.commons:commons-lang3:jar:3.14.0:compile (sources = false)
2026.03.08 16:05:00 INFO  [INFO] SUCCESS: org.apache.commons:commons-lang3:jar:3.14.0:compile (sources = false)
2026.03.08 16:05:00 INFO  [INFO] Resolving artifact: org.apache.commons:commons-lang3:jar:3.14.0:compile (sources = true)
2026.03.08 16:05:00 INFO  [INFO] SUCCESS: org.apache.commons:commons-lang3:jar:3.14.0:compile (sources = true)
2026.03.08 16:05:00 INFO  [INFO] Resolving artifact: org.apache.iceberg:iceberg-common:jar:1.7.0:runtime (sources = false)
2026.03.08 16:05:00 INFO  [INFO] SUCCESS: org.apache.iceberg:iceberg-common:jar:1.7.0:runtime (sources = false)
2026.03.08 16:05:00 INFO  [INFO] Resolving artifact: org.apache.iceberg:iceberg-common:jar:1.7.0:runtime (sources = true)
2026.03.08 16:05:00 INFO  [INFO] SUCCESS: org.apache.iceberg:iceberg-common:jar:1.7.0:runtime (sources = true)
2026.03.08 16:05:00 INFO  [INFO] Resolving artifact: io.airlift:aircompressor:jar:0.27:runtime (sources = false)
2026.03.08 16:05:00 INFO  [INFO] SUCCESS: io.airlift:aircompressor:jar:0.27:runtime (sources = false)
2026.03.08 16:05:00 INFO  [INFO] Resolving artifact: io.airlift:aircompressor:jar:0.27:runtime (sources = true)
2026.03.08 16:05:00 INFO  [INFO] SUCCESS: io.airlift:aircompressor:jar:0.27:runtime (sources = true)
2026.03.08 16:05:00 INFO  [INFO] Resolving artifact: org.apache.httpcomponents.client5:httpclient5:jar:5.4:runtime (sources = false)
2026.03.08 16:05:00 INFO  [INFO] SUCCESS: org.apache.httpcomponents.client5:httpclient5:jar:5.4:runtime (sources = false)
2026.03.08 16:05:00 INFO  [INFO] Resolving artifact: org.apache.httpcomponents.client5:httpclient5:jar:5.4:runtime (sources = true)
2026.03.08 16:05:00 INFO  [INFO] SUCCESS: org.apache.httpcomponents.client5:httpclient5:jar:5.4:runtime (sources = true)
2026.03.08 16:05:00 INFO  [INFO] Resolving artifact: org.apache.httpcomponents.core5:httpcore5:jar:5.3:runtime (sources = false)
2026.03.08 16:05:00 INFO  [INFO] SUCCESS: org.apache.httpcomponents.core5:httpcore5:jar:5.3:runtime (sources = false)
2026.03.08 16:05:00 INFO  [INFO] Resolving artifact: org.apache.httpcomponents.core5:httpcore5:jar:5.3:runtime (sources = true)
2026.03.08 16:05:00 INFO  [INFO] SUCCESS: org.apache.httpcomponents.core5:httpcore5:jar:5.3:runtime (sources = true)
2026.03.08 16:05:00 INFO  [INFO] Resolving artifact: org.apache.httpcomponents.core5:httpcore5-h2:jar:5.3:runtime (sources = false)
2026.03.08 16:05:00 INFO  [INFO] SUCCESS: org.apache.httpcomponents.core5:httpcore5-h2:jar:5.3:runtime (sources = false)
2026.03.08 16:05:00 INFO  [INFO] Resolving artifact: org.apache.httpcomponents.core5:httpcore5-h2:jar:5.3:runtime (sources = true)
2026.03.08 16:05:00 INFO  [INFO] SUCCESS: org.apache.httpcomponents.core5:httpcore5-h2:jar:5.3:runtime (sources = true)
2026.03.08 16:05:00 INFO  [INFO] Resolving artifact: com.github.ben-manes.caffeine:caffeine:jar:2.9.3:runtime (sources = false)
2026.03.08 16:05:00 INFO  [INFO] SUCCESS: com.github.ben-manes.caffeine:caffeine:jar:2.9.3:runtime (sources = false)
2026.03.08 16:05:00 INFO  [INFO] Resolving artifact: com.github.ben-manes.caffeine:caffeine:jar:2.9.3:runtime (sources = true)
2026.03.08 16:05:00 INFO  [INFO] SUCCESS: com.github.ben-manes.caffeine:caffeine:jar:2.9.3:runtime (sources = true)
2026.03.08 16:05:00 INFO  [INFO] Resolving artifact: com.google.errorprone:error_prone_annotations:jar:2.10.0:runtime (sources = false)
2026.03.08 16:05:00 INFO  [INFO] SUCCESS: com.google.errorprone:error_prone_annotations:jar:2.10.0:runtime (sources = false)
2026.03.08 16:05:00 INFO  [INFO] Resolving artifact: com.google.errorprone:error_prone_annotations:jar:2.10.0:runtime (sources = true)
2026.03.08 16:05:00 INFO  [INFO] SUCCESS: com.google.errorprone:error_prone_annotations:jar:2.10.0:runtime (sources = true)
2026.03.08 16:05:00 INFO  [INFO] Resolving artifact: dev.failsafe:failsafe:jar:3.3.2:runtime (sources = false)
2026.03.08 16:05:00 INFO  [INFO] SUCCESS: dev.failsafe:failsafe:jar:3.3.2:runtime (sources = false)
2026.03.08 16:05:00 INFO  [INFO] Resolving artifact: dev.failsafe:failsafe:jar:3.3.2:runtime (sources = true)
2026.03.08 16:05:00 INFO  [INFO] SUCCESS: dev.failsafe:failsafe:jar:3.3.2:runtime (sources = true)
2026.03.08 16:05:00 INFO  [INFO] Resolving artifact: org.apache.pekko:pekko-connectors-kafka_3:jar:1.1.0:compile (sources = false)
2026.03.08 16:05:00 INFO  [INFO] SUCCESS: org.apache.pekko:pekko-connectors-kafka_3:jar:1.1.0:compile (sources = false)
2026.03.08 16:05:00 INFO  [INFO] Resolving artifact: org.apache.pekko:pekko-connectors-kafka_3:jar:1.1.0:compile (sources = true)
2026.03.08 16:05:00 INFO  [INFO] SUCCESS: org.apache.pekko:pekko-connectors-kafka_3:jar:1.1.0:compile (sources = true)
2026.03.08 16:05:00 INFO  [INFO] Resolving artifact: org.apache.kafka:kafka-clients:jar:3.8.0:compile (sources = false)
2026.03.08 16:05:00 INFO  [INFO] SUCCESS: org.apache.kafka:kafka-clients:jar:3.8.0:compile (sources = false)
2026.03.08 16:05:00 INFO  [INFO] Resolving artifact: org.apache.kafka:kafka-clients:jar:3.8.0:compile (sources = true)
2026.03.08 16:05:00 INFO  [INFO] SUCCESS: org.apache.kafka:kafka-clients:jar:3.8.0:compile (sources = true)
2026.03.08 16:05:00 INFO  [INFO] Resolving artifact: org.lz4:lz4-java:jar:1.8.0:runtime (sources = false)
2026.03.08 16:05:00 INFO  [INFO] SUCCESS: org.lz4:lz4-java:jar:1.8.0:runtime (sources = false)
2026.03.08 16:05:00 INFO  [INFO] Resolving artifact: org.lz4:lz4-java:jar:1.8.0:runtime (sources = true)
2026.03.08 16:05:00 INFO  [INFO] SUCCESS: org.lz4:lz4-java:jar:1.8.0:runtime (sources = true)
2026.03.08 16:05:00 INFO  [INFO] Resolving artifact: org.apache.pekko:pekko-testkit_3:jar:1.1.2:test (sources = false)
2026.03.08 16:05:00 INFO  [INFO] SUCCESS: org.apache.pekko:pekko-testkit_3:jar:1.1.2:test (sources = false)
2026.03.08 16:05:00 INFO  [INFO] Resolving artifact: org.apache.pekko:pekko-testkit_3:jar:1.1.2:test (sources = true)
2026.03.08 16:05:00 INFO  [INFO] SUCCESS: org.apache.pekko:pekko-testkit_3:jar:1.1.2:test (sources = true)
2026.03.08 16:05:00 INFO  [INFO] Resolving artifact: org.apache.pekko:pekko-stream-testkit_3:jar:1.1.2:test (sources = false)
2026.03.08 16:05:00 INFO  [INFO] SUCCESS: org.apache.pekko:pekko-stream-testkit_3:jar:1.1.2:test (sources = false)
2026.03.08 16:05:00 INFO  [INFO] Resolving artifact: org.apache.pekko:pekko-stream-testkit_3:jar:1.1.2:test (sources = true)
2026.03.08 16:05:00 INFO  [INFO] SUCCESS: org.apache.pekko:pekko-stream-testkit_3:jar:1.1.2:test (sources = true)
2026.03.08 16:05:00 INFO  [INFO] Resolving artifact: org.apache.pekko:pekko-http-testkit_3:jar:1.0.1:test (sources = false)
2026.03.08 16:05:00 INFO  [INFO] SUCCESS: org.apache.pekko:pekko-http-testkit_3:jar:1.0.1:test (sources = false)
2026.03.08 16:05:00 INFO  [INFO] Resolving artifact: org.apache.pekko:pekko-http-testkit_3:jar:1.0.1:test (sources = true)
2026.03.08 16:05:00 INFO  [INFO] SUCCESS: org.apache.pekko:pekko-http-testkit_3:jar:1.0.1:test (sources = true)
2026.03.08 16:05:00 INFO  [INFO] Resolving artifact: org.junit.jupiter:junit-jupiter:jar:5.10.2:test (sources = false)
2026.03.08 16:05:00 INFO  [INFO] SUCCESS: org.junit.jupiter:junit-jupiter:jar:5.10.2:test (sources = false)
2026.03.08 16:05:00 INFO  [INFO] Resolving artifact: org.junit.jupiter:junit-jupiter:jar:5.10.2:test (sources = true)
2026.03.08 16:05:00 INFO  [INFO] SUCCESS: org.junit.jupiter:junit-jupiter:jar:5.10.2:test (sources = true)
2026.03.08 16:05:00 INFO  [INFO] Resolving artifact: org.junit.jupiter:junit-jupiter-api:jar:5.10.2:test (sources = false)
2026.03.08 16:05:00 INFO  [INFO] SUCCESS: org.junit.jupiter:junit-jupiter-api:jar:5.10.2:test (sources = false)
2026.03.08 16:05:00 INFO  [INFO] Resolving artifact: org.junit.jupiter:junit-jupiter-api:jar:5.10.2:test (sources = true)
2026.03.08 16:05:00 INFO  [INFO] SUCCESS: org.junit.jupiter:junit-jupiter-api:jar:5.10.2:test (sources = true)
2026.03.08 16:05:00 INFO  [INFO] Resolving artifact: org.opentest4j:opentest4j:jar:1.3.0:test (sources = false)
2026.03.08 16:05:00 INFO  [INFO] SUCCESS: org.opentest4j:opentest4j:jar:1.3.0:test (sources = false)
2026.03.08 16:05:00 INFO  [INFO] Resolving artifact: org.opentest4j:opentest4j:jar:1.3.0:test (sources = true)
2026.03.08 16:05:00 INFO  [INFO] SUCCESS: org.opentest4j:opentest4j:jar:1.3.0:test (sources = true)
2026.03.08 16:05:00 INFO  [INFO] Resolving artifact: org.junit.platform:junit-platform-commons:jar:1.10.2:test (sources = false)
2026.03.08 16:05:00 INFO  [INFO] SUCCESS: org.junit.platform:junit-platform-commons:jar:1.10.2:test (sources = false)
2026.03.08 16:05:00 INFO  [INFO] Resolving artifact: org.junit.platform:junit-platform-commons:jar:1.10.2:test (sources = true)
2026.03.08 16:05:00 INFO  [INFO] SUCCESS: org.junit.platform:junit-platform-commons:jar:1.10.2:test (sources = true)
2026.03.08 16:05:00 INFO  [INFO] Resolving artifact: org.apiguardian:apiguardian-api:jar:1.1.2:test (sources = false)
2026.03.08 16:05:00 INFO  [INFO] SUCCESS: org.apiguardian:apiguardian-api:jar:1.1.2:test (sources = false)
2026.03.08 16:05:00 INFO  [INFO] Resolving artifact: org.apiguardian:apiguardian-api:jar:1.1.2:test (sources = true)
2026.03.08 16:05:00 INFO  [INFO] SUCCESS: org.apiguardian:apiguardian-api:jar:1.1.2:test (sources = true)
2026.03.08 16:05:00 INFO  [INFO] Resolving artifact: org.junit.jupiter:junit-jupiter-params:jar:5.10.2:test (sources = false)
2026.03.08 16:05:00 INFO  [INFO] SUCCESS: org.junit.jupiter:junit-jupiter-params:jar:5.10.2:test (sources = false)
2026.03.08 16:05:00 INFO  [INFO] Resolving artifact: org.junit.jupiter:junit-jupiter-params:jar:5.10.2:test (sources = true)
2026.03.08 16:05:00 INFO  [INFO] SUCCESS: org.junit.jupiter:junit-jupiter-params:jar:5.10.2:test (sources = true)
2026.03.08 16:05:00 INFO  [INFO] Resolving artifact: org.junit.jupiter:junit-jupiter-engine:jar:5.10.2:test (sources = false)
2026.03.08 16:05:00 INFO  [INFO] SUCCESS: org.junit.jupiter:junit-jupiter-engine:jar:5.10.2:test (sources = false)
2026.03.08 16:05:00 INFO  [INFO] Resolving artifact: org.junit.jupiter:junit-jupiter-engine:jar:5.10.2:test (sources = true)
2026.03.08 16:05:00 INFO  [INFO] SUCCESS: org.junit.jupiter:junit-jupiter-engine:jar:5.10.2:test (sources = true)
2026.03.08 16:05:00 INFO  [INFO] Resolving artifact: org.junit.platform:junit-platform-engine:jar:1.10.2:test (sources = false)
2026.03.08 16:05:00 INFO  [INFO] SUCCESS: org.junit.platform:junit-platform-engine:jar:1.10.2:test (sources = false)
2026.03.08 16:05:00 INFO  [INFO] Resolving artifact: org.junit.platform:junit-platform-engine:jar:1.10.2:test (sources = true)
2026.03.08 16:05:00 INFO  [INFO] SUCCESS: org.junit.platform:junit-platform-engine:jar:1.10.2:test (sources = true)
2026.03.08 16:05:00 INFO  [INFO] Resolving artifact: org.mockito:mockito-core:jar:5.14.2:test (sources = false)
2026.03.08 16:05:00 INFO  [INFO] SUCCESS: org.mockito:mockito-core:jar:5.14.2:test (sources = false)
2026.03.08 16:05:00 INFO  [INFO] Resolving artifact: org.mockito:mockito-core:jar:5.14.2:test (sources = true)
2026.03.08 16:05:00 INFO  [INFO] SUCCESS: org.mockito:mockito-core:jar:5.14.2:test (sources = true)
2026.03.08 16:05:00 INFO  [INFO] Resolving artifact: net.bytebuddy:byte-buddy:jar:1.15.4:test (sources = false)
2026.03.08 16:05:00 INFO  [INFO] SUCCESS: net.bytebuddy:byte-buddy:jar:1.15.4:test (sources = false)
2026.03.08 16:05:00 INFO  [INFO] Resolving artifact: net.bytebuddy:byte-buddy:jar:1.15.4:test (sources = true)
2026.03.08 16:05:00 INFO  [INFO] SUCCESS: net.bytebuddy:byte-buddy:jar:1.15.4:test (sources = true)
2026.03.08 16:05:00 INFO  [INFO] Resolving artifact: net.bytebuddy:byte-buddy-agent:jar:1.15.4:test (sources = false)
2026.03.08 16:05:00 INFO  [INFO] SUCCESS: net.bytebuddy:byte-buddy-agent:jar:1.15.4:test (sources = false)
2026.03.08 16:05:00 INFO  [INFO] Resolving artifact: net.bytebuddy:byte-buddy-agent:jar:1.15.4:test (sources = true)
2026.03.08 16:05:00 INFO  [INFO] SUCCESS: net.bytebuddy:byte-buddy-agent:jar:1.15.4:test (sources = true)
2026.03.08 16:05:00 INFO  [INFO] Resolving artifact: org.objenesis:objenesis:jar:3.3:test (sources = false)
2026.03.08 16:05:00 INFO  [INFO] SUCCESS: org.objenesis:objenesis:jar:3.3:test (sources = false)
2026.03.08 16:05:00 INFO  [INFO] Resolving artifact: org.objenesis:objenesis:jar:3.3:test (sources = true)
2026.03.08 16:05:00 INFO  [INFO] SUCCESS: org.objenesis:objenesis:jar:3.3:test (sources = true)
2026.03.08 16:05:00 INFO  [INFO] Resolving artifact: org.mockito:mockito-junit-jupiter:jar:5.14.2:test (sources = false)
2026.03.08 16:05:00 INFO  [INFO] SUCCESS: org.mockito:mockito-junit-jupiter:jar:5.14.2:test (sources = false)
2026.03.08 16:05:00 INFO  [INFO] Resolving artifact: org.mockito:mockito-junit-jupiter:jar:5.14.2:test (sources = true)
2026.03.08 16:05:00 INFO  [INFO] SUCCESS: org.mockito:mockito-junit-jupiter:jar:5.14.2:test (sources = true)
2026.03.08 16:05:00 INFO  [INFO] Generated .bloop/replay-test.json
2026.03.08 16:05:00 INFO  [INFO] ------------------------------------------------------------------------
2026.03.08 16:05:00 INFO  [INFO] BUILD SUCCESS
2026.03.08 16:05:00 INFO  [INFO] ------------------------------------------------------------------------
2026.03.08 16:05:00 INFO  [INFO] Total time:  0.751 s
2026.03.08 16:05:00 INFO  [INFO] Finished at: 2026-03-08T16:05:01-04:00
2026.03.08 16:05:00 INFO  [INFO] ------------------------------------------------------------------------
2026.03.08 16:05:01 INFO  time: ran 'mvn bloopInstall' in 1.65s
2026.03.08 16:05:01 INFO  Disconnecting from Bloop session...
2026.03.08 16:05:01 INFO  Shut down connection with build server.
2026.03.08 16:05:01 INFO  Attempting to connect to the build server...
2026.03.08 16:05:01 INFO  Found a Bloop server running
2026.03.08 16:05:01 INFO  tracing is disabled for protocol BSP, to enable tracing of incoming and outgoing JSON messages create an empty file at /Users/vaskoyordanov/DRSystemActors/.metals/bsp.trace.json or /Users/vaskoyordanov/Library/Caches/org.scalameta.metals/bsp.trace.json
2026.03.08 16:05:01 INFO  time: Connected to build server in 0.12s
2026.03.08 16:05:01 INFO  Connected to Build server: Bloop v2.0.19
2026.03.08 16:05:03 INFO  time: indexed workspace in 1.77s
2026.03.08 16:05:03 INFO  compiling replay (1 java source)
2026.03.08 16:05:03 WARN  Unexpected javac output: warning: [options] location of system modules is not set in conjunction with -source 17
  not setting the location of system modules may lead to class files that cannot run on JDK 17
    --release 17 is recommended instead of -source 17 -target 17 because it sets the location of system modules automatically
1 warning.
2026.03.08 16:05:03 WARN  javac: [options] location of system modules is not set in conjunction with -source 17
2026.03.08 16:05:03 INFO  compiling replay-test (1 java source)
2026.03.08 16:05:03 INFO  time: compiled replay in 0.78s
2026.03.08 16:05:05 WARN  Unexpected javac output: warning: [options] location of system modules is not set in conjunction with -source 17
  not setting the location of system modules may lead to class files that cannot run on JDK 17
    --release 17 is recommended instead of -source 17 -target 17 because it sets the location of system modules automatically
1 warning.
2026.03.08 16:05:05 WARN  javac: [options] location of system modules is not set in conjunction with -source 17
2026.03.08 16:05:05 INFO  time: compiled replay-test in 0.74s
2026.03.08 16:12:45 INFO  compiling replay (1 java source)
2026.03.08 16:12:45 WARN  Unexpected javac output: warning: [options] location of system modules is not set in conjunction with -source 17
  not setting the location of system modules may lead to class files that cannot run on JDK 17
    --release 17 is recommended instead of -source 17 -target 17 because it sets the location of system modules automatically
1 warning.
2026.03.08 16:12:45 WARN  javac: [options] location of system modules is not set in conjunction with -source 17
2026.03.08 16:12:45 INFO  time: compiled replay in 0.97s
2026.03.08 16:12:49 INFO  compiling replay (1 java source)
2026.03.08 16:12:49 WARN  Unexpected javac output: warning: [options] location of system modules is not set in conjunction with -source 17
  not setting the location of system modules may lead to class files that cannot run on JDK 17
    --release 17 is recommended instead of -source 17 -target 17 because it sets the location of system modules automatically
1 warning.
2026.03.08 16:12:49 WARN  javac: [options] location of system modules is not set in conjunction with -source 17
2026.03.08 16:12:49 INFO  time: compiled replay in 0.91s
2026.03.08 16:13:01 INFO  compiling replay (1 java source)
2026.03.08 16:13:01 WARN  Invalid text document uri received from build server: file:///Users/vaskoyordanov/Library/Caches/ScalaCli/bloop/warning:%5Boptions%5D%20location%20of%20system%20modules%20is%20not%20set%20in%20conjunction%20with%20-source%2017%0A%20%20not%20setting%20the%20location%20of%20system%20modules%20may%20lead%20to%20class%20files%20that%20cannot%20run%20on%20JDK%2017%0A%20%20%20%20--release%2017%20is%20recommended%20instead%20of%20-source%2017%20-target%2017%20because%20it%20sets%20the%20location%20of%20system%20modules%20automatically%0A/Users/vaskoyordanov/DRSystemActors/src/main/java/com/example/replay/util/JsonUtil.java
2026.03.08 16:13:01 WARN  javac exited with exit code 1
2026.03.08 16:13:01 INFO  time: compiled replay in 0.92s
2026.03.08 16:13:11 INFO  running '/opt/homebrew/Cellar/openjdk/23.0.2/libexec/openjdk.jdk/Contents/Home/bin/java -Dfile.encoding=UTF-8 -Dmaven.multiModuleProjectDirectory=/Users/vaskoyordanov/DRSystemActors -Dmaven.home=/var/folders/3w/gywqcn696zd49sq823378skr0000gn/T/metals11987636949943849010 -cp /var/folders/3w/gywqcn696zd49sq823378skr0000gn/T/metals11987636949943849010/maven-wrapper.jar org.apache.maven.wrapper.MavenWrapperMain generate-sources ch.epfl.scala:bloop-maven-plugin:2.0.3:bloopInstall -DdownloadSources=true'
2026.03.08 16:13:12 INFO  [INFO] Scanning for projects...
2026.03.08 16:13:12 INFO  [INFO] 
2026.03.08 16:13:12 INFO  [INFO] -------------------------< com.example:replay >-------------------------
2026.03.08 16:13:12 INFO  [INFO] Building Replay Core 1.0.0-SNAPSHOT
2026.03.08 16:13:12 INFO  [INFO]   from pom.xml
2026.03.08 16:13:12 INFO  [INFO] --------------------------------[ jar ]---------------------------------
2026.03.08 16:13:12 INFO  [INFO] 
2026.03.08 16:13:12 INFO  [INFO] --- bloop:2.0.3:bloopInstall (default-cli) @ replay ---
2026.03.08 16:13:12 INFO  [INFO] Resolving artifact: org.apache.pekko:pekko-actor_3:jar:1.1.2:compile (sources = false)
2026.03.08 16:13:12 INFO  [INFO] SUCCESS: org.apache.pekko:pekko-actor_3:jar:1.1.2:compile (sources = false)
2026.03.08 16:13:12 INFO  [INFO] Resolving artifact: org.apache.pekko:pekko-actor_3:jar:1.1.2:compile (sources = true)
2026.03.08 16:13:12 INFO  [INFO] SUCCESS: org.apache.pekko:pekko-actor_3:jar:1.1.2:compile (sources = true)
2026.03.08 16:13:12 INFO  [INFO] Resolving artifact: org.scala-lang:scala3-library_3:jar:3.3.3:compile (sources = false)
2026.03.08 16:13:12 INFO  [INFO] SUCCESS: org.scala-lang:scala3-library_3:jar:3.3.3:compile (sources = false)
2026.03.08 16:13:12 INFO  [INFO] Resolving artifact: org.scala-lang:scala3-library_3:jar:3.3.3:compile (sources = true)
2026.03.08 16:13:12 INFO  [INFO] SUCCESS: org.scala-lang:scala3-library_3:jar:3.3.3:compile (sources = true)
2026.03.08 16:13:12 INFO  [INFO] Resolving artifact: org.scala-lang:scala-library:jar:2.13.12:compile (sources = false)
2026.03.08 16:13:12 INFO  [INFO] SUCCESS: org.scala-lang:scala-library:jar:2.13.12:compile (sources = false)
2026.03.08 16:13:12 INFO  [INFO] Resolving artifact: org.scala-lang:scala-library:jar:2.13.12:compile (sources = true)
2026.03.08 16:13:12 INFO  [INFO] SUCCESS: org.scala-lang:scala-library:jar:2.13.12:compile (sources = true)
2026.03.08 16:13:12 INFO  [INFO] Resolving artifact: com.typesafe:config:jar:1.4.3:compile (sources = false)
2026.03.08 16:13:12 INFO  [INFO] SUCCESS: com.typesafe:config:jar:1.4.3:compile (sources = false)
2026.03.08 16:13:12 INFO  [INFO] Resolving artifact: com.typesafe:config:jar:1.4.3:compile (sources = true)
2026.03.08 16:13:12 INFO  [INFO] SUCCESS: com.typesafe:config:jar:1.4.3:compile (sources = true)
2026.03.08 16:13:12 INFO  [INFO] Resolving artifact: org.apache.pekko:pekko-stream_3:jar:1.1.2:compile (sources = false)
2026.03.08 16:13:12 INFO  [INFO] SUCCESS: org.apache.pekko:pekko-stream_3:jar:1.1.2:compile (sources = false)
2026.03.08 16:13:12 INFO  [INFO] Resolving artifact: org.apache.pekko:pekko-stream_3:jar:1.1.2:compile (sources = true)
2026.03.08 16:13:12 INFO  [INFO] SUCCESS: org.apache.pekko:pekko-stream_3:jar:1.1.2:compile (sources = true)
2026.03.08 16:13:12 INFO  [INFO] Resolving artifact: org.apache.pekko:pekko-protobuf-v3_3:jar:1.1.2:compile (sources = false)
2026.03.08 16:13:12 INFO  [INFO] SUCCESS: org.apache.pekko:pekko-protobuf-v3_3:jar:1.1.2:compile (sources = false)
2026.03.08 16:13:12 INFO  [INFO] Resolving artifact: org.apache.pekko:pekko-protobuf-v3_3:jar:1.1.2:compile (sources = true)
2026.03.08 16:13:12 INFO  [INFO] SUCCESS: org.apache.pekko:pekko-protobuf-v3_3:jar:1.1.2:compile (sources = true)
2026.03.08 16:13:12 INFO  [INFO] Resolving artifact: org.reactivestreams:reactive-streams:jar:1.0.4:compile (sources = false)
2026.03.08 16:13:12 INFO  [INFO] SUCCESS: org.reactivestreams:reactive-streams:jar:1.0.4:compile (sources = false)
2026.03.08 16:13:12 INFO  [INFO] Resolving artifact: org.reactivestreams:reactive-streams:jar:1.0.4:compile (sources = true)
2026.03.08 16:13:12 INFO  [INFO] SUCCESS: org.reactivestreams:reactive-streams:jar:1.0.4:compile (sources = true)
2026.03.08 16:13:12 INFO  [INFO] Resolving artifact: com.typesafe:ssl-config-core_3:jar:0.6.1:compile (sources = false)
2026.03.08 16:13:12 INFO  [INFO] SUCCESS: com.typesafe:ssl-config-core_3:jar:0.6.1:compile (sources = false)
2026.03.08 16:13:12 INFO  [INFO] Resolving artifact: com.typesafe:ssl-config-core_3:jar:0.6.1:compile (sources = true)
2026.03.08 16:13:12 INFO  [INFO] SUCCESS: com.typesafe:ssl-config-core_3:jar:0.6.1:compile (sources = true)
2026.03.08 16:13:12 INFO  [INFO] Resolving artifact: org.apache.pekko:pekko-http_3:jar:1.0.1:compile (sources = false)
2026.03.08 16:13:12 INFO  [INFO] SUCCESS: org.apache.pekko:pekko-http_3:jar:1.0.1:compile (sources = false)
2026.03.08 16:13:12 INFO  [INFO] Resolving artifact: org.apache.pekko:pekko-http_3:jar:1.0.1:compile (sources = true)
2026.03.08 16:13:12 INFO  [INFO] SUCCESS: org.apache.pekko:pekko-http_3:jar:1.0.1:compile (sources = true)
2026.03.08 16:13:12 INFO  [INFO] Resolving artifact: org.apache.pekko:pekko-http-core_3:jar:1.0.1:compile (sources = false)
2026.03.08 16:13:12 INFO  [INFO] SUCCESS: org.apache.pekko:pekko-http-core_3:jar:1.0.1:compile (sources = false)
2026.03.08 16:13:12 INFO  [INFO] Resolving artifact: org.apache.pekko:pekko-http-core_3:jar:1.0.1:compile (sources = true)
2026.03.08 16:13:12 INFO  [INFO] SUCCESS: org.apache.pekko:pekko-http-core_3:jar:1.0.1:compile (sources = true)
2026.03.08 16:13:12 INFO  [INFO] Resolving artifact: org.apache.pekko:pekko-parsing_3:jar:1.0.1:compile (sources = false)
2026.03.08 16:13:12 INFO  [INFO] SUCCESS: org.apache.pekko:pekko-parsing_3:jar:1.0.1:compile (sources = false)
2026.03.08 16:13:12 INFO  [INFO] Resolving artifact: org.apache.pekko:pekko-parsing_3:jar:1.0.1:compile (sources = true)
2026.03.08 16:13:12 INFO  [INFO] SUCCESS: org.apache.pekko:pekko-parsing_3:jar:1.0.1:compile (sources = true)
2026.03.08 16:13:12 INFO  [INFO] Resolving artifact: org.parboiled:parboiled_3:jar:2.5.0:compile (sources = false)
2026.03.08 16:13:12 INFO  [INFO] SUCCESS: org.parboiled:parboiled_3:jar:2.5.0:compile (sources = false)
2026.03.08 16:13:12 INFO  [INFO] Resolving artifact: org.parboiled:parboiled_3:jar:2.5.0:compile (sources = true)
2026.03.08 16:13:12 INFO  [INFO] SUCCESS: org.parboiled:parboiled_3:jar:2.5.0:compile (sources = true)
2026.03.08 16:13:12 INFO  [INFO] Resolving artifact: org.apache.pekko:pekko-http-jackson_3:jar:1.0.1:compile (sources = false)
2026.03.08 16:13:12 INFO  [INFO] SUCCESS: org.apache.pekko:pekko-http-jackson_3:jar:1.0.1:compile (sources = false)
2026.03.08 16:13:12 INFO  [INFO] Resolving artifact: org.apache.pekko:pekko-http-jackson_3:jar:1.0.1:compile (sources = true)
2026.03.08 16:13:12 INFO  [INFO] SUCCESS: org.apache.pekko:pekko-http-jackson_3:jar:1.0.1:compile (sources = true)
2026.03.08 16:13:12 INFO  [INFO] Resolving artifact: org.apache.pekko:pekko-slf4j_3:jar:1.1.2:compile (sources = false)
2026.03.08 16:13:12 INFO  [INFO] SUCCESS: org.apache.pekko:pekko-slf4j_3:jar:1.1.2:compile (sources = false)
2026.03.08 16:13:12 INFO  [INFO] Resolving artifact: org.apache.pekko:pekko-slf4j_3:jar:1.1.2:compile (sources = true)
2026.03.08 16:13:12 INFO  [INFO] SUCCESS: org.apache.pekko:pekko-slf4j_3:jar:1.1.2:compile (sources = true)
2026.03.08 16:13:12 INFO  [INFO] Resolving artifact: org.slf4j:slf4j-api:jar:2.0.16:compile (sources = false)
2026.03.08 16:13:12 INFO  [INFO] SUCCESS: org.slf4j:slf4j-api:jar:2.0.16:compile (sources = false)
2026.03.08 16:13:12 INFO  [INFO] Resolving artifact: org.slf4j:slf4j-api:jar:2.0.16:compile (sources = true)
2026.03.08 16:13:12 INFO  [INFO] SUCCESS: org.slf4j:slf4j-api:jar:2.0.16:compile (sources = true)
2026.03.08 16:13:12 INFO  [INFO] Resolving artifact: com.fasterxml.jackson.core:jackson-databind:jar:2.17.2:compile (sources = false)
2026.03.08 16:13:12 INFO  [INFO] SUCCESS: com.fasterxml.jackson.core:jackson-databind:jar:2.17.2:compile (sources = false)
2026.03.08 16:13:12 INFO  [INFO] Resolving artifact: com.fasterxml.jackson.core:jackson-databind:jar:2.17.2:compile (sources = true)
2026.03.08 16:13:12 INFO  [INFO] SUCCESS: com.fasterxml.jackson.core:jackson-databind:jar:2.17.2:compile (sources = true)
2026.03.08 16:13:12 INFO  [INFO] Resolving artifact: com.fasterxml.jackson.core:jackson-core:jar:2.17.2:compile (sources = false)
2026.03.08 16:13:12 INFO  [INFO] SUCCESS: com.fasterxml.jackson.core:jackson-core:jar:2.17.2:compile (sources = false)
2026.03.08 16:13:12 INFO  [INFO] Resolving artifact: com.fasterxml.jackson.core:jackson-core:jar:2.17.2:compile (sources = true)
2026.03.08 16:13:12 INFO  [INFO] SUCCESS: com.fasterxml.jackson.core:jackson-core:jar:2.17.2:compile (sources = true)
2026.03.08 16:13:12 INFO  [INFO] Resolving artifact: com.fasterxml.jackson.core:jackson-annotations:jar:2.17.2:compile (sources = false)
2026.03.08 16:13:12 INFO  [INFO] SUCCESS: com.fasterxml.jackson.core:jackson-annotations:jar:2.17.2:compile (sources = false)
2026.03.08 16:13:12 INFO  [INFO] Resolving artifact: com.fasterxml.jackson.core:jackson-annotations:jar:2.17.2:compile (sources = true)
2026.03.08 16:13:12 INFO  [INFO] SUCCESS: com.fasterxml.jackson.core:jackson-annotations:jar:2.17.2:compile (sources = true)
2026.03.08 16:13:12 INFO  [INFO] Resolving artifact: com.fasterxml.jackson.datatype:jackson-datatype-jsr310:jar:2.17.2:compile (sources = false)
2026.03.08 16:13:12 INFO  [INFO] SUCCESS: com.fasterxml.jackson.datatype:jackson-datatype-jsr310:jar:2.17.2:compile (sources = false)
2026.03.08 16:13:12 INFO  [INFO] Resolving artifact: com.fasterxml.jackson.datatype:jackson-datatype-jsr310:jar:2.17.2:compile (sources = true)
2026.03.08 16:13:12 INFO  Downloading from central: https://repo.maven.apache.org/maven2/com/fasterxml/jackson/datatype/jackson-datatype-jsr310/2.17.2/jackson-datatype-jsr310-2.17.2-sources.jar
2026.03.08 16:13:13 INFO  Progress (1): 0.9/90 kB
2026.03.08 16:13:13 INFO  Progress (1): 2.3/90 kB
2026.03.08 16:13:13 INFO  Progress (1): 3.6/90 kB
2026.03.08 16:13:13 INFO  Progress (1): 5.0/90 kB
2026.03.08 16:13:13 INFO  Progress (1): 6.4/90 kB
2026.03.08 16:13:13 INFO  Progress (1): 7.7/90 kB
2026.03.08 16:13:13 INFO  Progress (1): 8.2/90 kB
2026.03.08 16:13:13 INFO  Progress (1): 9.6/90 kB
2026.03.08 16:13:13 INFO  Progress (1): 11/90 kB 
2026.03.08 16:13:13 INFO  Progress (1): 12/90 kB
2026.03.08 16:13:13 INFO  Progress (1): 14/90 kB
2026.03.08 16:13:13 INFO  Progress (1): 15/90 kB
2026.03.08 16:13:13 INFO  Progress (1): 16/90 kB
2026.03.08 16:13:13 INFO  Progress (1): 18/90 kB
2026.03.08 16:13:13 INFO  Progress (1): 19/90 kB
2026.03.08 16:13:13 INFO  Progress (1): 21/90 kB
2026.03.08 16:13:13 INFO  Progress (1): 22/90 kB
2026.03.08 16:13:13 INFO  Progress (1): 23/90 kB
2026.03.08 16:13:13 INFO  Progress (1): 25/90 kB
2026.03.08 16:13:13 INFO  Progress (1): 26/90 kB
2026.03.08 16:13:13 INFO  Progress (1): 27/90 kB
2026.03.08 16:13:13 INFO  Progress (1): 29/90 kB
2026.03.08 16:13:13 INFO  Progress (1): 30/90 kB
2026.03.08 16:13:13 INFO  Progress (1): 31/90 kB
2026.03.08 16:13:13 INFO  Progress (1): 33/90 kB
2026.03.08 16:13:13 INFO  Progress (1): 34/90 kB
2026.03.08 16:13:13 INFO  Progress (1): 36/90 kB
2026.03.08 16:13:13 INFO  Progress (1): 37/90 kB
2026.03.08 16:13:13 INFO  Progress (1): 38/90 kB
2026.03.08 16:13:13 INFO  Progress (1): 40/90 kB
2026.03.08 16:13:13 INFO  Progress (1): 41/90 kB
2026.03.08 16:13:13 INFO  Progress (1): 42/90 kB
2026.03.08 16:13:13 INFO  Progress (1): 44/90 kB
2026.03.08 16:13:13 INFO  Progress (1): 45/90 kB
2026.03.08 16:13:13 INFO  Progress (1): 46/90 kB
2026.03.08 16:13:13 INFO  Progress (1): 48/90 kB
2026.03.08 16:13:13 INFO  Progress (1): 49/90 kB
2026.03.08 16:13:13 INFO  Progress (1): 51/90 kB
2026.03.08 16:13:13 INFO  Progress (1): 52/90 kB
2026.03.08 16:13:13 INFO  Progress (1): 53/90 kB
2026.03.08 16:13:13 INFO  Progress (1): 55/90 kB
2026.03.08 16:13:13 INFO  Progress (1): 59/90 kB
2026.03.08 16:13:13 INFO  Progress (1): 63/90 kB
2026.03.08 16:13:13 INFO  Progress (1): 66/90 kB
2026.03.08 16:13:13 INFO  Progress (1): 70/90 kB
2026.03.08 16:13:13 INFO  Progress (1): 74/90 kB
2026.03.08 16:13:13 INFO  Progress (1): 78/90 kB
2026.03.08 16:13:13 INFO  Progress (1): 82/90 kB
2026.03.08 16:13:13 INFO  Progress (1): 87/90 kB
2026.03.08 16:13:13 INFO  Progress (1): 90 kB   
2026.03.08 16:13:13 INFO                     
2026.03.08 16:13:13 INFO  Downloaded from central: https://repo.maven.apache.org/maven2/com/fasterxml/jackson/datatype/jackson-datatype-jsr310/2.17.2/jackson-datatype-jsr310-2.17.2-sources.jar (90 kB at 292 kB/s)
2026.03.08 16:13:13 INFO  [INFO] SUCCESS: com.fasterxml.jackson.datatype:jackson-datatype-jsr310:jar:2.17.2:compile (sources = true)
2026.03.08 16:13:13 INFO  [INFO] Resolving artifact: org.postgresql:postgresql:jar:42.7.3:compile (sources = false)
2026.03.08 16:13:13 INFO  [INFO] SUCCESS: org.postgresql:postgresql:jar:42.7.3:compile (sources = false)
2026.03.08 16:13:13 INFO  [INFO] Resolving artifact: org.postgresql:postgresql:jar:42.7.3:compile (sources = true)
2026.03.08 16:13:13 INFO  [INFO] SUCCESS: org.postgresql:postgresql:jar:42.7.3:compile (sources = true)
2026.03.08 16:13:13 INFO  [INFO] Resolving artifact: org.checkerframework:checker-qual:jar:3.42.0:runtime (sources = false)
2026.03.08 16:13:13 INFO  [INFO] SUCCESS: org.checkerframework:checker-qual:jar:3.42.0:runtime (sources = false)
2026.03.08 16:13:13 INFO  [INFO] Resolving artifact: org.checkerframework:checker-qual:jar:3.42.0:runtime (sources = true)
2026.03.08 16:13:13 INFO  [INFO] SUCCESS: org.checkerframework:checker-qual:jar:3.42.0:runtime (sources = true)
2026.03.08 16:13:13 INFO  [INFO] Resolving artifact: io.delta:delta-kernel-api:jar:4.0.0:compile (sources = false)
2026.03.08 16:13:13 INFO  [INFO] SUCCESS: io.delta:delta-kernel-api:jar:4.0.0:compile (sources = false)
2026.03.08 16:13:13 INFO  [INFO] Resolving artifact: io.delta:delta-kernel-api:jar:4.0.0:compile (sources = true)
2026.03.08 16:13:13 INFO  [INFO] SUCCESS: io.delta:delta-kernel-api:jar:4.0.0:compile (sources = true)
2026.03.08 16:13:13 INFO  [INFO] Resolving artifact: org.roaringbitmap:RoaringBitmap:jar:0.9.25:compile (sources = false)
2026.03.08 16:13:13 INFO  [INFO] SUCCESS: org.roaringbitmap:RoaringBitmap:jar:0.9.25:compile (sources = false)
2026.03.08 16:13:13 INFO  [INFO] Resolving artifact: org.roaringbitmap:RoaringBitmap:jar:0.9.25:compile (sources = true)
2026.03.08 16:13:13 INFO  [INFO] SUCCESS: org.roaringbitmap:RoaringBitmap:jar:0.9.25:compile (sources = true)
2026.03.08 16:13:13 INFO  [INFO] Resolving artifact: org.roaringbitmap:shims:jar:0.9.25:runtime (sources = false)
2026.03.08 16:13:13 INFO  [INFO] SUCCESS: org.roaringbitmap:shims:jar:0.9.25:runtime (sources = false)
2026.03.08 16:13:13 INFO  [INFO] Resolving artifact: org.roaringbitmap:shims:jar:0.9.25:runtime (sources = true)
2026.03.08 16:13:13 INFO  [INFO] SUCCESS: org.roaringbitmap:shims:jar:0.9.25:runtime (sources = true)
2026.03.08 16:13:13 INFO  [INFO] Resolving artifact: com.fasterxml.jackson.datatype:jackson-datatype-jdk8:jar:2.13.5:compile (sources = false)
2026.03.08 16:13:13 INFO  [INFO] SUCCESS: com.fasterxml.jackson.datatype:jackson-datatype-jdk8:jar:2.13.5:compile (sources = false)
2026.03.08 16:13:13 INFO  [INFO] Resolving artifact: com.fasterxml.jackson.datatype:jackson-datatype-jdk8:jar:2.13.5:compile (sources = true)
2026.03.08 16:13:13 INFO  [INFO] SUCCESS: com.fasterxml.jackson.datatype:jackson-datatype-jdk8:jar:2.13.5:compile (sources = true)
2026.03.08 16:13:13 INFO  [INFO] Resolving artifact: io.delta:delta-kernel-defaults:jar:4.0.0:compile (sources = false)
2026.03.08 16:13:13 INFO  [INFO] SUCCESS: io.delta:delta-kernel-defaults:jar:4.0.0:compile (sources = false)
2026.03.08 16:13:13 INFO  [INFO] Resolving artifact: io.delta:delta-kernel-defaults:jar:4.0.0:compile (sources = true)
2026.03.08 16:13:13 INFO  [INFO] SUCCESS: io.delta:delta-kernel-defaults:jar:4.0.0:compile (sources = true)
2026.03.08 16:13:13 INFO  [INFO] Resolving artifact: io.delta:delta-storage:jar:4.0.0:compile (sources = false)
2026.03.08 16:13:13 INFO  [INFO] SUCCESS: io.delta:delta-storage:jar:4.0.0:compile (sources = false)
2026.03.08 16:13:13 INFO  [INFO] Resolving artifact: io.delta:delta-storage:jar:4.0.0:compile (sources = true)
2026.03.08 16:13:13 INFO  [INFO] SUCCESS: io.delta:delta-storage:jar:4.0.0:compile (sources = true)
2026.03.08 16:13:13 INFO  [INFO] Resolving artifact: org.apache.hadoop:hadoop-client-runtime:jar:3.4.0:compile (sources = false)
2026.03.08 16:13:13 INFO  [INFO] SUCCESS: org.apache.hadoop:hadoop-client-runtime:jar:3.4.0:compile (sources = false)
2026.03.08 16:13:13 INFO  [INFO] Resolving artifact: org.apache.hadoop:hadoop-client-runtime:jar:3.4.0:compile (sources = true)
2026.03.08 16:13:13 INFO  [ERROR] FAILURE org.apache.hadoop:hadoop-client-runtime:jar:3.4.0:compile (sources = true)
2026.03.08 16:13:13 INFO  org.eclipse.aether.resolution.ArtifactResolutionException: The following artifacts could not be resolved: org.apache.hadoop:hadoop-client-runtime:jar:sources:3.4.0 (absent): org.apache.hadoop:hadoop-client-runtime:jar:sources:3.4.0 was not found in https://repo.maven.apache.org/maven2 during a previous attempt. This failure was cached in the local repository and resolution is not reattempted until the update interval of central has elapsed or updates are forced
2026.03.08 16:13:13 INFO      at org.eclipse.aether.internal.impl.DefaultArtifactResolver.resolve (DefaultArtifactResolver.java:473)
2026.03.08 16:13:13 INFO      at org.eclipse.aether.internal.impl.DefaultArtifactResolver.resolveArtifacts (DefaultArtifactResolver.java:261)
2026.03.08 16:13:13 INFO      at org.eclipse.aether.internal.impl.DefaultArtifactResolver.resolveArtifact (DefaultArtifactResolver.java:243)
2026.03.08 16:13:13 INFO      at org.eclipse.aether.internal.impl.DefaultRepositorySystem.resolveArtifact (DefaultRepositorySystem.java:278)
2026.03.08 16:13:13 INFO      at bloop.integrations.maven.MojoImplementation$.bloop$integrations$maven$MojoImplementation$$resolveArtifact$1 (MojoImplementation.scala:115)
2026.03.08 16:13:13 INFO      at bloop.integrations.maven.MojoImplementation$$anonfun$2.applyOrElse (MojoImplementation.scala:240)
2026.03.08 16:13:13 INFO      at bloop.integrations.maven.MojoImplementation$$anonfun$2.applyOrElse (MojoImplementation.scala:222)
2026.03.08 16:13:13 INFO      at scala.collection.StrictOptimizedIterableOps.collect (StrictOptimizedIterableOps.scala:151)
2026.03.08 16:13:13 INFO      at scala.collection.StrictOptimizedIterableOps.collect$ (StrictOptimizedIterableOps.scala:136)
2026.03.08 16:13:13 INFO      at scala.collection.convert.JavaCollectionWrappers$JSetWrapper.collect (JavaCollectionWrappers.scala:180)
2026.03.08 16:13:13 INFO      at bloop.integrations.maven.MojoImplementation$.writeConfig$1 (MojoImplementation.scala:222)
2026.03.08 16:13:13 INFO      at bloop.integrations.maven.MojoImplementation$.writeCompileAndTestConfiguration (MojoImplementation.scala:298)
2026.03.08 16:13:13 INFO      at bloop.integrations.maven.MojoImplementation.writeCompileAndTestConfiguration (MojoImplementation.scala)
2026.03.08 16:13:13 INFO      at bloop.integrations.maven.BloopMojo.execute (BloopMojo.java:105)
2026.03.08 16:13:13 INFO      at org.apache.maven.plugin.DefaultBuildPluginManager.executeMojo (DefaultBuildPluginManager.java:126)
2026.03.08 16:13:13 INFO      at org.apache.maven.lifecycle.internal.MojoExecutor.doExecute2 (MojoExecutor.java:328)
2026.03.08 16:13:13 INFO      at org.apache.maven.lifecycle.internal.MojoExecutor.doExecute (MojoExecutor.java:316)
2026.03.08 16:13:13 INFO      at org.apache.maven.lifecycle.internal.MojoExecutor.execute (MojoExecutor.java:212)
2026.03.08 16:13:13 INFO      at org.apache.maven.lifecycle.internal.MojoExecutor.execute (MojoExecutor.java:174)
2026.03.08 16:13:13 INFO      at org.apache.maven.lifecycle.internal.MojoExecutor.access$000 (MojoExecutor.java:75)
2026.03.08 16:13:13 INFO      at org.apache.maven.lifecycle.internal.MojoExecutor$1.run (MojoExecutor.java:162)
2026.03.08 16:13:13 INFO      at org.apache.maven.plugin.DefaultMojosExecutionStrategy.execute (DefaultMojosExecutionStrategy.java:39)
2026.03.08 16:13:13 INFO      at org.apache.maven.lifecycle.internal.MojoExecutor.execute (MojoExecutor.java:159)
2026.03.08 16:13:13 INFO      at org.apache.maven.lifecycle.internal.LifecycleModuleBuilder.buildProject (LifecycleModuleBuilder.java:105)
2026.03.08 16:13:13 INFO      at org.apache.maven.lifecycle.internal.LifecycleModuleBuilder.buildProject (LifecycleModuleBuilder.java:73)
2026.03.08 16:13:13 INFO      at org.apache.maven.lifecycle.internal.builder.singlethreaded.SingleThreadedBuilder.build (SingleThreadedBuilder.java:53)
2026.03.08 16:13:13 INFO      at org.apache.maven.lifecycle.internal.LifecycleStarter.execute (LifecycleStarter.java:118)
2026.03.08 16:13:13 INFO      at org.apache.maven.DefaultMaven.doExecute (DefaultMaven.java:261)
2026.03.08 16:13:13 INFO      at org.apache.maven.DefaultMaven.doExecute (DefaultMaven.java:173)
2026.03.08 16:13:13 INFO      at org.apache.maven.DefaultMaven.execute (DefaultMaven.java:101)
2026.03.08 16:13:13 INFO      at org.apache.maven.cli.MavenCli.execute (MavenCli.java:906)
2026.03.08 16:13:13 INFO      at org.apache.maven.cli.MavenCli.doMain (MavenCli.java:283)
2026.03.08 16:13:13 INFO      at org.apache.maven.cli.MavenCli.main (MavenCli.java:206)
2026.03.08 16:13:13 INFO      at jdk.internal.reflect.DirectMethodHandleAccessor.invoke (DirectMethodHandleAccessor.java:103)
2026.03.08 16:13:13 INFO      at java.lang.reflect.Method.invoke (Method.java:580)
2026.03.08 16:13:13 INFO      at org.codehaus.plexus.classworlds.launcher.Launcher.launchEnhanced (Launcher.java:255)
2026.03.08 16:13:13 INFO      at org.codehaus.plexus.classworlds.launcher.Launcher.launch (Launcher.java:201)
2026.03.08 16:13:13 INFO      at org.codehaus.plexus.classworlds.launcher.Launcher.mainWithExitCode (Launcher.java:361)
2026.03.08 16:13:13 INFO      at org.codehaus.plexus.classworlds.launcher.Launcher.main (Launcher.java:314)
2026.03.08 16:13:13 INFO      at jdk.internal.reflect.DirectMethodHandleAccessor.invoke (DirectMethodHandleAccessor.java:103)
2026.03.08 16:13:13 INFO      at java.lang.reflect.Method.invoke (Method.java:580)
2026.03.08 16:13:13 INFO      at org.apache.maven.wrapper.BootstrapMainStarter.start (BootstrapMainStarter.java:52)
2026.03.08 16:13:13 INFO      at org.apache.maven.wrapper.WrapperExecutor.execute (WrapperExecutor.java:161)
2026.03.08 16:13:13 INFO      at org.apache.maven.wrapper.MavenWrapperMain.main (MavenWrapperMain.java:73)
2026.03.08 16:13:13 INFO  Caused by: org.eclipse.aether.transfer.ArtifactNotFoundException: org.apache.hadoop:hadoop-client-runtime:jar:sources:3.4.0 was not found in https://repo.maven.apache.org/maven2 during a previous attempt. This failure was cached in the local repository and resolution is not reattempted until the update interval of central has elapsed or updates are forced
2026.03.08 16:13:13 INFO      at org.eclipse.aether.internal.impl.DefaultUpdateCheckManager.newException (DefaultUpdateCheckManager.java:225)
2026.03.08 16:13:13 INFO      at org.eclipse.aether.internal.impl.DefaultUpdateCheckManager.checkArtifact (DefaultUpdateCheckManager.java:201)
2026.03.08 16:13:13 INFO      at org.eclipse.aether.internal.impl.DefaultArtifactResolver.gatherDownloads (DefaultArtifactResolver.java:586)
2026.03.08 16:13:13 INFO      at org.eclipse.aether.internal.impl.DefaultArtifactResolver.performDownloads (DefaultArtifactResolver.java:525)
2026.03.08 16:13:13 INFO      at org.eclipse.aether.internal.impl.DefaultArtifactResolver.resolve (DefaultArtifactResolver.java:449)
2026.03.08 16:13:13 INFO      at org.eclipse.aether.internal.impl.DefaultArtifactResolver.resolveArtifacts (DefaultArtifactResolver.java:261)
2026.03.08 16:13:13 INFO      at org.eclipse.aether.internal.impl.DefaultArtifactResolver.resolveArtifact (DefaultArtifactResolver.java:243)
2026.03.08 16:13:13 INFO      at org.eclipse.aether.internal.impl.DefaultRepositorySystem.resolveArtifact (DefaultRepositorySystem.java:278)
2026.03.08 16:13:13 INFO      at bloop.integrations.maven.MojoImplementation$.bloop$integrations$maven$MojoImplementation$$resolveArtifact$1 (MojoImplementation.scala:115)
2026.03.08 16:13:13 INFO      at bloop.integrations.maven.MojoImplementation$$anonfun$2.applyOrElse (MojoImplementation.scala:240)
2026.03.08 16:13:13 INFO      at bloop.integrations.maven.MojoImplementation$$anonfun$2.applyOrElse (MojoImplementation.scala:222)
2026.03.08 16:13:13 INFO      at scala.collection.StrictOptimizedIterableOps.collect (StrictOptimizedIterableOps.scala:151)
2026.03.08 16:13:13 INFO      at scala.collection.StrictOptimizedIterableOps.collect$ (StrictOptimizedIterableOps.scala:136)
2026.03.08 16:13:13 INFO      at scala.collection.convert.JavaCollectionWrappers$JSetWrapper.collect (JavaCollectionWrappers.scala:180)
2026.03.08 16:13:13 INFO      at bloop.integrations.maven.MojoImplementation$.writeConfig$1 (MojoImplementation.scala:222)
2026.03.08 16:13:13 INFO      at bloop.integrations.maven.MojoImplementation$.writeCompileAndTestConfiguration (MojoImplementation.scala:298)
2026.03.08 16:13:13 INFO      at bloop.integrations.maven.MojoImplementation.writeCompileAndTestConfiguration (MojoImplementation.scala)
2026.03.08 16:13:13 INFO      at bloop.integrations.maven.BloopMojo.execute (BloopMojo.java:105)
2026.03.08 16:13:13 INFO      at org.apache.maven.plugin.DefaultBuildPluginManager.executeMojo (DefaultBuildPluginManager.java:126)
2026.03.08 16:13:13 INFO      at org.apache.maven.lifecycle.internal.MojoExecutor.doExecute2 (MojoExecutor.java:328)
2026.03.08 16:13:13 INFO      at org.apache.maven.lifecycle.internal.MojoExecutor.doExecute (MojoExecutor.java:316)
2026.03.08 16:13:13 INFO      at org.apache.maven.lifecycle.internal.MojoExecutor.execute (MojoExecutor.java:212)
2026.03.08 16:13:13 INFO      at org.apache.maven.lifecycle.internal.MojoExecutor.execute (MojoExecutor.java:174)
2026.03.08 16:13:13 INFO      at org.apache.maven.lifecycle.internal.MojoExecutor.access$000 (MojoExecutor.java:75)
2026.03.08 16:13:13 INFO      at org.apache.maven.lifecycle.internal.MojoExecutor$1.run (MojoExecutor.java:162)
2026.03.08 16:13:13 INFO      at org.apache.maven.plugin.DefaultMojosExecutionStrategy.execute (DefaultMojosExecutionStrategy.java:39)
2026.03.08 16:13:13 INFO      at org.apache.maven.lifecycle.internal.MojoExecutor.execute (MojoExecutor.java:159)
2026.03.08 16:13:13 INFO      at org.apache.maven.lifecycle.internal.LifecycleModuleBuilder.buildProject (LifecycleModuleBuilder.java:105)
2026.03.08 16:13:13 INFO      at org.apache.maven.lifecycle.internal.LifecycleModuleBuilder.buildProject (LifecycleModuleBuilder.java:73)
2026.03.08 16:13:13 INFO      at org.apache.maven.lifecycle.internal.builder.singlethreaded.SingleThreadedBuilder.build (SingleThreadedBuilder.java:53)
2026.03.08 16:13:13 INFO      at org.apache.maven.lifecycle.internal.LifecycleStarter.execute (LifecycleStarter.java:118)
2026.03.08 16:13:13 INFO      at org.apache.maven.DefaultMaven.doExecute (DefaultMaven.java:261)
2026.03.08 16:13:13 INFO      at org.apache.maven.DefaultMaven.doExecute (DefaultMaven.java:173)
2026.03.08 16:13:13 INFO      at org.apache.maven.DefaultMaven.execute (DefaultMaven.java:101)
2026.03.08 16:13:13 INFO      at org.apache.maven.cli.MavenCli.execute (MavenCli.java:906)
2026.03.08 16:13:13 INFO      at org.apache.maven.cli.MavenCli.doMain (MavenCli.java:283)
2026.03.08 16:13:13 INFO      at org.apache.maven.cli.MavenCli.main (MavenCli.java:206)
2026.03.08 16:13:13 INFO      at jdk.internal.reflect.DirectMethodHandleAccessor.invoke (DirectMethodHandleAccessor.java:103)
2026.03.08 16:13:13 INFO      at java.lang.reflect.Method.invoke (Method.java:580)
2026.03.08 16:13:13 INFO      at org.codehaus.plexus.classworlds.launcher.Launcher.launchEnhanced (Launcher.java:255)
2026.03.08 16:13:13 INFO      at org.codehaus.plexus.classworlds.launcher.Launcher.launch (Launcher.java:201)
2026.03.08 16:13:13 INFO      at org.codehaus.plexus.classworlds.launcher.Launcher.mainWithExitCode (Launcher.java:361)
2026.03.08 16:13:13 INFO      at org.codehaus.plexus.classworlds.launcher.Launcher.main (Launcher.java:314)
2026.03.08 16:13:13 INFO      at jdk.internal.reflect.DirectMethodHandleAccessor.invoke (DirectMethodHandleAccessor.java:103)
2026.03.08 16:13:13 INFO      at java.lang.reflect.Method.invoke (Method.java:580)
2026.03.08 16:13:13 INFO      at org.apache.maven.wrapper.BootstrapMainStarter.start (BootstrapMainStarter.java:52)
2026.03.08 16:13:13 INFO      at org.apache.maven.wrapper.WrapperExecutor.execute (WrapperExecutor.java:161)
2026.03.08 16:13:13 INFO      at org.apache.maven.wrapper.MavenWrapperMain.main (MavenWrapperMain.java:73)
2026.03.08 16:13:13 INFO  [INFO] Resolving artifact: org.apache.hadoop:hadoop-client-api:jar:3.4.0:runtime (sources = false)
2026.03.08 16:13:13 INFO  [INFO] SUCCESS: org.apache.hadoop:hadoop-client-api:jar:3.4.0:runtime (sources = false)
2026.03.08 16:13:13 INFO  [INFO] Resolving artifact: org.apache.hadoop:hadoop-client-api:jar:3.4.0:runtime (sources = true)
2026.03.08 16:13:13 INFO  [INFO] SUCCESS: org.apache.hadoop:hadoop-client-api:jar:3.4.0:runtime (sources = true)
2026.03.08 16:13:13 INFO  [INFO] Resolving artifact: org.xerial.snappy:snappy-java:jar:1.1.10.4:compile (sources = false)
2026.03.08 16:13:13 INFO  [INFO] SUCCESS: org.xerial.snappy:snappy-java:jar:1.1.10.4:compile (sources = false)
2026.03.08 16:13:13 INFO  [INFO] Resolving artifact: org.xerial.snappy:snappy-java:jar:1.1.10.4:compile (sources = true)
2026.03.08 16:13:13 INFO  [INFO] SUCCESS: org.xerial.snappy:snappy-java:jar:1.1.10.4:compile (sources = true)
2026.03.08 16:13:13 INFO  [INFO] Resolving artifact: commons-logging:commons-logging:jar:1.2:runtime (sources = false)
2026.03.08 16:13:13 INFO  [INFO] SUCCESS: commons-logging:commons-logging:jar:1.2:runtime (sources = false)
2026.03.08 16:13:13 INFO  [INFO] Resolving artifact: commons-logging:commons-logging:jar:1.2:runtime (sources = true)
2026.03.08 16:13:13 INFO  [INFO] SUCCESS: commons-logging:commons-logging:jar:1.2:runtime (sources = true)
2026.03.08 16:13:13 INFO  [INFO] Resolving artifact: com.google.code.findbugs:jsr305:jar:3.0.2:runtime (sources = false)
2026.03.08 16:13:13 INFO  [INFO] SUCCESS: com.google.code.findbugs:jsr305:jar:3.0.2:runtime (sources = false)
2026.03.08 16:13:13 INFO  [INFO] Resolving artifact: com.google.code.findbugs:jsr305:jar:3.0.2:runtime (sources = true)
2026.03.08 16:13:13 INFO  [INFO] SUCCESS: com.google.code.findbugs:jsr305:jar:3.0.2:runtime (sources = true)
2026.03.08 16:13:13 INFO  [INFO] Resolving artifact: org.apache.parquet:parquet-hadoop:jar:1.12.3:compile (sources = false)
2026.03.08 16:13:13 INFO  [INFO] SUCCESS: org.apache.parquet:parquet-hadoop:jar:1.12.3:compile (sources = false)
2026.03.08 16:13:13 INFO  [INFO] Resolving artifact: org.apache.parquet:parquet-hadoop:jar:1.12.3:compile (sources = true)
2026.03.08 16:13:13 INFO  [INFO] SUCCESS: org.apache.parquet:parquet-hadoop:jar:1.12.3:compile (sources = true)
2026.03.08 16:13:13 INFO  [INFO] Resolving artifact: org.apache.parquet:parquet-column:jar:1.12.3:compile (sources = false)
2026.03.08 16:13:13 INFO  [INFO] SUCCESS: org.apache.parquet:parquet-column:jar:1.12.3:compile (sources = false)
2026.03.08 16:13:13 INFO  [INFO] Resolving artifact: org.apache.parquet:parquet-column:jar:1.12.3:compile (sources = true)
2026.03.08 16:13:13 INFO  [INFO] SUCCESS: org.apache.parquet:parquet-column:jar:1.12.3:compile (sources = true)
2026.03.08 16:13:13 INFO  [INFO] Resolving artifact: org.apache.parquet:parquet-encoding:jar:1.12.3:compile (sources = false)
2026.03.08 16:13:13 INFO  [INFO] SUCCESS: org.apache.parquet:parquet-encoding:jar:1.12.3:compile (sources = false)
2026.03.08 16:13:13 INFO  [INFO] Resolving artifact: org.apache.parquet:parquet-encoding:jar:1.12.3:compile (sources = true)
2026.03.08 16:13:13 INFO  [INFO] SUCCESS: org.apache.parquet:parquet-encoding:jar:1.12.3:compile (sources = true)
2026.03.08 16:13:13 INFO  [INFO] Resolving artifact: org.apache.parquet:parquet-format-structures:jar:1.12.3:compile (sources = false)
2026.03.08 16:13:13 INFO  [INFO] SUCCESS: org.apache.parquet:parquet-format-structures:jar:1.12.3:compile (sources = false)
2026.03.08 16:13:13 INFO  [INFO] Resolving artifact: org.apache.parquet:parquet-format-structures:jar:1.12.3:compile (sources = true)
2026.03.08 16:13:13 INFO  [INFO] SUCCESS: org.apache.parquet:parquet-format-structures:jar:1.12.3:compile (sources = true)
2026.03.08 16:13:13 INFO  [INFO] Resolving artifact: org.apache.parquet:parquet-common:jar:1.12.3:compile (sources = false)
2026.03.08 16:13:13 INFO  [INFO] SUCCESS: org.apache.parquet:parquet-common:jar:1.12.3:compile (sources = false)
2026.03.08 16:13:13 INFO  [INFO] Resolving artifact: org.apache.parquet:parquet-common:jar:1.12.3:compile (sources = true)
2026.03.08 16:13:13 INFO  [INFO] SUCCESS: org.apache.parquet:parquet-common:jar:1.12.3:compile (sources = true)
2026.03.08 16:13:13 INFO  [INFO] Resolving artifact: org.apache.parquet:parquet-jackson:jar:1.12.3:runtime (sources = false)
2026.03.08 16:13:13 INFO  [INFO] SUCCESS: org.apache.parquet:parquet-jackson:jar:1.12.3:runtime (sources = false)
2026.03.08 16:13:13 INFO  [INFO] Resolving artifact: org.apache.parquet:parquet-jackson:jar:1.12.3:runtime (sources = true)
2026.03.08 16:13:13 INFO  [INFO] SUCCESS: org.apache.parquet:parquet-jackson:jar:1.12.3:runtime (sources = true)
2026.03.08 16:13:13 INFO  [INFO] Resolving artifact: commons-pool:commons-pool:jar:1.6:compile (sources = false)
2026.03.08 16:13:13 INFO  [INFO] SUCCESS: commons-pool:commons-pool:jar:1.6:compile (sources = false)
2026.03.08 16:13:13 INFO  [INFO] Resolving artifact: commons-pool:commons-pool:jar:1.6:compile (sources = true)
2026.03.08 16:13:13 INFO  [INFO] SUCCESS: commons-pool:commons-pool:jar:1.6:compile (sources = true)
2026.03.08 16:13:13 INFO  [INFO] Resolving artifact: com.github.luben:zstd-jni:jar:1.5.0-1:compile (sources = false)
2026.03.08 16:13:13 INFO  [INFO] SUCCESS: com.github.luben:zstd-jni:jar:1.5.0-1:compile (sources = false)
2026.03.08 16:13:13 INFO  [INFO] Resolving artifact: com.github.luben:zstd-jni:jar:1.5.0-1:compile (sources = true)
2026.03.08 16:13:13 INFO  [INFO] SUCCESS: com.github.luben:zstd-jni:jar:1.5.0-1:compile (sources = true)
2026.03.08 16:13:13 INFO  [INFO] Resolving artifact: org.apache.yetus:audience-annotations:jar:0.13.0:compile (sources = false)
2026.03.08 16:13:13 INFO  [INFO] SUCCESS: org.apache.yetus:audience-annotations:jar:0.13.0:compile (sources = false)
2026.03.08 16:13:13 INFO  [INFO] Resolving artifact: org.apache.yetus:audience-annotations:jar:0.13.0:compile (sources = true)
2026.03.08 16:13:13 INFO  [INFO] SUCCESS: org.apache.yetus:audience-annotations:jar:0.13.0:compile (sources = true)
2026.03.08 16:13:13 INFO  [INFO] Resolving artifact: org.apache.iceberg:iceberg-api:jar:1.7.0:compile (sources = false)
2026.03.08 16:13:13 INFO  [INFO] SUCCESS: org.apache.iceberg:iceberg-api:jar:1.7.0:compile (sources = false)
2026.03.08 16:13:13 INFO  [INFO] Resolving artifact: org.apache.iceberg:iceberg-api:jar:1.7.0:compile (sources = true)
2026.03.08 16:13:13 INFO  [INFO] SUCCESS: org.apache.iceberg:iceberg-api:jar:1.7.0:compile (sources = true)
2026.03.08 16:13:13 INFO  [INFO] Resolving artifact: org.apache.iceberg:iceberg-bundled-guava:jar:1.7.0:runtime (sources = false)
2026.03.08 16:13:13 INFO  [INFO] SUCCESS: org.apache.iceberg:iceberg-bundled-guava:jar:1.7.0:runtime (sources = false)
2026.03.08 16:13:13 INFO  [INFO] Resolving artifact: org.apache.iceberg:iceberg-bundled-guava:jar:1.7.0:runtime (sources = true)
2026.03.08 16:13:13 INFO  [INFO] SUCCESS: org.apache.iceberg:iceberg-bundled-guava:jar:1.7.0:runtime (sources = true)
2026.03.08 16:13:13 INFO  [INFO] Resolving artifact: org.apache.iceberg:iceberg-core:jar:1.7.0:compile (sources = false)
2026.03.08 16:13:13 INFO  [INFO] SUCCESS: org.apache.iceberg:iceberg-core:jar:1.7.0:compile (sources = false)
2026.03.08 16:13:13 INFO  [INFO] Resolving artifact: org.apache.iceberg:iceberg-core:jar:1.7.0:compile (sources = true)
2026.03.08 16:13:13 INFO  [INFO] SUCCESS: org.apache.iceberg:iceberg-core:jar:1.7.0:compile (sources = true)
2026.03.08 16:13:13 INFO  [INFO] Resolving artifact: org.apache.avro:avro:jar:1.12.0:compile (sources = false)
2026.03.08 16:13:13 INFO  [INFO] SUCCESS: org.apache.avro:avro:jar:1.12.0:compile (sources = false)
2026.03.08 16:13:13 INFO  [INFO] Resolving artifact: org.apache.avro:avro:jar:1.12.0:compile (sources = true)
2026.03.08 16:13:13 INFO  [INFO] SUCCESS: org.apache.avro:avro:jar:1.12.0:compile (sources = true)
2026.03.08 16:13:13 INFO  [INFO] Resolving artifact: org.apache.commons:commons-compress:jar:1.26.2:compile (sources = false)
2026.03.08 16:13:13 INFO  [INFO] SUCCESS: org.apache.commons:commons-compress:jar:1.26.2:compile (sources = false)
2026.03.08 16:13:13 INFO  [INFO] Resolving artifact: org.apache.commons:commons-compress:jar:1.26.2:compile (sources = true)
2026.03.08 16:13:13 INFO  [INFO] SUCCESS: org.apache.commons:commons-compress:jar:1.26.2:compile (sources = true)
2026.03.08 16:13:13 INFO  [INFO] Resolving artifact: commons-codec:commons-codec:jar:1.17.0:compile (sources = false)
2026.03.08 16:13:13 INFO  [INFO] SUCCESS: commons-codec:commons-codec:jar:1.17.0:compile (sources = false)
2026.03.08 16:13:13 INFO  [INFO] Resolving artifact: commons-codec:commons-codec:jar:1.17.0:compile (sources = true)
2026.03.08 16:13:13 INFO  [INFO] SUCCESS: commons-codec:commons-codec:jar:1.17.0:compile (sources = true)
2026.03.08 16:13:13 INFO  [INFO] Resolving artifact: commons-io:commons-io:jar:2.16.1:compile (sources = false)
2026.03.08 16:13:13 INFO  [INFO] SUCCESS: commons-io:commons-io:jar:2.16.1:compile (sources = false)
2026.03.08 16:13:13 INFO  [INFO] Resolving artifact: commons-io:commons-io:jar:2.16.1:compile (sources = true)
2026.03.08 16:13:13 INFO  [INFO] SUCCESS: commons-io:commons-io:jar:2.16.1:compile (sources = true)
2026.03.08 16:13:13 INFO  [INFO] Resolving artifact: org.apache.commons:commons-lang3:jar:3.14.0:compile (sources = false)
2026.03.08 16:13:13 INFO  [INFO] SUCCESS: org.apache.commons:commons-lang3:jar:3.14.0:compile (sources = false)
2026.03.08 16:13:13 INFO  [INFO] Resolving artifact: org.apache.commons:commons-lang3:jar:3.14.0:compile (sources = true)
2026.03.08 16:13:13 INFO  [INFO] SUCCESS: org.apache.commons:commons-lang3:jar:3.14.0:compile (sources = true)
2026.03.08 16:13:13 INFO  [INFO] Resolving artifact: org.apache.iceberg:iceberg-common:jar:1.7.0:runtime (sources = false)
2026.03.08 16:13:13 INFO  [INFO] SUCCESS: org.apache.iceberg:iceberg-common:jar:1.7.0:runtime (sources = false)
2026.03.08 16:13:13 INFO  [INFO] Resolving artifact: org.apache.iceberg:iceberg-common:jar:1.7.0:runtime (sources = true)
2026.03.08 16:13:13 INFO  [INFO] SUCCESS: org.apache.iceberg:iceberg-common:jar:1.7.0:runtime (sources = true)
2026.03.08 16:13:13 INFO  [INFO] Resolving artifact: io.airlift:aircompressor:jar:0.27:runtime (sources = false)
2026.03.08 16:13:13 INFO  [INFO] SUCCESS: io.airlift:aircompressor:jar:0.27:runtime (sources = false)
2026.03.08 16:13:13 INFO  [INFO] Resolving artifact: io.airlift:aircompressor:jar:0.27:runtime (sources = true)
2026.03.08 16:13:13 INFO  [INFO] SUCCESS: io.airlift:aircompressor:jar:0.27:runtime (sources = true)
2026.03.08 16:13:13 INFO  [INFO] Resolving artifact: org.apache.httpcomponents.client5:httpclient5:jar:5.4:runtime (sources = false)
2026.03.08 16:13:13 INFO  [INFO] SUCCESS: org.apache.httpcomponents.client5:httpclient5:jar:5.4:runtime (sources = false)
2026.03.08 16:13:13 INFO  [INFO] Resolving artifact: org.apache.httpcomponents.client5:httpclient5:jar:5.4:runtime (sources = true)
2026.03.08 16:13:13 INFO  [INFO] SUCCESS: org.apache.httpcomponents.client5:httpclient5:jar:5.4:runtime (sources = true)
2026.03.08 16:13:13 INFO  [INFO] Resolving artifact: org.apache.httpcomponents.core5:httpcore5:jar:5.3:runtime (sources = false)
2026.03.08 16:13:13 INFO  [INFO] SUCCESS: org.apache.httpcomponents.core5:httpcore5:jar:5.3:runtime (sources = false)
2026.03.08 16:13:13 INFO  [INFO] Resolving artifact: org.apache.httpcomponents.core5:httpcore5:jar:5.3:runtime (sources = true)
2026.03.08 16:13:13 INFO  [INFO] SUCCESS: org.apache.httpcomponents.core5:httpcore5:jar:5.3:runtime (sources = true)
2026.03.08 16:13:13 INFO  [INFO] Resolving artifact: org.apache.httpcomponents.core5:httpcore5-h2:jar:5.3:runtime (sources = false)
2026.03.08 16:13:13 INFO  [INFO] SUCCESS: org.apache.httpcomponents.core5:httpcore5-h2:jar:5.3:runtime (sources = false)
2026.03.08 16:13:13 INFO  [INFO] Resolving artifact: org.apache.httpcomponents.core5:httpcore5-h2:jar:5.3:runtime (sources = true)
2026.03.08 16:13:13 INFO  [INFO] SUCCESS: org.apache.httpcomponents.core5:httpcore5-h2:jar:5.3:runtime (sources = true)
2026.03.08 16:13:13 INFO  [INFO] Resolving artifact: com.github.ben-manes.caffeine:caffeine:jar:2.9.3:runtime (sources = false)
2026.03.08 16:13:13 INFO  [INFO] SUCCESS: com.github.ben-manes.caffeine:caffeine:jar:2.9.3:runtime (sources = false)
2026.03.08 16:13:13 INFO  [INFO] Resolving artifact: com.github.ben-manes.caffeine:caffeine:jar:2.9.3:runtime (sources = true)
2026.03.08 16:13:13 INFO  [INFO] SUCCESS: com.github.ben-manes.caffeine:caffeine:jar:2.9.3:runtime (sources = true)
2026.03.08 16:13:13 INFO  [INFO] Resolving artifact: com.google.errorprone:error_prone_annotations:jar:2.10.0:runtime (sources = false)
2026.03.08 16:13:13 INFO  [INFO] SUCCESS: com.google.errorprone:error_prone_annotations:jar:2.10.0:runtime (sources = false)
2026.03.08 16:13:13 INFO  [INFO] Resolving artifact: com.google.errorprone:error_prone_annotations:jar:2.10.0:runtime (sources = true)
2026.03.08 16:13:13 INFO  [INFO] SUCCESS: com.google.errorprone:error_prone_annotations:jar:2.10.0:runtime (sources = true)
2026.03.08 16:13:13 INFO  [INFO] Resolving artifact: dev.failsafe:failsafe:jar:3.3.2:runtime (sources = false)
2026.03.08 16:13:13 INFO  [INFO] SUCCESS: dev.failsafe:failsafe:jar:3.3.2:runtime (sources = false)
2026.03.08 16:13:13 INFO  [INFO] Resolving artifact: dev.failsafe:failsafe:jar:3.3.2:runtime (sources = true)
2026.03.08 16:13:13 INFO  [INFO] SUCCESS: dev.failsafe:failsafe:jar:3.3.2:runtime (sources = true)
2026.03.08 16:13:13 INFO  [INFO] Resolving artifact: org.apache.pekko:pekko-connectors-kafka_3:jar:1.1.0:compile (sources = false)
2026.03.08 16:13:13 INFO  [INFO] SUCCESS: org.apache.pekko:pekko-connectors-kafka_3:jar:1.1.0:compile (sources = false)
2026.03.08 16:13:13 INFO  [INFO] Resolving artifact: org.apache.pekko:pekko-connectors-kafka_3:jar:1.1.0:compile (sources = true)
2026.03.08 16:13:13 INFO  [INFO] SUCCESS: org.apache.pekko:pekko-connectors-kafka_3:jar:1.1.0:compile (sources = true)
2026.03.08 16:13:13 INFO  [INFO] Resolving artifact: org.apache.kafka:kafka-clients:jar:3.8.0:compile (sources = false)
2026.03.08 16:13:13 INFO  [INFO] SUCCESS: org.apache.kafka:kafka-clients:jar:3.8.0:compile (sources = false)
2026.03.08 16:13:13 INFO  [INFO] Resolving artifact: org.apache.kafka:kafka-clients:jar:3.8.0:compile (sources = true)
2026.03.08 16:13:13 INFO  [INFO] SUCCESS: org.apache.kafka:kafka-clients:jar:3.8.0:compile (sources = true)
2026.03.08 16:13:13 INFO  [INFO] Resolving artifact: org.lz4:lz4-java:jar:1.8.0:runtime (sources = false)
2026.03.08 16:13:13 INFO  [INFO] SUCCESS: org.lz4:lz4-java:jar:1.8.0:runtime (sources = false)
2026.03.08 16:13:13 INFO  [INFO] Resolving artifact: org.lz4:lz4-java:jar:1.8.0:runtime (sources = true)
2026.03.08 16:13:13 INFO  [INFO] SUCCESS: org.lz4:lz4-java:jar:1.8.0:runtime (sources = true)
2026.03.08 16:13:13 INFO  [INFO] Resolving artifact: org.apache.pekko:pekko-testkit_3:jar:1.1.2:test (sources = false)
2026.03.08 16:13:13 INFO  [INFO] SUCCESS: org.apache.pekko:pekko-testkit_3:jar:1.1.2:test (sources = false)
2026.03.08 16:13:13 INFO  [INFO] Resolving artifact: org.apache.pekko:pekko-testkit_3:jar:1.1.2:test (sources = true)
2026.03.08 16:13:13 INFO  [INFO] SUCCESS: org.apache.pekko:pekko-testkit_3:jar:1.1.2:test (sources = true)
2026.03.08 16:13:13 INFO  [INFO] Resolving artifact: org.apache.pekko:pekko-stream-testkit_3:jar:1.1.2:test (sources = false)
2026.03.08 16:13:13 INFO  [INFO] SUCCESS: org.apache.pekko:pekko-stream-testkit_3:jar:1.1.2:test (sources = false)
2026.03.08 16:13:13 INFO  [INFO] Resolving artifact: org.apache.pekko:pekko-stream-testkit_3:jar:1.1.2:test (sources = true)
2026.03.08 16:13:13 INFO  [INFO] SUCCESS: org.apache.pekko:pekko-stream-testkit_3:jar:1.1.2:test (sources = true)
2026.03.08 16:13:13 INFO  [INFO] Resolving artifact: org.apache.pekko:pekko-http-testkit_3:jar:1.0.1:test (sources = false)
2026.03.08 16:13:13 INFO  [INFO] SUCCESS: org.apache.pekko:pekko-http-testkit_3:jar:1.0.1:test (sources = false)
2026.03.08 16:13:13 INFO  [INFO] Resolving artifact: org.apache.pekko:pekko-http-testkit_3:jar:1.0.1:test (sources = true)
2026.03.08 16:13:13 INFO  [INFO] SUCCESS: org.apache.pekko:pekko-http-testkit_3:jar:1.0.1:test (sources = true)
2026.03.08 16:13:13 INFO  [INFO] Resolving artifact: org.junit.jupiter:junit-jupiter:jar:5.10.2:test (sources = false)
2026.03.08 16:13:13 INFO  [INFO] SUCCESS: org.junit.jupiter:junit-jupiter:jar:5.10.2:test (sources = false)
2026.03.08 16:13:13 INFO  [INFO] Resolving artifact: org.junit.jupiter:junit-jupiter:jar:5.10.2:test (sources = true)
2026.03.08 16:13:13 INFO  [INFO] SUCCESS: org.junit.jupiter:junit-jupiter:jar:5.10.2:test (sources = true)
2026.03.08 16:13:13 INFO  [INFO] Resolving artifact: org.junit.jupiter:junit-jupiter-api:jar:5.10.2:test (sources = false)
2026.03.08 16:13:13 INFO  [INFO] SUCCESS: org.junit.jupiter:junit-jupiter-api:jar:5.10.2:test (sources = false)
2026.03.08 16:13:13 INFO  [INFO] Resolving artifact: org.junit.jupiter:junit-jupiter-api:jar:5.10.2:test (sources = true)
2026.03.08 16:13:13 INFO  [INFO] SUCCESS: org.junit.jupiter:junit-jupiter-api:jar:5.10.2:test (sources = true)
2026.03.08 16:13:13 INFO  [INFO] Resolving artifact: org.opentest4j:opentest4j:jar:1.3.0:test (sources = false)
2026.03.08 16:13:13 INFO  [INFO] SUCCESS: org.opentest4j:opentest4j:jar:1.3.0:test (sources = false)
2026.03.08 16:13:13 INFO  [INFO] Resolving artifact: org.opentest4j:opentest4j:jar:1.3.0:test (sources = true)
2026.03.08 16:13:13 INFO  [INFO] SUCCESS: org.opentest4j:opentest4j:jar:1.3.0:test (sources = true)
2026.03.08 16:13:13 INFO  [INFO] Resolving artifact: org.junit.platform:junit-platform-commons:jar:1.10.2:test (sources = false)
2026.03.08 16:13:13 INFO  [INFO] SUCCESS: org.junit.platform:junit-platform-commons:jar:1.10.2:test (sources = false)
2026.03.08 16:13:13 INFO  [INFO] Resolving artifact: org.junit.platform:junit-platform-commons:jar:1.10.2:test (sources = true)
2026.03.08 16:13:13 INFO  [INFO] SUCCESS: org.junit.platform:junit-platform-commons:jar:1.10.2:test (sources = true)
2026.03.08 16:13:13 INFO  [INFO] Resolving artifact: org.apiguardian:apiguardian-api:jar:1.1.2:test (sources = false)
2026.03.08 16:13:13 INFO  [INFO] SUCCESS: org.apiguardian:apiguardian-api:jar:1.1.2:test (sources = false)
2026.03.08 16:13:13 INFO  [INFO] Resolving artifact: org.apiguardian:apiguardian-api:jar:1.1.2:test (sources = true)
2026.03.08 16:13:13 INFO  [INFO] SUCCESS: org.apiguardian:apiguardian-api:jar:1.1.2:test (sources = true)
2026.03.08 16:13:13 INFO  [INFO] Resolving artifact: org.junit.jupiter:junit-jupiter-params:jar:5.10.2:test (sources = false)
2026.03.08 16:13:13 INFO  [INFO] SUCCESS: org.junit.jupiter:junit-jupiter-params:jar:5.10.2:test (sources = false)
2026.03.08 16:13:13 INFO  [INFO] Resolving artifact: org.junit.jupiter:junit-jupiter-params:jar:5.10.2:test (sources = true)
2026.03.08 16:13:13 INFO  [INFO] SUCCESS: org.junit.jupiter:junit-jupiter-params:jar:5.10.2:test (sources = true)
2026.03.08 16:13:13 INFO  [INFO] Resolving artifact: org.junit.jupiter:junit-jupiter-engine:jar:5.10.2:test (sources = false)
2026.03.08 16:13:13 INFO  [INFO] SUCCESS: org.junit.jupiter:junit-jupiter-engine:jar:5.10.2:test (sources = false)
2026.03.08 16:13:13 INFO  [INFO] Resolving artifact: org.junit.jupiter:junit-jupiter-engine:jar:5.10.2:test (sources = true)
2026.03.08 16:13:13 INFO  [INFO] SUCCESS: org.junit.jupiter:junit-jupiter-engine:jar:5.10.2:test (sources = true)
2026.03.08 16:13:13 INFO  [INFO] Resolving artifact: org.junit.platform:junit-platform-engine:jar:1.10.2:test (sources = false)
2026.03.08 16:13:13 INFO  [INFO] SUCCESS: org.junit.platform:junit-platform-engine:jar:1.10.2:test (sources = false)
2026.03.08 16:13:13 INFO  [INFO] Resolving artifact: org.junit.platform:junit-platform-engine:jar:1.10.2:test (sources = true)
2026.03.08 16:13:13 INFO  [INFO] SUCCESS: org.junit.platform:junit-platform-engine:jar:1.10.2:test (sources = true)
2026.03.08 16:13:13 INFO  [INFO] Resolving artifact: org.mockito:mockito-core:jar:5.14.2:test (sources = false)
2026.03.08 16:13:13 INFO  [INFO] SUCCESS: org.mockito:mockito-core:jar:5.14.2:test (sources = false)
2026.03.08 16:13:13 INFO  [INFO] Resolving artifact: org.mockito:mockito-core:jar:5.14.2:test (sources = true)
2026.03.08 16:13:13 INFO  [INFO] SUCCESS: org.mockito:mockito-core:jar:5.14.2:test (sources = true)
2026.03.08 16:13:13 INFO  [INFO] Resolving artifact: net.bytebuddy:byte-buddy:jar:1.15.4:test (sources = false)
2026.03.08 16:13:13 INFO  [INFO] SUCCESS: net.bytebuddy:byte-buddy:jar:1.15.4:test (sources = false)
2026.03.08 16:13:13 INFO  [INFO] Resolving artifact: net.bytebuddy:byte-buddy:jar:1.15.4:test (sources = true)
2026.03.08 16:13:13 INFO  [INFO] SUCCESS: net.bytebuddy:byte-buddy:jar:1.15.4:test (sources = true)
2026.03.08 16:13:13 INFO  [INFO] Resolving artifact: net.bytebuddy:byte-buddy-agent:jar:1.15.4:test (sources = false)
2026.03.08 16:13:13 INFO  [INFO] SUCCESS: net.bytebuddy:byte-buddy-agent:jar:1.15.4:test (sources = false)
2026.03.08 16:13:13 INFO  [INFO] Resolving artifact: net.bytebuddy:byte-buddy-agent:jar:1.15.4:test (sources = true)
2026.03.08 16:13:13 INFO  [INFO] SUCCESS: net.bytebuddy:byte-buddy-agent:jar:1.15.4:test (sources = true)
2026.03.08 16:13:13 INFO  [INFO] Resolving artifact: org.objenesis:objenesis:jar:3.3:test (sources = false)
2026.03.08 16:13:13 INFO  [INFO] SUCCESS: org.objenesis:objenesis:jar:3.3:test (sources = false)
2026.03.08 16:13:13 INFO  [INFO] Resolving artifact: org.objenesis:objenesis:jar:3.3:test (sources = true)
2026.03.08 16:13:13 INFO  [INFO] SUCCESS: org.objenesis:objenesis:jar:3.3:test (sources = true)
2026.03.08 16:13:13 INFO  [INFO] Resolving artifact: org.mockito:mockito-junit-jupiter:jar:5.14.2:test (sources = false)
2026.03.08 16:13:13 INFO  [INFO] SUCCESS: org.mockito:mockito-junit-jupiter:jar:5.14.2:test (sources = false)
2026.03.08 16:13:13 INFO  [INFO] Resolving artifact: org.mockito:mockito-junit-jupiter:jar:5.14.2:test (sources = true)
2026.03.08 16:13:13 INFO  [INFO] SUCCESS: org.mockito:mockito-junit-jupiter:jar:5.14.2:test (sources = true)
2026.03.08 16:13:13 INFO  [INFO] Generated .bloop/replay.json
2026.03.08 16:13:13 INFO  [INFO] Resolving artifact: org.apache.pekko:pekko-actor_3:jar:1.1.2:compile (sources = false)
2026.03.08 16:13:13 INFO  [INFO] SUCCESS: org.apache.pekko:pekko-actor_3:jar:1.1.2:compile (sources = false)
2026.03.08 16:13:13 INFO  [INFO] Resolving artifact: org.apache.pekko:pekko-actor_3:jar:1.1.2:compile (sources = true)
2026.03.08 16:13:13 INFO  [INFO] SUCCESS: org.apache.pekko:pekko-actor_3:jar:1.1.2:compile (sources = true)
2026.03.08 16:13:13 INFO  [INFO] Resolving artifact: org.scala-lang:scala3-library_3:jar:3.3.3:compile (sources = false)
2026.03.08 16:13:13 INFO  [INFO] SUCCESS: org.scala-lang:scala3-library_3:jar:3.3.3:compile (sources = false)
2026.03.08 16:13:13 INFO  [INFO] Resolving artifact: org.scala-lang:scala3-library_3:jar:3.3.3:compile (sources = true)
2026.03.08 16:13:13 INFO  [INFO] SUCCESS: org.scala-lang:scala3-library_3:jar:3.3.3:compile (sources = true)
2026.03.08 16:13:13 INFO  [INFO] Resolving artifact: org.scala-lang:scala-library:jar:2.13.12:compile (sources = false)
2026.03.08 16:13:13 INFO  [INFO] SUCCESS: org.scala-lang:scala-library:jar:2.13.12:compile (sources = false)
2026.03.08 16:13:13 INFO  [INFO] Resolving artifact: org.scala-lang:scala-library:jar:2.13.12:compile (sources = true)
2026.03.08 16:13:13 INFO  [INFO] SUCCESS: org.scala-lang:scala-library:jar:2.13.12:compile (sources = true)
2026.03.08 16:13:13 INFO  [INFO] Resolving artifact: com.typesafe:config:jar:1.4.3:compile (sources = false)
2026.03.08 16:13:13 INFO  [INFO] SUCCESS: com.typesafe:config:jar:1.4.3:compile (sources = false)
2026.03.08 16:13:13 INFO  [INFO] Resolving artifact: com.typesafe:config:jar:1.4.3:compile (sources = true)
2026.03.08 16:13:13 INFO  [INFO] SUCCESS: com.typesafe:config:jar:1.4.3:compile (sources = true)
2026.03.08 16:13:13 INFO  [INFO] Resolving artifact: org.apache.pekko:pekko-stream_3:jar:1.1.2:compile (sources = false)
2026.03.08 16:13:13 INFO  [INFO] SUCCESS: org.apache.pekko:pekko-stream_3:jar:1.1.2:compile (sources = false)
2026.03.08 16:13:13 INFO  [INFO] Resolving artifact: org.apache.pekko:pekko-stream_3:jar:1.1.2:compile (sources = true)
2026.03.08 16:13:13 INFO  [INFO] SUCCESS: org.apache.pekko:pekko-stream_3:jar:1.1.2:compile (sources = true)
2026.03.08 16:13:13 INFO  [INFO] Resolving artifact: org.apache.pekko:pekko-protobuf-v3_3:jar:1.1.2:compile (sources = false)
2026.03.08 16:13:13 INFO  [INFO] SUCCESS: org.apache.pekko:pekko-protobuf-v3_3:jar:1.1.2:compile (sources = false)
2026.03.08 16:13:13 INFO  [INFO] Resolving artifact: org.apache.pekko:pekko-protobuf-v3_3:jar:1.1.2:compile (sources = true)
2026.03.08 16:13:13 INFO  [INFO] SUCCESS: org.apache.pekko:pekko-protobuf-v3_3:jar:1.1.2:compile (sources = true)
2026.03.08 16:13:13 INFO  [INFO] Resolving artifact: org.reactivestreams:reactive-streams:jar:1.0.4:compile (sources = false)
2026.03.08 16:13:13 INFO  [INFO] SUCCESS: org.reactivestreams:reactive-streams:jar:1.0.4:compile (sources = false)
2026.03.08 16:13:13 INFO  [INFO] Resolving artifact: org.reactivestreams:reactive-streams:jar:1.0.4:compile (sources = true)
2026.03.08 16:13:13 INFO  [INFO] SUCCESS: org.reactivestreams:reactive-streams:jar:1.0.4:compile (sources = true)
2026.03.08 16:13:13 INFO  [INFO] Resolving artifact: com.typesafe:ssl-config-core_3:jar:0.6.1:compile (sources = false)
2026.03.08 16:13:13 INFO  [INFO] SUCCESS: com.typesafe:ssl-config-core_3:jar:0.6.1:compile (sources = false)
2026.03.08 16:13:13 INFO  [INFO] Resolving artifact: com.typesafe:ssl-config-core_3:jar:0.6.1:compile (sources = true)
2026.03.08 16:13:13 INFO  [INFO] SUCCESS: com.typesafe:ssl-config-core_3:jar:0.6.1:compile (sources = true)
2026.03.08 16:13:13 INFO  [INFO] Resolving artifact: org.apache.pekko:pekko-http_3:jar:1.0.1:compile (sources = false)
2026.03.08 16:13:13 INFO  [INFO] SUCCESS: org.apache.pekko:pekko-http_3:jar:1.0.1:compile (sources = false)
2026.03.08 16:13:13 INFO  [INFO] Resolving artifact: org.apache.pekko:pekko-http_3:jar:1.0.1:compile (sources = true)
2026.03.08 16:13:13 INFO  [INFO] SUCCESS: org.apache.pekko:pekko-http_3:jar:1.0.1:compile (sources = true)
2026.03.08 16:13:13 INFO  [INFO] Resolving artifact: org.apache.pekko:pekko-http-core_3:jar:1.0.1:compile (sources = false)
2026.03.08 16:13:13 INFO  [INFO] SUCCESS: org.apache.pekko:pekko-http-core_3:jar:1.0.1:compile (sources = false)
2026.03.08 16:13:13 INFO  [INFO] Resolving artifact: org.apache.pekko:pekko-http-core_3:jar:1.0.1:compile (sources = true)
2026.03.08 16:13:13 INFO  [INFO] SUCCESS: org.apache.pekko:pekko-http-core_3:jar:1.0.1:compile (sources = true)
2026.03.08 16:13:13 INFO  [INFO] Resolving artifact: org.apache.pekko:pekko-parsing_3:jar:1.0.1:compile (sources = false)
2026.03.08 16:13:13 INFO  [INFO] SUCCESS: org.apache.pekko:pekko-parsing_3:jar:1.0.1:compile (sources = false)
2026.03.08 16:13:13 INFO  [INFO] Resolving artifact: org.apache.pekko:pekko-parsing_3:jar:1.0.1:compile (sources = true)
2026.03.08 16:13:13 INFO  [INFO] SUCCESS: org.apache.pekko:pekko-parsing_3:jar:1.0.1:compile (sources = true)
2026.03.08 16:13:13 INFO  [INFO] Resolving artifact: org.parboiled:parboiled_3:jar:2.5.0:compile (sources = false)
2026.03.08 16:13:13 INFO  [INFO] SUCCESS: org.parboiled:parboiled_3:jar:2.5.0:compile (sources = false)
2026.03.08 16:13:13 INFO  [INFO] Resolving artifact: org.parboiled:parboiled_3:jar:2.5.0:compile (sources = true)
2026.03.08 16:13:13 INFO  [INFO] SUCCESS: org.parboiled:parboiled_3:jar:2.5.0:compile (sources = true)
2026.03.08 16:13:13 INFO  [INFO] Resolving artifact: org.apache.pekko:pekko-http-jackson_3:jar:1.0.1:compile (sources = false)
2026.03.08 16:13:13 INFO  [INFO] SUCCESS: org.apache.pekko:pekko-http-jackson_3:jar:1.0.1:compile (sources = false)
2026.03.08 16:13:13 INFO  [INFO] Resolving artifact: org.apache.pekko:pekko-http-jackson_3:jar:1.0.1:compile (sources = true)
2026.03.08 16:13:13 INFO  [INFO] SUCCESS: org.apache.pekko:pekko-http-jackson_3:jar:1.0.1:compile (sources = true)
2026.03.08 16:13:13 INFO  [INFO] Resolving artifact: org.apache.pekko:pekko-slf4j_3:jar:1.1.2:compile (sources = false)
2026.03.08 16:13:13 INFO  [INFO] SUCCESS: org.apache.pekko:pekko-slf4j_3:jar:1.1.2:compile (sources = false)
2026.03.08 16:13:13 INFO  [INFO] Resolving artifact: org.apache.pekko:pekko-slf4j_3:jar:1.1.2:compile (sources = true)
2026.03.08 16:13:13 INFO  [INFO] SUCCESS: org.apache.pekko:pekko-slf4j_3:jar:1.1.2:compile (sources = true)
2026.03.08 16:13:13 INFO  [INFO] Resolving artifact: org.slf4j:slf4j-api:jar:2.0.16:compile (sources = false)
2026.03.08 16:13:13 INFO  [INFO] SUCCESS: org.slf4j:slf4j-api:jar:2.0.16:compile (sources = false)
2026.03.08 16:13:13 INFO  [INFO] Resolving artifact: org.slf4j:slf4j-api:jar:2.0.16:compile (sources = true)
2026.03.08 16:13:13 INFO  [INFO] SUCCESS: org.slf4j:slf4j-api:jar:2.0.16:compile (sources = true)
2026.03.08 16:13:13 INFO  [INFO] Resolving artifact: com.fasterxml.jackson.core:jackson-databind:jar:2.17.2:compile (sources = false)
2026.03.08 16:13:13 INFO  [INFO] SUCCESS: com.fasterxml.jackson.core:jackson-databind:jar:2.17.2:compile (sources = false)
2026.03.08 16:13:13 INFO  [INFO] Resolving artifact: com.fasterxml.jackson.core:jackson-databind:jar:2.17.2:compile (sources = true)
2026.03.08 16:13:13 INFO  [INFO] SUCCESS: com.fasterxml.jackson.core:jackson-databind:jar:2.17.2:compile (sources = true)
2026.03.08 16:13:13 INFO  [INFO] Resolving artifact: com.fasterxml.jackson.core:jackson-core:jar:2.17.2:compile (sources = false)
2026.03.08 16:13:13 INFO  [INFO] SUCCESS: com.fasterxml.jackson.core:jackson-core:jar:2.17.2:compile (sources = false)
2026.03.08 16:13:13 INFO  [INFO] Resolving artifact: com.fasterxml.jackson.core:jackson-core:jar:2.17.2:compile (sources = true)
2026.03.08 16:13:13 INFO  [INFO] SUCCESS: com.fasterxml.jackson.core:jackson-core:jar:2.17.2:compile (sources = true)
2026.03.08 16:13:13 INFO  [INFO] Resolving artifact: com.fasterxml.jackson.core:jackson-annotations:jar:2.17.2:compile (sources = false)
2026.03.08 16:13:13 INFO  [INFO] SUCCESS: com.fasterxml.jackson.core:jackson-annotations:jar:2.17.2:compile (sources = false)
2026.03.08 16:13:13 INFO  [INFO] Resolving artifact: com.fasterxml.jackson.core:jackson-annotations:jar:2.17.2:compile (sources = true)
2026.03.08 16:13:13 INFO  [INFO] SUCCESS: com.fasterxml.jackson.core:jackson-annotations:jar:2.17.2:compile (sources = true)
2026.03.08 16:13:13 INFO  [INFO] Resolving artifact: com.fasterxml.jackson.datatype:jackson-datatype-jsr310:jar:2.17.2:compile (sources = false)
2026.03.08 16:13:13 INFO  [INFO] SUCCESS: com.fasterxml.jackson.datatype:jackson-datatype-jsr310:jar:2.17.2:compile (sources = false)
2026.03.08 16:13:13 INFO  [INFO] Resolving artifact: com.fasterxml.jackson.datatype:jackson-datatype-jsr310:jar:2.17.2:compile (sources = true)
2026.03.08 16:13:13 INFO  [INFO] SUCCESS: com.fasterxml.jackson.datatype:jackson-datatype-jsr310:jar:2.17.2:compile (sources = true)
2026.03.08 16:13:13 INFO  [INFO] Resolving artifact: org.postgresql:postgresql:jar:42.7.3:compile (sources = false)
2026.03.08 16:13:13 INFO  [INFO] SUCCESS: org.postgresql:postgresql:jar:42.7.3:compile (sources = false)
2026.03.08 16:13:13 INFO  [INFO] Resolving artifact: org.postgresql:postgresql:jar:42.7.3:compile (sources = true)
2026.03.08 16:13:13 INFO  [INFO] SUCCESS: org.postgresql:postgresql:jar:42.7.3:compile (sources = true)
2026.03.08 16:13:13 INFO  [INFO] Resolving artifact: org.checkerframework:checker-qual:jar:3.42.0:runtime (sources = false)
2026.03.08 16:13:13 INFO  [INFO] SUCCESS: org.checkerframework:checker-qual:jar:3.42.0:runtime (sources = false)
2026.03.08 16:13:13 INFO  [INFO] Resolving artifact: org.checkerframework:checker-qual:jar:3.42.0:runtime (sources = true)
2026.03.08 16:13:13 INFO  [INFO] SUCCESS: org.checkerframework:checker-qual:jar:3.42.0:runtime (sources = true)
2026.03.08 16:13:13 INFO  [INFO] Resolving artifact: io.delta:delta-kernel-api:jar:4.0.0:compile (sources = false)
2026.03.08 16:13:13 INFO  [INFO] SUCCESS: io.delta:delta-kernel-api:jar:4.0.0:compile (sources = false)
2026.03.08 16:13:13 INFO  [INFO] Resolving artifact: io.delta:delta-kernel-api:jar:4.0.0:compile (sources = true)
2026.03.08 16:13:13 INFO  [INFO] SUCCESS: io.delta:delta-kernel-api:jar:4.0.0:compile (sources = true)
2026.03.08 16:13:13 INFO  [INFO] Resolving artifact: org.roaringbitmap:RoaringBitmap:jar:0.9.25:compile (sources = false)
2026.03.08 16:13:13 INFO  [INFO] SUCCESS: org.roaringbitmap:RoaringBitmap:jar:0.9.25:compile (sources = false)
2026.03.08 16:13:13 INFO  [INFO] Resolving artifact: org.roaringbitmap:RoaringBitmap:jar:0.9.25:compile (sources = true)
2026.03.08 16:13:13 INFO  [INFO] SUCCESS: org.roaringbitmap:RoaringBitmap:jar:0.9.25:compile (sources = true)
2026.03.08 16:13:13 INFO  [INFO] Resolving artifact: org.roaringbitmap:shims:jar:0.9.25:runtime (sources = false)
2026.03.08 16:13:13 INFO  [INFO] SUCCESS: org.roaringbitmap:shims:jar:0.9.25:runtime (sources = false)
2026.03.08 16:13:13 INFO  [INFO] Resolving artifact: org.roaringbitmap:shims:jar:0.9.25:runtime (sources = true)
2026.03.08 16:13:13 INFO  [INFO] SUCCESS: org.roaringbitmap:shims:jar:0.9.25:runtime (sources = true)
2026.03.08 16:13:13 INFO  [INFO] Resolving artifact: com.fasterxml.jackson.datatype:jackson-datatype-jdk8:jar:2.13.5:compile (sources = false)
2026.03.08 16:13:13 INFO  [INFO] SUCCESS: com.fasterxml.jackson.datatype:jackson-datatype-jdk8:jar:2.13.5:compile (sources = false)
2026.03.08 16:13:13 INFO  [INFO] Resolving artifact: com.fasterxml.jackson.datatype:jackson-datatype-jdk8:jar:2.13.5:compile (sources = true)
2026.03.08 16:13:13 INFO  [INFO] SUCCESS: com.fasterxml.jackson.datatype:jackson-datatype-jdk8:jar:2.13.5:compile (sources = true)
2026.03.08 16:13:13 INFO  [INFO] Resolving artifact: io.delta:delta-kernel-defaults:jar:4.0.0:compile (sources = false)
2026.03.08 16:13:13 INFO  [INFO] SUCCESS: io.delta:delta-kernel-defaults:jar:4.0.0:compile (sources = false)
2026.03.08 16:13:13 INFO  [INFO] Resolving artifact: io.delta:delta-kernel-defaults:jar:4.0.0:compile (sources = true)
2026.03.08 16:13:13 INFO  [INFO] SUCCESS: io.delta:delta-kernel-defaults:jar:4.0.0:compile (sources = true)
2026.03.08 16:13:13 INFO  [INFO] Resolving artifact: io.delta:delta-storage:jar:4.0.0:compile (sources = false)
2026.03.08 16:13:13 INFO  [INFO] SUCCESS: io.delta:delta-storage:jar:4.0.0:compile (sources = false)
2026.03.08 16:13:13 INFO  [INFO] Resolving artifact: io.delta:delta-storage:jar:4.0.0:compile (sources = true)
2026.03.08 16:13:13 INFO  [INFO] SUCCESS: io.delta:delta-storage:jar:4.0.0:compile (sources = true)
2026.03.08 16:13:13 INFO  [INFO] Resolving artifact: org.apache.hadoop:hadoop-client-runtime:jar:3.4.0:compile (sources = false)
2026.03.08 16:13:13 INFO  [INFO] SUCCESS: org.apache.hadoop:hadoop-client-runtime:jar:3.4.0:compile (sources = false)
2026.03.08 16:13:13 INFO  [INFO] Resolving artifact: org.apache.hadoop:hadoop-client-runtime:jar:3.4.0:compile (sources = true)
2026.03.08 16:13:13 INFO  [ERROR] FAILURE org.apache.hadoop:hadoop-client-runtime:jar:3.4.0:compile (sources = true)
2026.03.08 16:13:13 INFO  org.eclipse.aether.resolution.ArtifactResolutionException: The following artifacts could not be resolved: org.apache.hadoop:hadoop-client-runtime:jar:sources:3.4.0 (absent): org.apache.hadoop:hadoop-client-runtime:jar:sources:3.4.0 was not found in https://repo.maven.apache.org/maven2 during a previous attempt. This failure was cached in the local repository and resolution is not reattempted until the update interval of central has elapsed or updates are forced
2026.03.08 16:13:13 INFO      at org.eclipse.aether.internal.impl.DefaultArtifactResolver.resolve (DefaultArtifactResolver.java:473)
2026.03.08 16:13:13 INFO      at org.eclipse.aether.internal.impl.DefaultArtifactResolver.resolveArtifacts (DefaultArtifactResolver.java:261)
2026.03.08 16:13:13 INFO      at org.eclipse.aether.internal.impl.DefaultArtifactResolver.resolveArtifact (DefaultArtifactResolver.java:243)
2026.03.08 16:13:13 INFO      at org.eclipse.aether.internal.impl.DefaultRepositorySystem.resolveArtifact (DefaultRepositorySystem.java:278)
2026.03.08 16:13:13 INFO      at bloop.integrations.maven.MojoImplementation$.bloop$integrations$maven$MojoImplementation$$resolveArtifact$1 (MojoImplementation.scala:115)
2026.03.08 16:13:13 INFO      at bloop.integrations.maven.MojoImplementation$$anonfun$2.applyOrElse (MojoImplementation.scala:240)
2026.03.08 16:13:13 INFO      at bloop.integrations.maven.MojoImplementation$$anonfun$2.applyOrElse (MojoImplementation.scala:222)
2026.03.08 16:13:13 INFO      at scala.collection.StrictOptimizedIterableOps.collect (StrictOptimizedIterableOps.scala:151)
2026.03.08 16:13:13 INFO      at scala.collection.StrictOptimizedIterableOps.collect$ (StrictOptimizedIterableOps.scala:136)
2026.03.08 16:13:13 INFO      at scala.collection.convert.JavaCollectionWrappers$JSetWrapper.collect (JavaCollectionWrappers.scala:180)
2026.03.08 16:13:13 INFO      at bloop.integrations.maven.MojoImplementation$.writeConfig$1 (MojoImplementation.scala:222)
2026.03.08 16:13:13 INFO      at bloop.integrations.maven.MojoImplementation$.writeCompileAndTestConfiguration (MojoImplementation.scala:307)
2026.03.08 16:13:13 INFO      at bloop.integrations.maven.MojoImplementation.writeCompileAndTestConfiguration (MojoImplementation.scala)
2026.03.08 16:13:13 INFO      at bloop.integrations.maven.BloopMojo.execute (BloopMojo.java:105)
2026.03.08 16:13:13 INFO      at org.apache.maven.plugin.DefaultBuildPluginManager.executeMojo (DefaultBuildPluginManager.java:126)
2026.03.08 16:13:13 INFO      at org.apache.maven.lifecycle.internal.MojoExecutor.doExecute2 (MojoExecutor.java:328)
2026.03.08 16:13:13 INFO      at org.apache.maven.lifecycle.internal.MojoExecutor.doExecute (MojoExecutor.java:316)
2026.03.08 16:13:13 INFO      at org.apache.maven.lifecycle.internal.MojoExecutor.execute (MojoExecutor.java:212)
2026.03.08 16:13:13 INFO      at org.apache.maven.lifecycle.internal.MojoExecutor.execute (MojoExecutor.java:174)
2026.03.08 16:13:13 INFO      at org.apache.maven.lifecycle.internal.MojoExecutor.access$000 (MojoExecutor.java:75)
2026.03.08 16:13:13 INFO      at org.apache.maven.lifecycle.internal.MojoExecutor$1.run (MojoExecutor.java:162)
2026.03.08 16:13:13 INFO      at org.apache.maven.plugin.DefaultMojosExecutionStrategy.execute (DefaultMojosExecutionStrategy.java:39)
2026.03.08 16:13:13 INFO      at org.apache.maven.lifecycle.internal.MojoExecutor.execute (MojoExecutor.java:159)
2026.03.08 16:13:13 INFO      at org.apache.maven.lifecycle.internal.LifecycleModuleBuilder.buildProject (LifecycleModuleBuilder.java:105)
2026.03.08 16:13:13 INFO      at org.apache.maven.lifecycle.internal.LifecycleModuleBuilder.buildProject (LifecycleModuleBuilder.java:73)
2026.03.08 16:13:13 INFO      at org.apache.maven.lifecycle.internal.builder.singlethreaded.SingleThreadedBuilder.build (SingleThreadedBuilder.java:53)
2026.03.08 16:13:13 INFO      at org.apache.maven.lifecycle.internal.LifecycleStarter.execute (LifecycleStarter.java:118)
2026.03.08 16:13:13 INFO      at org.apache.maven.DefaultMaven.doExecute (DefaultMaven.java:261)
2026.03.08 16:13:13 INFO      at org.apache.maven.DefaultMaven.doExecute (DefaultMaven.java:173)
2026.03.08 16:13:13 INFO      at org.apache.maven.DefaultMaven.execute (DefaultMaven.java:101)
2026.03.08 16:13:13 INFO      at org.apache.maven.cli.MavenCli.execute (MavenCli.java:906)
2026.03.08 16:13:13 INFO      at org.apache.maven.cli.MavenCli.doMain (MavenCli.java:283)
2026.03.08 16:13:13 INFO      at org.apache.maven.cli.MavenCli.main (MavenCli.java:206)
2026.03.08 16:13:13 INFO      at jdk.internal.reflect.DirectMethodHandleAccessor.invoke (DirectMethodHandleAccessor.java:103)
2026.03.08 16:13:13 INFO      at java.lang.reflect.Method.invoke (Method.java:580)
2026.03.08 16:13:13 INFO      at org.codehaus.plexus.classworlds.launcher.Launcher.launchEnhanced (Launcher.java:255)
2026.03.08 16:13:13 INFO      at org.codehaus.plexus.classworlds.launcher.Launcher.launch (Launcher.java:201)
2026.03.08 16:13:13 INFO      at org.codehaus.plexus.classworlds.launcher.Launcher.mainWithExitCode (Launcher.java:361)
2026.03.08 16:13:13 INFO      at org.codehaus.plexus.classworlds.launcher.Launcher.main (Launcher.java:314)
2026.03.08 16:13:13 INFO      at jdk.internal.reflect.DirectMethodHandleAccessor.invoke (DirectMethodHandleAccessor.java:103)
2026.03.08 16:13:13 INFO      at java.lang.reflect.Method.invoke (Method.java:580)
2026.03.08 16:13:13 INFO      at org.apache.maven.wrapper.BootstrapMainStarter.start (BootstrapMainStarter.java:52)
2026.03.08 16:13:13 INFO      at org.apache.maven.wrapper.WrapperExecutor.execute (WrapperExecutor.java:161)
2026.03.08 16:13:13 INFO      at org.apache.maven.wrapper.MavenWrapperMain.main (MavenWrapperMain.java:73)
2026.03.08 16:13:13 INFO  Caused by: org.eclipse.aether.transfer.ArtifactNotFoundException: org.apache.hadoop:hadoop-client-runtime:jar:sources:3.4.0 was not found in https://repo.maven.apache.org/maven2 during a previous attempt. This failure was cached in the local repository and resolution is not reattempted until the update interval of central has elapsed or updates are forced
2026.03.08 16:13:13 INFO      at org.eclipse.aether.internal.impl.DefaultUpdateCheckManager.newException (DefaultUpdateCheckManager.java:225)
2026.03.08 16:13:13 INFO      at org.eclipse.aether.internal.impl.DefaultUpdateCheckManager.checkArtifact (DefaultUpdateCheckManager.java:201)
2026.03.08 16:13:13 INFO      at org.eclipse.aether.internal.impl.DefaultArtifactResolver.gatherDownloads (DefaultArtifactResolver.java:586)
2026.03.08 16:13:13 INFO      at org.eclipse.aether.internal.impl.DefaultArtifactResolver.performDownloads (DefaultArtifactResolver.java:525)
2026.03.08 16:13:13 INFO      at org.eclipse.aether.internal.impl.DefaultArtifactResolver.resolve (DefaultArtifactResolver.java:449)
2026.03.08 16:13:13 INFO      at org.eclipse.aether.internal.impl.DefaultArtifactResolver.resolveArtifacts (DefaultArtifactResolver.java:261)
2026.03.08 16:13:13 INFO      at org.eclipse.aether.internal.impl.DefaultArtifactResolver.resolveArtifact (DefaultArtifactResolver.java:243)
2026.03.08 16:13:13 INFO      at org.eclipse.aether.internal.impl.DefaultRepositorySystem.resolveArtifact (DefaultRepositorySystem.java:278)
2026.03.08 16:13:13 INFO      at bloop.integrations.maven.MojoImplementation$.bloop$integrations$maven$MojoImplementation$$resolveArtifact$1 (MojoImplementation.scala:115)
2026.03.08 16:13:13 INFO      at bloop.integrations.maven.MojoImplementation$$anonfun$2.applyOrElse (MojoImplementation.scala:240)
2026.03.08 16:13:13 INFO      at bloop.integrations.maven.MojoImplementation$$anonfun$2.applyOrElse (MojoImplementation.scala:222)
2026.03.08 16:13:13 INFO      at scala.collection.StrictOptimizedIterableOps.collect (StrictOptimizedIterableOps.scala:151)
2026.03.08 16:13:13 INFO      at scala.collection.StrictOptimizedIterableOps.collect$ (StrictOptimizedIterableOps.scala:136)
2026.03.08 16:13:13 INFO      at scala.collection.convert.JavaCollectionWrappers$JSetWrapper.collect (JavaCollectionWrappers.scala:180)
2026.03.08 16:13:13 INFO      at bloop.integrations.maven.MojoImplementation$.writeConfig$1 (MojoImplementation.scala:222)
2026.03.08 16:13:13 INFO      at bloop.integrations.maven.MojoImplementation$.writeCompileAndTestConfiguration (MojoImplementation.scala:307)
2026.03.08 16:13:13 INFO      at bloop.integrations.maven.MojoImplementation.writeCompileAndTestConfiguration (MojoImplementation.scala)
2026.03.08 16:13:13 INFO      at bloop.integrations.maven.BloopMojo.execute (BloopMojo.java:105)
2026.03.08 16:13:13 INFO      at org.apache.maven.plugin.DefaultBuildPluginManager.executeMojo (DefaultBuildPluginManager.java:126)
2026.03.08 16:13:13 INFO      at org.apache.maven.lifecycle.internal.MojoExecutor.doExecute2 (MojoExecutor.java:328)
2026.03.08 16:13:13 INFO      at org.apache.maven.lifecycle.internal.MojoExecutor.doExecute (MojoExecutor.java:316)
2026.03.08 16:13:13 INFO      at org.apache.maven.lifecycle.internal.MojoExecutor.execute (MojoExecutor.java:212)
2026.03.08 16:13:13 INFO      at org.apache.maven.lifecycle.internal.MojoExecutor.execute (MojoExecutor.java:174)
2026.03.08 16:13:13 INFO      at org.apache.maven.lifecycle.internal.MojoExecutor.access$000 (MojoExecutor.java:75)
2026.03.08 16:13:13 INFO      at org.apache.maven.lifecycle.internal.MojoExecutor$1.run (MojoExecutor.java:162)
2026.03.08 16:13:13 INFO      at org.apache.maven.plugin.DefaultMojosExecutionStrategy.execute (DefaultMojosExecutionStrategy.java:39)
2026.03.08 16:13:13 INFO      at org.apache.maven.lifecycle.internal.MojoExecutor.execute (MojoExecutor.java:159)
2026.03.08 16:13:13 INFO      at org.apache.maven.lifecycle.internal.LifecycleModuleBuilder.buildProject (LifecycleModuleBuilder.java:105)
2026.03.08 16:13:13 INFO      at org.apache.maven.lifecycle.internal.LifecycleModuleBuilder.buildProject (LifecycleModuleBuilder.java:73)
2026.03.08 16:13:13 INFO      at org.apache.maven.lifecycle.internal.builder.singlethreaded.SingleThreadedBuilder.build (SingleThreadedBuilder.java:53)
2026.03.08 16:13:13 INFO      at org.apache.maven.lifecycle.internal.LifecycleStarter.execute (LifecycleStarter.java:118)
2026.03.08 16:13:13 INFO      at org.apache.maven.DefaultMaven.doExecute (DefaultMaven.java:261)
2026.03.08 16:13:13 INFO      at org.apache.maven.DefaultMaven.doExecute (DefaultMaven.java:173)
2026.03.08 16:13:13 INFO      at org.apache.maven.DefaultMaven.execute (DefaultMaven.java:101)
2026.03.08 16:13:13 INFO      at org.apache.maven.cli.MavenCli.execute (MavenCli.java:906)
2026.03.08 16:13:13 INFO      at org.apache.maven.cli.MavenCli.doMain (MavenCli.java:283)
2026.03.08 16:13:13 INFO      at org.apache.maven.cli.MavenCli.main (MavenCli.java:206)
2026.03.08 16:13:13 INFO      at jdk.internal.reflect.DirectMethodHandleAccessor.invoke (DirectMethodHandleAccessor.java:103)
2026.03.08 16:13:13 INFO      at java.lang.reflect.Method.invoke (Method.java:580)
2026.03.08 16:13:13 INFO      at org.codehaus.plexus.classworlds.launcher.Launcher.launchEnhanced (Launcher.java:255)
2026.03.08 16:13:13 INFO      at org.codehaus.plexus.classworlds.launcher.Launcher.launch (Launcher.java:201)
2026.03.08 16:13:13 INFO      at org.codehaus.plexus.classworlds.launcher.Launcher.mainWithExitCode (Launcher.java:361)
2026.03.08 16:13:13 INFO      at org.codehaus.plexus.classworlds.launcher.Launcher.main (Launcher.java:314)
2026.03.08 16:13:13 INFO      at jdk.internal.reflect.DirectMethodHandleAccessor.invoke (DirectMethodHandleAccessor.java:103)
2026.03.08 16:13:13 INFO      at java.lang.reflect.Method.invoke (Method.java:580)
2026.03.08 16:13:13 INFO      at org.apache.maven.wrapper.BootstrapMainStarter.start (BootstrapMainStarter.java:52)
2026.03.08 16:13:13 INFO      at org.apache.maven.wrapper.WrapperExecutor.execute (WrapperExecutor.java:161)
2026.03.08 16:13:13 INFO      at org.apache.maven.wrapper.MavenWrapperMain.main (MavenWrapperMain.java:73)
2026.03.08 16:13:13 INFO  [INFO] Resolving artifact: org.apache.hadoop:hadoop-client-api:jar:3.4.0:runtime (sources = false)
2026.03.08 16:13:13 INFO  [INFO] SUCCESS: org.apache.hadoop:hadoop-client-api:jar:3.4.0:runtime (sources = false)
2026.03.08 16:13:13 INFO  [INFO] Resolving artifact: org.apache.hadoop:hadoop-client-api:jar:3.4.0:runtime (sources = true)
2026.03.08 16:13:13 INFO  [INFO] SUCCESS: org.apache.hadoop:hadoop-client-api:jar:3.4.0:runtime (sources = true)
2026.03.08 16:13:13 INFO  [INFO] Resolving artifact: org.xerial.snappy:snappy-java:jar:1.1.10.4:compile (sources = false)
2026.03.08 16:13:13 INFO  [INFO] SUCCESS: org.xerial.snappy:snappy-java:jar:1.1.10.4:compile (sources = false)
2026.03.08 16:13:13 INFO  [INFO] Resolving artifact: org.xerial.snappy:snappy-java:jar:1.1.10.4:compile (sources = true)
2026.03.08 16:13:13 INFO  [INFO] SUCCESS: org.xerial.snappy:snappy-java:jar:1.1.10.4:compile (sources = true)
2026.03.08 16:13:13 INFO  [INFO] Resolving artifact: commons-logging:commons-logging:jar:1.2:runtime (sources = false)
2026.03.08 16:13:13 INFO  [INFO] SUCCESS: commons-logging:commons-logging:jar:1.2:runtime (sources = false)
2026.03.08 16:13:13 INFO  [INFO] Resolving artifact: commons-logging:commons-logging:jar:1.2:runtime (sources = true)
2026.03.08 16:13:13 INFO  [INFO] SUCCESS: commons-logging:commons-logging:jar:1.2:runtime (sources = true)
2026.03.08 16:13:13 INFO  [INFO] Resolving artifact: com.google.code.findbugs:jsr305:jar:3.0.2:runtime (sources = false)
2026.03.08 16:13:13 INFO  [INFO] SUCCESS: com.google.code.findbugs:jsr305:jar:3.0.2:runtime (sources = false)
2026.03.08 16:13:13 INFO  [INFO] Resolving artifact: com.google.code.findbugs:jsr305:jar:3.0.2:runtime (sources = true)
2026.03.08 16:13:13 INFO  [INFO] SUCCESS: com.google.code.findbugs:jsr305:jar:3.0.2:runtime (sources = true)
2026.03.08 16:13:13 INFO  [INFO] Resolving artifact: org.apache.parquet:parquet-hadoop:jar:1.12.3:compile (sources = false)
2026.03.08 16:13:13 INFO  [INFO] SUCCESS: org.apache.parquet:parquet-hadoop:jar:1.12.3:compile (sources = false)
2026.03.08 16:13:13 INFO  [INFO] Resolving artifact: org.apache.parquet:parquet-hadoop:jar:1.12.3:compile (sources = true)
2026.03.08 16:13:13 INFO  [INFO] SUCCESS: org.apache.parquet:parquet-hadoop:jar:1.12.3:compile (sources = true)
2026.03.08 16:13:13 INFO  [INFO] Resolving artifact: org.apache.parquet:parquet-column:jar:1.12.3:compile (sources = false)
2026.03.08 16:13:13 INFO  [INFO] SUCCESS: org.apache.parquet:parquet-column:jar:1.12.3:compile (sources = false)
2026.03.08 16:13:13 INFO  [INFO] Resolving artifact: org.apache.parquet:parquet-column:jar:1.12.3:compile (sources = true)
2026.03.08 16:13:13 INFO  [INFO] SUCCESS: org.apache.parquet:parquet-column:jar:1.12.3:compile (sources = true)
2026.03.08 16:13:13 INFO  [INFO] Resolving artifact: org.apache.parquet:parquet-encoding:jar:1.12.3:compile (sources = false)
2026.03.08 16:13:13 INFO  [INFO] SUCCESS: org.apache.parquet:parquet-encoding:jar:1.12.3:compile (sources = false)
2026.03.08 16:13:13 INFO  [INFO] Resolving artifact: org.apache.parquet:parquet-encoding:jar:1.12.3:compile (sources = true)
2026.03.08 16:13:13 INFO  [INFO] SUCCESS: org.apache.parquet:parquet-encoding:jar:1.12.3:compile (sources = true)
2026.03.08 16:13:13 INFO  [INFO] Resolving artifact: org.apache.parquet:parquet-format-structures:jar:1.12.3:compile (sources = false)
2026.03.08 16:13:13 INFO  [INFO] SUCCESS: org.apache.parquet:parquet-format-structures:jar:1.12.3:compile (sources = false)
2026.03.08 16:13:13 INFO  [INFO] Resolving artifact: org.apache.parquet:parquet-format-structures:jar:1.12.3:compile (sources = true)
2026.03.08 16:13:13 INFO  [INFO] SUCCESS: org.apache.parquet:parquet-format-structures:jar:1.12.3:compile (sources = true)
2026.03.08 16:13:13 INFO  [INFO] Resolving artifact: org.apache.parquet:parquet-common:jar:1.12.3:compile (sources = false)
2026.03.08 16:13:13 INFO  [INFO] SUCCESS: org.apache.parquet:parquet-common:jar:1.12.3:compile (sources = false)
2026.03.08 16:13:13 INFO  [INFO] Resolving artifact: org.apache.parquet:parquet-common:jar:1.12.3:compile (sources = true)
2026.03.08 16:13:13 INFO  [INFO] SUCCESS: org.apache.parquet:parquet-common:jar:1.12.3:compile (sources = true)
2026.03.08 16:13:13 INFO  [INFO] Resolving artifact: org.apache.parquet:parquet-jackson:jar:1.12.3:runtime (sources = false)
2026.03.08 16:13:13 INFO  [INFO] SUCCESS: org.apache.parquet:parquet-jackson:jar:1.12.3:runtime (sources = false)
2026.03.08 16:13:13 INFO  [INFO] Resolving artifact: org.apache.parquet:parquet-jackson:jar:1.12.3:runtime (sources = true)
2026.03.08 16:13:13 INFO  [INFO] SUCCESS: org.apache.parquet:parquet-jackson:jar:1.12.3:runtime (sources = true)
2026.03.08 16:13:13 INFO  [INFO] Resolving artifact: commons-pool:commons-pool:jar:1.6:compile (sources = false)
2026.03.08 16:13:13 INFO  [INFO] SUCCESS: commons-pool:commons-pool:jar:1.6:compile (sources = false)
2026.03.08 16:13:13 INFO  [INFO] Resolving artifact: commons-pool:commons-pool:jar:1.6:compile (sources = true)
2026.03.08 16:13:13 INFO  [INFO] SUCCESS: commons-pool:commons-pool:jar:1.6:compile (sources = true)
2026.03.08 16:13:13 INFO  [INFO] Resolving artifact: com.github.luben:zstd-jni:jar:1.5.0-1:compile (sources = false)
2026.03.08 16:13:13 INFO  [INFO] SUCCESS: com.github.luben:zstd-jni:jar:1.5.0-1:compile (sources = false)
2026.03.08 16:13:13 INFO  [INFO] Resolving artifact: com.github.luben:zstd-jni:jar:1.5.0-1:compile (sources = true)
2026.03.08 16:13:13 INFO  [INFO] SUCCESS: com.github.luben:zstd-jni:jar:1.5.0-1:compile (sources = true)
2026.03.08 16:13:13 INFO  [INFO] Resolving artifact: org.apache.yetus:audience-annotations:jar:0.13.0:compile (sources = false)
2026.03.08 16:13:13 INFO  [INFO] SUCCESS: org.apache.yetus:audience-annotations:jar:0.13.0:compile (sources = false)
2026.03.08 16:13:13 INFO  [INFO] Resolving artifact: org.apache.yetus:audience-annotations:jar:0.13.0:compile (sources = true)
2026.03.08 16:13:13 INFO  [INFO] SUCCESS: org.apache.yetus:audience-annotations:jar:0.13.0:compile (sources = true)
2026.03.08 16:13:13 INFO  [INFO] Resolving artifact: org.apache.iceberg:iceberg-api:jar:1.7.0:compile (sources = false)
2026.03.08 16:13:13 INFO  [INFO] SUCCESS: org.apache.iceberg:iceberg-api:jar:1.7.0:compile (sources = false)
2026.03.08 16:13:13 INFO  [INFO] Resolving artifact: org.apache.iceberg:iceberg-api:jar:1.7.0:compile (sources = true)
2026.03.08 16:13:13 INFO  [INFO] SUCCESS: org.apache.iceberg:iceberg-api:jar:1.7.0:compile (sources = true)
2026.03.08 16:13:13 INFO  [INFO] Resolving artifact: org.apache.iceberg:iceberg-bundled-guava:jar:1.7.0:runtime (sources = false)
2026.03.08 16:13:13 INFO  [INFO] SUCCESS: org.apache.iceberg:iceberg-bundled-guava:jar:1.7.0:runtime (sources = false)
2026.03.08 16:13:13 INFO  [INFO] Resolving artifact: org.apache.iceberg:iceberg-bundled-guava:jar:1.7.0:runtime (sources = true)
2026.03.08 16:13:13 INFO  [INFO] SUCCESS: org.apache.iceberg:iceberg-bundled-guava:jar:1.7.0:runtime (sources = true)
2026.03.08 16:13:13 INFO  [INFO] Resolving artifact: org.apache.iceberg:iceberg-core:jar:1.7.0:compile (sources = false)
2026.03.08 16:13:13 INFO  [INFO] SUCCESS: org.apache.iceberg:iceberg-core:jar:1.7.0:compile (sources = false)
2026.03.08 16:13:13 INFO  [INFO] Resolving artifact: org.apache.iceberg:iceberg-core:jar:1.7.0:compile (sources = true)
2026.03.08 16:13:13 INFO  [INFO] SUCCESS: org.apache.iceberg:iceberg-core:jar:1.7.0:compile (sources = true)
2026.03.08 16:13:13 INFO  [INFO] Resolving artifact: org.apache.avro:avro:jar:1.12.0:compile (sources = false)
2026.03.08 16:13:13 INFO  [INFO] SUCCESS: org.apache.avro:avro:jar:1.12.0:compile (sources = false)
2026.03.08 16:13:13 INFO  [INFO] Resolving artifact: org.apache.avro:avro:jar:1.12.0:compile (sources = true)
2026.03.08 16:13:13 INFO  [INFO] SUCCESS: org.apache.avro:avro:jar:1.12.0:compile (sources = true)
2026.03.08 16:13:13 INFO  [INFO] Resolving artifact: org.apache.commons:commons-compress:jar:1.26.2:compile (sources = false)
2026.03.08 16:13:13 INFO  [INFO] SUCCESS: org.apache.commons:commons-compress:jar:1.26.2:compile (sources = false)
2026.03.08 16:13:13 INFO  [INFO] Resolving artifact: org.apache.commons:commons-compress:jar:1.26.2:compile (sources = true)
2026.03.08 16:13:13 INFO  [INFO] SUCCESS: org.apache.commons:commons-compress:jar:1.26.2:compile (sources = true)
2026.03.08 16:13:13 INFO  [INFO] Resolving artifact: commons-codec:commons-codec:jar:1.17.0:compile (sources = false)
2026.03.08 16:13:13 INFO  [INFO] SUCCESS: commons-codec:commons-codec:jar:1.17.0:compile (sources = false)
2026.03.08 16:13:13 INFO  [INFO] Resolving artifact: commons-codec:commons-codec:jar:1.17.0:compile (sources = true)
2026.03.08 16:13:13 INFO  [INFO] SUCCESS: commons-codec:commons-codec:jar:1.17.0:compile (sources = true)
2026.03.08 16:13:13 INFO  [INFO] Resolving artifact: commons-io:commons-io:jar:2.16.1:compile (sources = false)
2026.03.08 16:13:13 INFO  [INFO] SUCCESS: commons-io:commons-io:jar:2.16.1:compile (sources = false)
2026.03.08 16:13:13 INFO  [INFO] Resolving artifact: commons-io:commons-io:jar:2.16.1:compile (sources = true)
2026.03.08 16:13:13 INFO  [INFO] SUCCESS: commons-io:commons-io:jar:2.16.1:compile (sources = true)
2026.03.08 16:13:13 INFO  [INFO] Resolving artifact: org.apache.commons:commons-lang3:jar:3.14.0:compile (sources = false)
2026.03.08 16:13:13 INFO  [INFO] SUCCESS: org.apache.commons:commons-lang3:jar:3.14.0:compile (sources = false)
2026.03.08 16:13:13 INFO  [INFO] Resolving artifact: org.apache.commons:commons-lang3:jar:3.14.0:compile (sources = true)
2026.03.08 16:13:13 INFO  [INFO] SUCCESS: org.apache.commons:commons-lang3:jar:3.14.0:compile (sources = true)
2026.03.08 16:13:13 INFO  [INFO] Resolving artifact: org.apache.iceberg:iceberg-common:jar:1.7.0:runtime (sources = false)
2026.03.08 16:13:13 INFO  [INFO] SUCCESS: org.apache.iceberg:iceberg-common:jar:1.7.0:runtime (sources = false)
2026.03.08 16:13:13 INFO  [INFO] Resolving artifact: org.apache.iceberg:iceberg-common:jar:1.7.0:runtime (sources = true)
2026.03.08 16:13:13 INFO  [INFO] SUCCESS: org.apache.iceberg:iceberg-common:jar:1.7.0:runtime (sources = true)
2026.03.08 16:13:13 INFO  [INFO] Resolving artifact: io.airlift:aircompressor:jar:0.27:runtime (sources = false)
2026.03.08 16:13:13 INFO  [INFO] SUCCESS: io.airlift:aircompressor:jar:0.27:runtime (sources = false)
2026.03.08 16:13:13 INFO  [INFO] Resolving artifact: io.airlift:aircompressor:jar:0.27:runtime (sources = true)
2026.03.08 16:13:13 INFO  [INFO] SUCCESS: io.airlift:aircompressor:jar:0.27:runtime (sources = true)
2026.03.08 16:13:13 INFO  [INFO] Resolving artifact: org.apache.httpcomponents.client5:httpclient5:jar:5.4:runtime (sources = false)
2026.03.08 16:13:13 INFO  [INFO] SUCCESS: org.apache.httpcomponents.client5:httpclient5:jar:5.4:runtime (sources = false)
2026.03.08 16:13:13 INFO  [INFO] Resolving artifact: org.apache.httpcomponents.client5:httpclient5:jar:5.4:runtime (sources = true)
2026.03.08 16:13:13 INFO  [INFO] SUCCESS: org.apache.httpcomponents.client5:httpclient5:jar:5.4:runtime (sources = true)
2026.03.08 16:13:13 INFO  [INFO] Resolving artifact: org.apache.httpcomponents.core5:httpcore5:jar:5.3:runtime (sources = false)
2026.03.08 16:13:13 INFO  [INFO] SUCCESS: org.apache.httpcomponents.core5:httpcore5:jar:5.3:runtime (sources = false)
2026.03.08 16:13:13 INFO  [INFO] Resolving artifact: org.apache.httpcomponents.core5:httpcore5:jar:5.3:runtime (sources = true)
2026.03.08 16:13:13 INFO  [INFO] SUCCESS: org.apache.httpcomponents.core5:httpcore5:jar:5.3:runtime (sources = true)
2026.03.08 16:13:13 INFO  [INFO] Resolving artifact: org.apache.httpcomponents.core5:httpcore5-h2:jar:5.3:runtime (sources = false)
2026.03.08 16:13:13 INFO  [INFO] SUCCESS: org.apache.httpcomponents.core5:httpcore5-h2:jar:5.3:runtime (sources = false)
2026.03.08 16:13:13 INFO  [INFO] Resolving artifact: org.apache.httpcomponents.core5:httpcore5-h2:jar:5.3:runtime (sources = true)
2026.03.08 16:13:13 INFO  [INFO] SUCCESS: org.apache.httpcomponents.core5:httpcore5-h2:jar:5.3:runtime (sources = true)
2026.03.08 16:13:13 INFO  [INFO] Resolving artifact: com.github.ben-manes.caffeine:caffeine:jar:2.9.3:runtime (sources = false)
2026.03.08 16:13:13 INFO  [INFO] SUCCESS: com.github.ben-manes.caffeine:caffeine:jar:2.9.3:runtime (sources = false)
2026.03.08 16:13:13 INFO  [INFO] Resolving artifact: com.github.ben-manes.caffeine:caffeine:jar:2.9.3:runtime (sources = true)
2026.03.08 16:13:13 INFO  [INFO] SUCCESS: com.github.ben-manes.caffeine:caffeine:jar:2.9.3:runtime (sources = true)
2026.03.08 16:13:13 INFO  [INFO] Resolving artifact: com.google.errorprone:error_prone_annotations:jar:2.10.0:runtime (sources = false)
2026.03.08 16:13:13 INFO  [INFO] SUCCESS: com.google.errorprone:error_prone_annotations:jar:2.10.0:runtime (sources = false)
2026.03.08 16:13:13 INFO  [INFO] Resolving artifact: com.google.errorprone:error_prone_annotations:jar:2.10.0:runtime (sources = true)
2026.03.08 16:13:13 INFO  [INFO] SUCCESS: com.google.errorprone:error_prone_annotations:jar:2.10.0:runtime (sources = true)
2026.03.08 16:13:13 INFO  [INFO] Resolving artifact: dev.failsafe:failsafe:jar:3.3.2:runtime (sources = false)
2026.03.08 16:13:13 INFO  [INFO] SUCCESS: dev.failsafe:failsafe:jar:3.3.2:runtime (sources = false)
2026.03.08 16:13:13 INFO  [INFO] Resolving artifact: dev.failsafe:failsafe:jar:3.3.2:runtime (sources = true)
2026.03.08 16:13:13 INFO  [INFO] SUCCESS: dev.failsafe:failsafe:jar:3.3.2:runtime (sources = true)
2026.03.08 16:13:13 INFO  [INFO] Resolving artifact: org.apache.pekko:pekko-connectors-kafka_3:jar:1.1.0:compile (sources = false)
2026.03.08 16:13:13 INFO  [INFO] SUCCESS: org.apache.pekko:pekko-connectors-kafka_3:jar:1.1.0:compile (sources = false)
2026.03.08 16:13:13 INFO  [INFO] Resolving artifact: org.apache.pekko:pekko-connectors-kafka_3:jar:1.1.0:compile (sources = true)
2026.03.08 16:13:13 INFO  [INFO] SUCCESS: org.apache.pekko:pekko-connectors-kafka_3:jar:1.1.0:compile (sources = true)
2026.03.08 16:13:13 INFO  [INFO] Resolving artifact: org.apache.kafka:kafka-clients:jar:3.8.0:compile (sources = false)
2026.03.08 16:13:13 INFO  [INFO] SUCCESS: org.apache.kafka:kafka-clients:jar:3.8.0:compile (sources = false)
2026.03.08 16:13:13 INFO  [INFO] Resolving artifact: org.apache.kafka:kafka-clients:jar:3.8.0:compile (sources = true)
2026.03.08 16:13:13 INFO  [INFO] SUCCESS: org.apache.kafka:kafka-clients:jar:3.8.0:compile (sources = true)
2026.03.08 16:13:13 INFO  [INFO] Resolving artifact: org.lz4:lz4-java:jar:1.8.0:runtime (sources = false)
2026.03.08 16:13:13 INFO  [INFO] SUCCESS: org.lz4:lz4-java:jar:1.8.0:runtime (sources = false)
2026.03.08 16:13:13 INFO  [INFO] Resolving artifact: org.lz4:lz4-java:jar:1.8.0:runtime (sources = true)
2026.03.08 16:13:13 INFO  [INFO] SUCCESS: org.lz4:lz4-java:jar:1.8.0:runtime (sources = true)
2026.03.08 16:13:13 INFO  [INFO] Resolving artifact: org.apache.pekko:pekko-testkit_3:jar:1.1.2:test (sources = false)
2026.03.08 16:13:13 INFO  [INFO] SUCCESS: org.apache.pekko:pekko-testkit_3:jar:1.1.2:test (sources = false)
2026.03.08 16:13:13 INFO  [INFO] Resolving artifact: org.apache.pekko:pekko-testkit_3:jar:1.1.2:test (sources = true)
2026.03.08 16:13:13 INFO  [INFO] SUCCESS: org.apache.pekko:pekko-testkit_3:jar:1.1.2:test (sources = true)
2026.03.08 16:13:13 INFO  [INFO] Resolving artifact: org.apache.pekko:pekko-stream-testkit_3:jar:1.1.2:test (sources = false)
2026.03.08 16:13:13 INFO  [INFO] SUCCESS: org.apache.pekko:pekko-stream-testkit_3:jar:1.1.2:test (sources = false)
2026.03.08 16:13:13 INFO  [INFO] Resolving artifact: org.apache.pekko:pekko-stream-testkit_3:jar:1.1.2:test (sources = true)
2026.03.08 16:13:13 INFO  [INFO] SUCCESS: org.apache.pekko:pekko-stream-testkit_3:jar:1.1.2:test (sources = true)
2026.03.08 16:13:13 INFO  [INFO] Resolving artifact: org.apache.pekko:pekko-http-testkit_3:jar:1.0.1:test (sources = false)
2026.03.08 16:13:13 INFO  [INFO] SUCCESS: org.apache.pekko:pekko-http-testkit_3:jar:1.0.1:test (sources = false)
2026.03.08 16:13:13 INFO  [INFO] Resolving artifact: org.apache.pekko:pekko-http-testkit_3:jar:1.0.1:test (sources = true)
2026.03.08 16:13:13 INFO  [INFO] SUCCESS: org.apache.pekko:pekko-http-testkit_3:jar:1.0.1:test (sources = true)
2026.03.08 16:13:13 INFO  [INFO] Resolving artifact: org.junit.jupiter:junit-jupiter:jar:5.10.2:test (sources = false)
2026.03.08 16:13:13 INFO  [INFO] SUCCESS: org.junit.jupiter:junit-jupiter:jar:5.10.2:test (sources = false)
2026.03.08 16:13:13 INFO  [INFO] Resolving artifact: org.junit.jupiter:junit-jupiter:jar:5.10.2:test (sources = true)
2026.03.08 16:13:13 INFO  [INFO] SUCCESS: org.junit.jupiter:junit-jupiter:jar:5.10.2:test (sources = true)
2026.03.08 16:13:13 INFO  [INFO] Resolving artifact: org.junit.jupiter:junit-jupiter-api:jar:5.10.2:test (sources = false)
2026.03.08 16:13:13 INFO  [INFO] SUCCESS: org.junit.jupiter:junit-jupiter-api:jar:5.10.2:test (sources = false)
2026.03.08 16:13:13 INFO  [INFO] Resolving artifact: org.junit.jupiter:junit-jupiter-api:jar:5.10.2:test (sources = true)
2026.03.08 16:13:13 INFO  [INFO] SUCCESS: org.junit.jupiter:junit-jupiter-api:jar:5.10.2:test (sources = true)
2026.03.08 16:13:13 INFO  [INFO] Resolving artifact: org.opentest4j:opentest4j:jar:1.3.0:test (sources = false)
2026.03.08 16:13:13 INFO  [INFO] SUCCESS: org.opentest4j:opentest4j:jar:1.3.0:test (sources = false)
2026.03.08 16:13:13 INFO  [INFO] Resolving artifact: org.opentest4j:opentest4j:jar:1.3.0:test (sources = true)
2026.03.08 16:13:13 INFO  [INFO] SUCCESS: org.opentest4j:opentest4j:jar:1.3.0:test (sources = true)
2026.03.08 16:13:13 INFO  [INFO] Resolving artifact: org.junit.platform:junit-platform-commons:jar:1.10.2:test (sources = false)
2026.03.08 16:13:13 INFO  [INFO] SUCCESS: org.junit.platform:junit-platform-commons:jar:1.10.2:test (sources = false)
2026.03.08 16:13:13 INFO  [INFO] Resolving artifact: org.junit.platform:junit-platform-commons:jar:1.10.2:test (sources = true)
2026.03.08 16:13:13 INFO  [INFO] SUCCESS: org.junit.platform:junit-platform-commons:jar:1.10.2:test (sources = true)
2026.03.08 16:13:13 INFO  [INFO] Resolving artifact: org.apiguardian:apiguardian-api:jar:1.1.2:test (sources = false)
2026.03.08 16:13:13 INFO  [INFO] SUCCESS: org.apiguardian:apiguardian-api:jar:1.1.2:test (sources = false)
2026.03.08 16:13:13 INFO  [INFO] Resolving artifact: org.apiguardian:apiguardian-api:jar:1.1.2:test (sources = true)
2026.03.08 16:13:13 INFO  [INFO] SUCCESS: org.apiguardian:apiguardian-api:jar:1.1.2:test (sources = true)
2026.03.08 16:13:13 INFO  [INFO] Resolving artifact: org.junit.jupiter:junit-jupiter-params:jar:5.10.2:test (sources = false)
2026.03.08 16:13:13 INFO  [INFO] SUCCESS: org.junit.jupiter:junit-jupiter-params:jar:5.10.2:test (sources = false)
2026.03.08 16:13:13 INFO  [INFO] Resolving artifact: org.junit.jupiter:junit-jupiter-params:jar:5.10.2:test (sources = true)
2026.03.08 16:13:13 INFO  [INFO] SUCCESS: org.junit.jupiter:junit-jupiter-params:jar:5.10.2:test (sources = true)
2026.03.08 16:13:13 INFO  [INFO] Resolving artifact: org.junit.jupiter:junit-jupiter-engine:jar:5.10.2:test (sources = false)
2026.03.08 16:13:13 INFO  [INFO] SUCCESS: org.junit.jupiter:junit-jupiter-engine:jar:5.10.2:test (sources = false)
2026.03.08 16:13:13 INFO  [INFO] Resolving artifact: org.junit.jupiter:junit-jupiter-engine:jar:5.10.2:test (sources = true)
2026.03.08 16:13:13 INFO  [INFO] SUCCESS: org.junit.jupiter:junit-jupiter-engine:jar:5.10.2:test (sources = true)
2026.03.08 16:13:13 INFO  [INFO] Resolving artifact: org.junit.platform:junit-platform-engine:jar:1.10.2:test (sources = false)
2026.03.08 16:13:13 INFO  [INFO] SUCCESS: org.junit.platform:junit-platform-engine:jar:1.10.2:test (sources = false)
2026.03.08 16:13:13 INFO  [INFO] Resolving artifact: org.junit.platform:junit-platform-engine:jar:1.10.2:test (sources = true)
2026.03.08 16:13:13 INFO  [INFO] SUCCESS: org.junit.platform:junit-platform-engine:jar:1.10.2:test (sources = true)
2026.03.08 16:13:13 INFO  [INFO] Resolving artifact: org.mockito:mockito-core:jar:5.14.2:test (sources = false)
2026.03.08 16:13:13 INFO  [INFO] SUCCESS: org.mockito:mockito-core:jar:5.14.2:test (sources = false)
2026.03.08 16:13:13 INFO  [INFO] Resolving artifact: org.mockito:mockito-core:jar:5.14.2:test (sources = true)
2026.03.08 16:13:13 INFO  [INFO] SUCCESS: org.mockito:mockito-core:jar:5.14.2:test (sources = true)
2026.03.08 16:13:13 INFO  [INFO] Resolving artifact: net.bytebuddy:byte-buddy:jar:1.15.4:test (sources = false)
2026.03.08 16:13:13 INFO  [INFO] SUCCESS: net.bytebuddy:byte-buddy:jar:1.15.4:test (sources = false)
2026.03.08 16:13:13 INFO  [INFO] Resolving artifact: net.bytebuddy:byte-buddy:jar:1.15.4:test (sources = true)
2026.03.08 16:13:13 INFO  [INFO] SUCCESS: net.bytebuddy:byte-buddy:jar:1.15.4:test (sources = true)
2026.03.08 16:13:13 INFO  [INFO] Resolving artifact: net.bytebuddy:byte-buddy-agent:jar:1.15.4:test (sources = false)
2026.03.08 16:13:13 INFO  [INFO] SUCCESS: net.bytebuddy:byte-buddy-agent:jar:1.15.4:test (sources = false)
2026.03.08 16:13:13 INFO  [INFO] Resolving artifact: net.bytebuddy:byte-buddy-agent:jar:1.15.4:test (sources = true)
2026.03.08 16:13:13 INFO  [INFO] SUCCESS: net.bytebuddy:byte-buddy-agent:jar:1.15.4:test (sources = true)
2026.03.08 16:13:13 INFO  [INFO] Resolving artifact: org.objenesis:objenesis:jar:3.3:test (sources = false)
2026.03.08 16:13:13 INFO  [INFO] SUCCESS: org.objenesis:objenesis:jar:3.3:test (sources = false)
2026.03.08 16:13:13 INFO  [INFO] Resolving artifact: org.objenesis:objenesis:jar:3.3:test (sources = true)
2026.03.08 16:13:13 INFO  [INFO] SUCCESS: org.objenesis:objenesis:jar:3.3:test (sources = true)
2026.03.08 16:13:13 INFO  [INFO] Resolving artifact: org.mockito:mockito-junit-jupiter:jar:5.14.2:test (sources = false)
2026.03.08 16:13:13 INFO  [INFO] SUCCESS: org.mockito:mockito-junit-jupiter:jar:5.14.2:test (sources = false)
2026.03.08 16:13:13 INFO  [INFO] Resolving artifact: org.mockito:mockito-junit-jupiter:jar:5.14.2:test (sources = true)
2026.03.08 16:13:13 INFO  [INFO] SUCCESS: org.mockito:mockito-junit-jupiter:jar:5.14.2:test (sources = true)
2026.03.08 16:13:13 INFO  [INFO] Generated .bloop/replay-test.json
2026.03.08 16:13:13 INFO  [INFO] ------------------------------------------------------------------------
2026.03.08 16:13:13 INFO  [INFO] BUILD SUCCESS
2026.03.08 16:13:13 INFO  [INFO] ------------------------------------------------------------------------
2026.03.08 16:13:13 INFO  [INFO] Total time:  1.216 s
2026.03.08 16:13:13 INFO  [INFO] Finished at: 2026-03-08T16:13:13-04:00
2026.03.08 16:13:13 INFO  [INFO] ------------------------------------------------------------------------
2026.03.08 16:13:13 INFO  time: ran 'mvn bloopInstall' in 2.33s
2026.03.08 16:13:13 INFO  Disconnecting from Bloop session...
2026.03.08 16:13:13 INFO  Shut down connection with build server.
2026.03.08 16:13:13 INFO  Attempting to connect to the build server...
2026.03.08 16:13:13 INFO  Found a Bloop server running
2026.03.08 16:13:13 INFO  tracing is disabled for protocol BSP, to enable tracing of incoming and outgoing JSON messages create an empty file at /Users/vaskoyordanov/DRSystemActors/.metals/bsp.trace.json or /Users/vaskoyordanov/Library/Caches/org.scalameta.metals/bsp.trace.json
2026.03.08 16:13:13 INFO  time: Connected to build server in 0.12s
2026.03.08 16:13:13 INFO  Connected to Build server: Bloop v2.0.19
2026.03.08 16:13:15 INFO  time: indexed workspace in 1.71s
2026.03.08 16:13:15 INFO  compiling replay (1 java source)
2026.03.08 16:13:16 WARN  Unexpected javac output: warning: [options] location of system modules is not set in conjunction with -source 17
  not setting the location of system modules may lead to class files that cannot run on JDK 17
    --release 17 is recommended instead of -source 17 -target 17 because it sets the location of system modules automatically
1 warning.
2026.03.08 16:13:16 WARN  javac: [options] location of system modules is not set in conjunction with -source 17
2026.03.08 16:13:16 WARN  Invalid text document uri received from build server: file:///Users/vaskoyordanov/Library/Caches/ScalaCli/bloop/warning:%5Boptions%5D%20location%20of%20system%20modules%20is%20not%20set%20in%20conjunction%20with%20-source%2017%0A%20%20not%20setting%20the%20location%20of%20system%20modules%20may%20lead%20to%20class%20files%20that%20cannot%20run%20on%20JDK%2017%0A%20%20%20%20--release%2017%20is%20recommended%20instead%20of%20-source%2017%20-target%2017%20because%20it%20sets%20the%20location%20of%20system%20modules%20automatically%0A/Users/vaskoyordanov/DRSystemActors/src/main/java/com/example/replay/util/JsonUtil.java
2026.03.08 16:13:16 INFO  time: compiled replay in 1.16s
2026.03.08 16:13:20 INFO  compiling replay-test (1 java source)
2026.03.08 16:13:21 WARN  Unexpected javac output: warning: [options] location of system modules is not set in conjunction with -source 17
  not setting the location of system modules may lead to class files that cannot run on JDK 17
    --release 17 is recommended instead of -source 17 -target 17 because it sets the location of system modules automatically
1 warning.
2026.03.08 16:13:21 WARN  javac: [options] location of system modules is not set in conjunction with -source 17
2026.03.08 16:13:21 INFO  time: compiled replay-test in 1.37s
2026.03.08 16:13:23 INFO  compiling replay-test (1 java source)
2026.03.08 16:13:25 WARN  Unexpected javac output: warning: [options] location of system modules is not set in conjunction with -source 17
  not setting the location of system modules may lead to class files that cannot run on JDK 17
    --release 17 is recommended instead of -source 17 -target 17 because it sets the location of system modules automatically
1 warning.
2026.03.08 16:13:25 WARN  javac: [options] location of system modules is not set in conjunction with -source 17
2026.03.08 16:13:25 INFO  time: compiled replay-test in 1.21s
2026.03.08 16:13:25 INFO  compiling replay-test (1 java source)
2026.03.08 16:13:26 WARN  Invalid text document uri received from build server: file:///Users/vaskoyordanov/Library/Caches/ScalaCli/bloop/warning:%5Boptions%5D%20location%20of%20system%20modules%20is%20not%20set%20in%20conjunction%20with%20-source%2017%0A%20%20not%20setting%20the%20location%20of%20system%20modules%20may%20lead%20to%20class%20files%20that%20cannot%20run%20on%20JDK%2017%0A%20%20%20%20--release%2017%20is%20recommended%20instead%20of%20-source%2017%20-target%2017%20because%20it%20sets%20the%20location%20of%20system%20modules%20automatically%0A/Users/vaskoyordanov/DRSystemActors/src/test/java/com/example/replay/util/JsonUtilTest.java
2026.03.08 16:13:26 WARN  javac exited with exit code 1
2026.03.08 16:13:26 INFO  time: compiled replay-test in 0.89s
2026.03.08 16:17:46 INFO  compiling replay (2 java sources)
2026.03.08 16:17:46 WARN  Unexpected javac output: warning: [options] location of system modules is not set in conjunction with -source 17
  not setting the location of system modules may lead to class files that cannot run on JDK 17
    --release 17 is recommended instead of -source 17 -target 17 because it sets the location of system modules automatically
1 warning.
2026.03.08 16:17:46 WARN  javac: [options] location of system modules is not set in conjunction with -source 17
2026.03.08 16:17:46 INFO  time: compiled replay in 0.87s
2026.03.08 16:17:49 INFO  compiling replay (1 java source)
2026.03.08 16:17:49 WARN  Unexpected javac output: warning: [options] location of system modules is not set in conjunction with -source 17
  not setting the location of system modules may lead to class files that cannot run on JDK 17
    --release 17 is recommended instead of -source 17 -target 17 because it sets the location of system modules automatically
1 warning.
2026.03.08 16:17:49 WARN  javac: [options] location of system modules is not set in conjunction with -source 17
2026.03.08 16:17:49 INFO  time: compiled replay in 0.76s
2026.03.08 16:17:51 INFO  compiling replay (1 java source)
2026.03.08 16:17:51 WARN  Unexpected javac output: warning: [options] location of system modules is not set in conjunction with -source 17
  not setting the location of system modules may lead to class files that cannot run on JDK 17
    --release 17 is recommended instead of -source 17 -target 17 because it sets the location of system modules automatically
1 warning.
2026.03.08 16:17:51 WARN  javac: [options] location of system modules is not set in conjunction with -source 17
2026.03.08 16:17:51 INFO  time: compiled replay in 0.71s
2026.03.08 16:18:00 INFO  compiling replay (1 java source)
2026.03.08 16:18:00 WARN  Unexpected javac output: warning: [options] location of system modules is not set in conjunction with -source 17
  not setting the location of system modules may lead to class files that cannot run on JDK 17
    --release 17 is recommended instead of -source 17 -target 17 because it sets the location of system modules automatically
1 warning.
2026.03.08 16:18:00 WARN  javac: [options] location of system modules is not set in conjunction with -source 17
2026.03.08 16:18:00 INFO  time: compiled replay in 0.81s
2026.03.08 16:18:07 INFO  compiling replay (1 java source)
2026.03.08 16:18:08 WARN  Unexpected javac output: warning: [options] location of system modules is not set in conjunction with -source 17
  not setting the location of system modules may lead to class files that cannot run on JDK 17
    --release 17 is recommended instead of -source 17 -target 17 because it sets the location of system modules automatically
1 warning.
2026.03.08 16:18:08 WARN  javac: [options] location of system modules is not set in conjunction with -source 17
2026.03.08 16:18:08 INFO  time: compiled replay in 1.08s
2026.03.08 16:18:28 INFO  compiling replay (1 java source)
2026.03.08 16:18:28 WARN  Invalid text document uri received from build server: file:///Users/vaskoyordanov/Library/Caches/ScalaCli/bloop/warning:%5Boptions%5D%20location%20of%20system%20modules%20is%20not%20set%20in%20conjunction%20with%20-source%2017%0A%20%20not%20setting%20the%20location%20of%20system%20modules%20may%20lead%20to%20class%20files%20that%20cannot%20run%20on%20JDK%2017%0A%20%20%20%20--release%2017%20is%20recommended%20instead%20of%20-source%2017%20-target%2017%20because%20it%20sets%20the%20location%20of%20system%20modules%20automatically%0A/Users/vaskoyordanov/DRSystemActors/src/main/java/com/example/replay/rest/MiniHttpServer.java
2026.03.08 16:18:28 WARN  javac exited with exit code 1
2026.03.08 16:18:28 INFO  time: compiled replay in 0.89s
2026.03.08 16:18:41 INFO  compiling replay (1 java source)
2026.03.08 16:18:42 WARN  Invalid text document uri received from build server: file:///Users/vaskoyordanov/Library/Caches/ScalaCli/bloop/warning:%5Boptions%5D%20location%20of%20system%20modules%20is%20not%20set%20in%20conjunction%20with%20-source%2017%0A%20%20not%20setting%20the%20location%20of%20system%20modules%20may%20lead%20to%20class%20files%20that%20cannot%20run%20on%20JDK%2017%0A%20%20%20%20--release%2017%20is%20recommended%20instead%20of%20-source%2017%20-target%2017%20because%20it%20sets%20the%20location%20of%20system%20modules%20automatically%0A/Users/vaskoyordanov/DRSystemActors/src/main/java/com/example/replay/rest/MiniHttpServer.java
2026.03.08 16:18:42 WARN  javac exited with exit code 1
2026.03.08 16:18:42 WARN  Invalid text document uri received from build server: file:///Users/vaskoyordanov/Library/Caches/ScalaCli/bloop/warning:%5Boptions%5D%20location%20of%20system%20modules%20is%20not%20set%20in%20conjunction%20with%20-source%2017%0A%20%20not%20setting%20the%20location%20of%20system%20modules%20may%20lead%20to%20class%20files%20that%20cannot%20run%20on%20JDK%2017%0A%20%20%20%20--release%2017%20is%20recommended%20instead%20of%20-source%2017%20-target%2017%20because%20it%20sets%20the%20location%20of%20system%20modules%20automatically%0A/Users/vaskoyordanov/DRSystemActors/src/main/java/com/example/replay/rest/MiniHttpServer.java
2026.03.08 16:18:42 INFO  time: compiled replay in 1.07s
